,0,1,2,3,4,5,6,7,8,9,10,11,12,13,14,15,16,17,18,19,20,21,22,23,24,25,26,27,28,29,30,31,32,33,34,35,36,37,38,39,40,41,42,43,44,45,46,47,48,49,50,51,52,53,54,55,56,57,58,59,60,61,62,63,64,65,66,67,68,69,70,71,72,73
0,1707,1699,238,398,5161,13198,0,1822,494,1437,53,578,0,975,3573,0,7213,1282,217,5729,1,0,1860,1455,3075,400,1406,274,0,0,0,1038,994,3211,2704,4,1482,998,1508,168,0,870,651,3087,0,824,68,1440,0,1,46384,3622,534,166,792,1598,0,2826,1245,1108,1050,209043,807,343,4650,3328,23,0,74,3718,7,135,2507,0
1,2,335,1,0,1697,15276,0,1284,3,523,77,23,0,488,1386,0,4932,1343,0,9426,0,0,5107,2794,11183,2445,8341,291,0,0,1,38,272,2835,495,1,3086,1362,825,88,2,2305,0,122,0,87,0,14,0,0,30908,850,555,0,913,83,0,3676,11,3065,502,518128,2693,244,5812,2698,19,0,205,2312,72,0,1649,1228
2,1019,656,829,1748,6988,12974,0,1582,1325,838,496,320,0,2523,2744,0,5348,2164,192,4762,0,1,1184,738,1919,101,1507,218,0,0,0,348,1558,1364,846,310,621,414,2901,1958,12,627,318,755,0,662,229,1778,0,0,17104,7306,871,119,1535,1098,0,3674,1216,2268,753,106329,507,364,2361,962,0,0,0,2131,2,396,1384,0
3,2414,1672,994,1933,16768,48044,0,4044,3389,1772,921,826,0,4085,8236,0,32534,11184,324,15783,0,0,1959,838,2004,506,2092,1654,0,0,173,1734,5754,5454,6918,61,4980,3747,8579,4254,1,2519,809,2812,0,998,60,3699,0,0,9106,12370,9976,160,3281,3789,0,5461,3201,5265,4851,178621,1290,1635,7546,4990,575,0,1129,12465,40,95,4958,0
4,2948,732,759,3148,25678,35769,0,4191,1556,3424,210,903,0,4473,6780,0,22433,11910,190,16515,0,440,3742,1255,4520,742,2862,814,0,0,0,2010,7061,2797,5194,408,1951,1436,4935,3896,1,999,969,2730,0,2029,0,2204,0,1,9739,11366,6321,146,4176,3695,0,6329,5978,4130,3726,161421,2100,2885,7918,3697,1263,0,3285,20084,41,1050,3757,509
5,47,1975,2086,2125,18316,32761,0,6625,5598,2734,552,1124,0,2665,3081,0,21170,23390,0,13849,0,2,9776,4716,9512,3391,11770,1710,0,0,1,890,6759,6,10653,2764,1278,9127,248,2850,1,951,32,913,0,894,0,798,0,0,726,5560,9885,0,1756,908,0,2857,2225,4827,4139,461455,4656,13,17062,791,0,0,2,4163,0,0,5747,0
6,1991,430,224,1034,8630,12525,0,2711,1627,1236,204,306,1,228,4719,0,6081,2126,62,4378,0,52,1173,1060,2386,435,1344,627,0,0,0,501,1741,1388,1204,496,542,634,5588,1127,204,192,217,3638,1,302,439,1228,0,0,31734,6673,388,183,1479,1802,0,3491,2641,1283,1012,90145,1120,488,5228,1343,199,0,2,2603,3,0,2052,0
7,264,94,95,111,1755,4150,0,168,139,48,60,190,0,341,531,0,1808,1058,48,1962,0,2,429,539,824,218,430,658,0,0,1,197,346,278,384,44,104,422,174,269,2,114,110,121,0,260,0,396,0,0,6,490,1121,0,707,155,39,292,497,272,175,1609,59,331,330,391,61,0,507,560,9,45,72,0
8,2498,2320,26,1700,7834,24850,0,4305,2,2761,480,454,0,1644,4822,0,12038,6627,0,5971,0,0,1454,1331,3205,1476,2437,371,0,0,3,1968,2135,1860,2266,210,1505,916,7211,2203,3,250,1028,1995,0,187,0,855,0,0,21650,4591,839,94,2528,820,1,3403,2249,1310,3625,23725,921,1388,4456,4501,378,0,0,4334,2,1,2455,0
9,1049,1431,470,784,9626,13920,0,1923,1451,1242,256,743,0,1119,5530,0,9781,3044,494,6710,1,1,789,977,2433,826,1414,2,0,0,16,924,1199,455,5076,682,2103,1149,800,1671,1,418,1391,428,0,808,18,1494,1,2,139,2211,1472,2,1820,1541,0,1120,1920,1436,1780,113434,235,682,8759,1558,219,0,206,5046,68,0,1853,146
10,34,187,163,0,1097,4395,0,742,5,678,118,10,0,187,625,0,1318,200,0,1549,0,1,994,725,945,366,819,111,0,0,2,209,321,164,354,0,225,10,269,479,1,53,127,132,0,697,0,89,0,0,11926,731,38,2,283,3,0,1008,433,399,362,23178,188,169,1269,392,0,0,0,688,0,0,218,0
11,823,602,599,486,15010,22768,0,1632,2133,611,205,593,0,457,3128,0,6782,2018,0,6329,0,0,3545,2791,5884,2013,2670,815,0,0,0,1928,1552,406,1276,358,597,1260,1190,1474,1,766,343,275,0,1090,0,1875,0,0,3,1178,3450,308,1121,795,0,1793,2237,408,629,117407,29,83,4455,1141,731,0,661,5684,7,0,2056,0
12,5011,3251,2849,3815,12940,29550,0,5257,2177,2654,358,768,0,2835,7348,0,20006,5307,0,11018,0,404,2248,1474,3777,505,2662,718,0,0,0,1835,3722,5770,5538,381,2409,731,7711,1762,327,1037,1487,3758,0,2089,1,2171,0,1,22747,11914,8625,0,3852,4144,0,7282,2092,4295,3850,174436,3054,1686,6057,2653,91,0,475,5342,114,252,2238,0
13,458,315,6,2,2797,8710,0,633,354,448,89,197,0,289,1175,0,1292,695,0,1387,0,0,2172,1640,2844,372,1606,94,0,0,1,168,403,246,1149,31,831,221,238,316,19,151,145,192,0,0,321,340,0,1,619,371,694,19,681,196,0,747,525,597,137,69487,37,2,5601,1206,0,0,1,2031,1,1,392,0
14,194,3668,422,632,2011,8566,0,763,1320,568,268,294,0,1901,2323,0,4235,1757,5,4171,0,86,1106,563,932,548,605,965,0,0,0,4808,1448,395,2448,261,498,1036,1450,1280,117,975,446,249,0,1684,0,872,1,0,8639,3703,761,234,1804,687,0,2487,593,1081,843,112111,445,1850,1355,427,152,0,152,2233,347,34,949,0
15,0,101,0,1,5,902,0,13,6,0,3,143,0,4,42,0,713,43,4,137,0,9,679,931,3558,426,2492,5,0,0,2022,40,19,5,1,258,14,49,124,307,0,828,24,0,0,535,284,10,0,0,2413,0,5,0,0,70,1,5,68,56,253,178776,0,11,15,1,15,0,30,82,48,64,0,0
16,8390,6708,1424,3898,28896,32457,0,5892,4509,3461,316,1630,0,1478,15757,0,13618,20660,479,13786,0,0,5468,1266,9180,3325,3063,1588,0,0,1,1514,8134,14,17540,2688,3958,4455,2915,4802,0,2377,1378,1469,0,2003,1,4342,1,0,288,2007,14127,0,1415,1990,0,2387,3367,3789,1435,664401,500,1119,20057,4615,0,150,0,23003,1,0,6975,0
17,0,337,2,288,837,3426,0,81,89,67,27,136,0,443,1263,0,702,969,148,2526,0,0,1485,578,1043,495,701,227,0,0,74,336,486,363,73,113,79,473,196,477,0,334,169,74,48,686,0,175,1,1,5966,562,244,1,133,406,17,771,377,549,22,39320,10,15,408,704,101,0,270,434,94,0,287,0
18,223,453,4,8,3149,18626,0,1544,831,242,55,0,0,2483,2313,0,4549,1055,0,6477,0,0,6849,2980,6164,2229,4929,109,0,0,1,699,1402,1862,1320,135,224,1279,1413,553,2,46,291,570,0,968,0,57,1,1,21800,3174,1772,0,2081,1511,230,5220,730,2535,108,111731,1321,746,1884,2361,0,0,723,4404,85,151,1749,0
19,2810,1352,1333,3505,25221,31210,0,6671,2908,3141,840,899,0,2941,10820,0,30984,12057,122,20002,0,0,2490,1567,1972,140,1866,1444,1,0,0,1473,3632,3746,4143,726,1157,2687,12749,6087,2,2283,3426,8674,0,2424,0,3961,0,0,21077,22859,3054,179,8042,6988,0,5547,4110,4609,3518,155354,3210,2091,5598,2982,1507,0,86,5910,94,691,6131,0
20,17,9893,3248,1328,2884,36726,0,3180,1272,919,1346,951,1,3310,15282,0,3515,6842,951,15515,11,1218,3863,1118,4675,1236,3390,10279,0,0,33202,2943,2598,730,562,2444,917,1621,2741,1758,577,4598,2781,0,0,2226,7425,2333,0,1,57480,16734,2275,1,4147,488,625,3519,1885,1816,1824,504288,692,2,4708,4050,0,0,1037,7494,8785,1402,1054,818
21,721,627,1597,1214,7523,45455,0,4518,1342,8334,2773,554,0,5049,7185,0,20929,10758,318,8980,0,0,4725,1578,5468,1448,2361,774,0,0,1,1225,2250,2691,7648,651,5088,4614,11448,3218,0,931,674,3240,0,1602,1,577,1,0,26670,10007,5789,0,8823,7470,0,8043,1973,3571,4044,598252,2458,1947,13806,8648,0,283,1,17796,0,0,4433,1087
22,4,781,227,816,11263,7972,0,389,335,6,12,571,0,109,2163,0,7481,3061,0,3065,0,0,2716,1008,2817,113,3690,716,0,0,0,489,935,318,717,141,40,1061,16,78,0,776,0,0,0,531,0,952,0,0,5,2305,1901,263,839,56,0,493,463,151,70,15045,299,601,2338,589,0,0,1150,3916,1,0,2407,0
23,3149,2511,138,3471,28038,47271,0,6062,890,3153,677,1045,0,2555,8495,0,32547,9721,383,12312,0,1,4134,2011,6286,907,4348,610,0,0,537,1616,8121,6965,3720,642,3121,719,9060,6135,2,1,2260,6941,0,1120,0,4576,1,0,29031,24975,4389,283,4339,6925,0,9134,3968,10006,396,134806,4131,1942,12730,3875,1320,0,270,12143,80,63,6690,0
24,2239,1410,281,3949,22546,27035,0,3810,2071,1794,356,1044,0,2911,7430,0,20104,2421,865,6695,0,0,3630,821,4058,790,4137,1837,0,0,5,1341,3089,2818,5461,373,1279,1457,8610,3530,0,787,1201,3615,0,880,451,4931,1,0,44555,15088,1849,949,1495,4574,0,6942,4432,3915,2577,329234,2087,283,7827,3647,1337,0,1,4166,72,11,1230,0
25,6439,3961,1,2064,16075,32655,0,944,3544,0,1,2414,0,1,9781,0,15999,15122,0,14106,0,0,12950,3419,13923,4172,6044,445,0,0,2,2110,1382,10,7481,2816,85,2267,2496,5797,0,20,2330,0,0,1082,0,3396,0,0,283,2085,6515,0,1447,0,0,21,3025,4134,6584,553200,116,2383,21711,4613,0,0,661,24187,61,0,4208,498
26,159,40,1,222,1004,7395,0,483,147,5,102,224,0,120,628,0,2763,1536,0,1541,0,2,1211,1088,1768,290,917,103,0,0,1,366,325,339,597,10,440,514,380,330,5,16,270,52,1,292,0,121,0,1,4,597,98,1,44,242,0,596,519,564,136,19995,13,142,480,861,0,0,156,375,20,0,567,1
27,2899,1781,424,2830,18652,29040,0,3797,2278,5234,623,414,0,2271,5435,0,27589,8108,0,12089,0,113,2752,924,3666,211,2900,728,0,0,0,588,3198,5975,5619,765,6510,650,6507,2281,3,368,1009,5228,0,2642,0,3152,0,1,14448,17909,3954,353,2988,2379,0,6116,1779,6150,3470,109314,823,1352,9192,4966,1972,0,2,14024,0,243,2815,0
28,1537,324,557,654,4101,11926,0,2482,16,1572,187,147,0,1012,2980,0,6508,2097,334,2831,0,0,1595,728,1912,552,1471,225,0,0,1,359,1399,1533,2279,120,773,680,3463,600,0,155,918,2857,0,641,1,1129,0,0,17751,4964,1519,59,922,722,0,3986,1450,940,1630,103285,871,399,6191,2256,247,1,0,1758,1,134,1836,0
29,1107,6590,748,1055,3736,5726,0,1529,733,336,217,707,0,1408,3365,0,5122,853,248,3690,0,1,585,628,1492,275,860,1308,0,0,169,8443,1254,1068,3042,219,1203,1769,1559,338,1,939,1067,827,0,2677,32,207,0,1,15033,2296,787,135,660,706,0,1356,935,2984,1889,144648,620,1880,2425,1125,316,1,63,1976,369,114,693,0
30,2183,828,1014,836,9280,19342,0,4777,860,1628,672,169,0,1673,5104,0,17874,2730,299,8748,0,0,2935,1589,2760,866,1760,999,0,0,0,738,2181,6084,2639,317,4811,1444,9932,2762,2,354,1441,4739,0,1524,2,1654,0,0,11101,8993,5546,57,1332,3505,0,3192,3904,2847,1442,79242,1883,1701,4085,3161,341,0,10,2339,0,257,2955,45
31,0,2941,664,0,4975,50465,0,3688,4286,5053,0,26,0,1,2970,0,18993,15904,0,12729,0,1,18509,3594,20621,2261,12873,1,0,0,0,3261,3619,5,2174,2296,264,2452,1316,4,0,2986,4035,1349,0,5095,0,0,0,0,404,3091,6096,0,1981,1838,0,2605,12,4808,3742,477490,995,20,16839,6639,0,0,3918,18454,2,0,8153,0
32,7,2981,152,0,15948,30803,0,1982,4186,576,462,694,0,2112,7049,0,21530,15127,1,4980,0,708,8080,6559,19471,1758,9357,701,0,0,0,1488,2990,60,10042,2256,1333,119,1578,777,2,705,722,248,1,2758,0,3534,0,0,11,4246,3550,0,819,2658,0,3565,2613,3,2298,298638,1401,2418,3985,1824,0,0,0,7346,1,0,5674,0
33,3042,622,1331,202,14119,26149,0,7570,3830,2920,0,325,0,1449,7351,0,13764,4119,48,9815,0,15,2850,1133,3370,474,3346,641,0,0,1,615,2877,5057,5342,4,1657,1952,7770,1659,2,542,1256,6241,0,857,0,2860,0,0,26925,9121,4197,111,4026,3211,0,7325,1463,2468,1888,122886,5063,1095,8700,9462,1027,0,100,8200,0,3,4607,0
34,646,12,64,266,564,3498,0,1049,7,162,94,129,0,236,600,0,1465,406,0,1285,0,0,977,403,1046,321,1008,111,0,0,0,256,205,305,468,129,415,156,417,271,0,69,10,415,0,176,2,671,0,0,10059,590,251,0,273,257,0,932,229,192,278,37508,192,0,1749,528,98,0,1,700,0,0,234,0
35,3145,1583,204,2208,17474,21468,0,6300,2142,4181,810,526,0,3259,6622,0,13895,5879,865,10999,0,1,2595,878,4893,768,2125,788,1,0,0,878,3711,2564,7011,110,3179,1578,7451,2537,2,1499,1869,3079,189,2120,1,1883,0,0,9465,10498,3329,1,4263,3498,0,5633,3379,1935,2013,109695,2012,2675,4873,2322,283,0,0,4972,0,0,4488,0
36,80,354,55,1016,12754,30410,0,1550,3714,2371,190,0,0,274,3644,0,17055,8170,886,4738,0,1,7938,2184,15410,3947,5964,393,0,0,0,688,5499,623,10080,21,2501,4186,812,4797,2,201,2097,0,1,864,0,4,0,0,1,3210,5449,1,660,2361,0,4051,1911,345,3281,634814,676,1971,13585,5361,0,0,1568,9510,1,0,8426,0
37,690,1807,246,1626,8717,24414,0,1820,1562,1673,197,359,0,923,3526,0,14347,2084,417,5898,0,0,1260,736,1764,168,1490,397,0,0,3,651,1188,1036,2175,377,2609,1344,2118,1048,1,202,565,528,0,1384,0,862,0,0,16001,2146,993,418,973,1356,0,1639,2139,577,817,177851,1002,0,7448,1798,105,0,159,3791,54,22,1097,271
38,1961,7,3,1,26952,68920,0,2676,1197,3151,854,701,1,2400,3760,1,23458,18156,2,9975,0,1,11371,3645,15662,4202,7448,194,0,2,2,1004,4523,805,10179,1055,1319,6679,3716,4378,1,17,65,603,2,2816,1,1802,1,1,389,5122,14516,0,1290,3950,1,2000,504,6101,3179,570990,1488,155,23948,3421,1,0,2793,17331,260,1,9368,1
39,1867,1266,603,0,4526,7868,0,1255,408,489,0,18,0,405,1461,0,8890,4831,0,2348,0,0,1248,564,4199,798,1183,1008,0,0,1,505,1384,193,2826,493,164,1766,1593,412,0,716,66,478,0,727,0,725,0,0,15286,756,3991,0,89,130,0,865,558,385,185,613778,1783,563,7309,2805,35,0,0,1466,16,0,1784,0
40,219,1128,0,938,5658,8720,0,3921,4449,506,374,0,0,548,6042,0,4689,5641,10,5347,0,0,3601,4453,7750,3433,7271,3,0,0,0,434,1729,1177,2149,1,818,4142,2259,291,0,1009,681,546,0,1201,0,1101,1,1,5,445,2988,0,437,1299,0,606,6,1341,678,335329,376,720,10264,1688,0,0,0,6715,1,181,2308,749
41,277,10320,450,1559,5220,14379,0,2268,1060,703,269,152,0,3397,4816,0,8630,951,0,2747,0,187,2322,1244,3369,284,1475,699,0,0,0,8694,1783,263,3139,263,749,1479,1277,935,143,1355,1107,1253,0,1839,249,556,0,0,21228,6659,510,598,992,766,0,5908,1021,2304,2319,309295,815,333,3364,2584,1003,0,0,2554,487,0,1015,0
42,1589,1661,838,1714,22091,29063,0,4017,2127,4167,416,2266,0,4578,8318,1,21744,4467,445,10093,0,0,1796,1248,3305,353,1367,687,0,0,0,1508,4536,5729,8465,659,3923,1576,6238,5630,1,2010,1442,3896,0,2255,172,2297,0,0,9128,18917,4906,586,2476,3964,0,6309,5171,1548,2792,142965,1184,2982,9019,5802,22,0,871,12873,96,486,4399,0
43,1784,702,1,5,1465,1458,0,1837,192,784,0,337,0,0,428,0,2292,112,0,1910,0,0,7974,2093,7765,1328,4723,0,0,0,0,715,347,44,524,0,0,76,0,868,0,12,0,377,0,48,0,0,0,0,39004,111,65,0,942,88,0,173,450,594,1152,166297,742,0,1607,1349,0,0,0,181,0,284,79,0
44,913,701,635,597,4138,11312,0,1296,1262,400,132,333,0,1271,2816,0,6102,1405,177,5433,0,0,1158,949,2348,384,1162,363,0,0,1,152,1326,619,1345,178,406,281,2382,539,1,333,143,1254,0,1115,0,695,0,0,523,2033,1972,1,1121,1370,0,914,887,914,1094,11405,574,550,642,561,0,0,2,901,30,230,1404,0
45,6077,2893,692,2238,47916,42283,0,2432,2719,2220,160,2467,0,3108,20573,0,35693,29631,434,20821,0,300,2989,944,3960,1070,2063,2473,0,0,1,2258,6483,665,8601,448,2693,6343,652,6837,2,2052,2359,341,309,4830,0,3813,0,0,162,3083,17561,287,4038,2085,0,1716,5239,1976,4258,267571,114,4059,13867,2415,2,51,2880,17446,30,666,4244,0
46,1116,1633,814,321,3992,9190,0,1424,838,1161,25,26,3,345,2568,2,3406,1400,184,4211,0,18,2438,1168,3228,341,1900,149,1,2,15,174,402,179,2544,405,363,194,1115,1092,3,277,989,339,0,566,10,407,3,1,297,1225,1102,0,0,927,2,1302,677,967,307,92171,75,201,2640,1464,23,7,177,2013,1,10,1599,2
47,1,5,2,0,779,495,0,257,0,15,0,15,0,48,10,0,32,748,0,345,0,0,9769,2378,8583,3520,6949,1,0,0,0,314,144,172,114,0,1750,1154,339,1,3,57,66,19,0,6,0,519,0,1,8804,0,42,0,34,26,0,757,0,118,0,248361,78,1,749,148,0,0,0,2177,0,4,58,0
48,1623,780,633,1570,18098,10571,0,436,1713,498,102,695,0,1,6283,0,3804,3801,483,4513,0,0,1300,842,2279,456,1039,492,0,1,0,639,1918,287,1044,148,227,1353,249,2241,1,518,874,399,1,588,42,1534,1,0,478,948,3262,85,680,891,0,372,2241,424,781,17778,215,304,1944,542,1,0,271,2605,51,113,1139,1
49,5030,578,1136,1030,14297,49665,0,3700,4560,2399,338,578,0,1919,5548,0,24074,9937,1534,20178,0,0,4445,2084,12024,3255,5959,2010,0,0,0,1874,6655,809,8395,1029,3862,1558,2383,3750,1,2653,1137,1879,0,3298,1,2353,0,0,16,648,3444,0,3708,1453,1,2153,7114,3682,4072,799098,1446,1083,22208,5081,0,0,2,11407,0,1,9885,780
50,950,188,89,243,2847,4264,0,933,254,208,12,29,0,537,1260,0,2747,946,1,4280,1,0,1729,1342,2872,1066,1020,111,0,0,1,333,444,1245,433,1,312,339,839,404,0,440,601,614,0,234,5,169,0,0,23409,323,405,7,735,773,0,897,1224,457,170,76180,664,311,2156,1352,0,0,1,3202,25,0,1007,0
51,5007,1629,485,3759,21733,22743,0,6476,2889,3712,813,1478,0,1483,10510,0,24617,6752,494,15359,0,1,3072,830,4808,1433,2801,380,0,0,7,1650,6234,7062,7660,244,3159,1869,10692,3240,2,1678,1471,6421,0,3657,328,2763,0,0,23669,13300,7261,0,3867,3519,0,7021,4641,4913,2092,129565,3319,3310,8215,4979,456,0,1,11302,18,189,5993,0
52,542,235,151,560,5301,8640,0,586,556,140,157,344,0,1219,2394,0,5700,1210,145,3424,0,1,704,554,1041,256,693,248,0,0,2,203,783,1188,871,202,299,188,978,763,3,194,379,392,0,707,0,905,0,0,35,1518,1987,2,696,1119,0,725,765,380,379,4915,350,265,1056,759,76,0,335,1216,31,49,971,0
53,4360,4264,2004,2325,19048,35358,0,6125,2251,6711,850,1706,0,4044,7832,0,30353,6344,788,11657,0,346,2548,1084,5379,713,1750,1492,0,0,0,2210,6067,4926,9584,346,3978,2049,10691,3795,386,2168,674,3412,0,1859,0,2474,1,0,19683,13325,5771,805,3392,4267,0,7838,4249,2594,3738,159390,4289,2632,9352,9235,857,0,222,10533,144,58,5949,0
54,4272,5299,136,6931,32664,18971,0,2445,6709,0,0,3166,0,0,14332,0,3798,8278,802,4911,0,0,7946,1897,6311,1854,5110,2054,0,0,0,1769,11084,63,23668,624,2053,5623,560,6127,0,465,4559,0,0,1937,1,3327,0,0,5,4,9812,227,0,11,0,1722,5621,121,2596,390664,474,676,12708,2099,0,773,83,7178,0,0,5032,0
55,2314,3593,1005,71,13837,29597,0,7252,3502,2272,0,1373,0,2427,13899,0,13763,17321,806,10041,0,0,8868,3944,15665,1973,7401,0,0,0,0,1364,5124,2204,12949,1,4303,2997,2165,3379,0,706,304,0,0,4057,0,2840,0,0,34,1,9375,0,3151,1621,0,1104,1892,1948,677,564084,236,35,11754,2987,17,0,0,11177,91,4,5856,0
56,273,34,227,14,4342,10001,0,2039,1883,280,592,4,0,722,3774,0,1511,3284,0,3164,1,3,4174,1565,6740,1199,5208,4,1,0,3,492,792,1388,798,16,1230,10,2571,2,0,1304,610,760,1,79,3,1189,4,0,5263,2139,993,0,1258,748,0,1262,1062,1151,3610,652809,728,184,2196,3611,1,0,44,3870,0,2,2207,0
57,80,213,53,587,2035,4017,0,254,118,366,3,198,0,97,1533,0,1630,283,0,1656,0,0,733,645,1574,406,1280,75,0,0,0,92,331,57,280,178,0,104,652,288,1,108,78,106,0,309,44,360,0,1,107,364,824,79,319,246,0,73,617,492,204,17126,33,124,780,393,0,0,1,890,29,0,546,4
58,3700,52,0,1461,26084,43547,0,9167,1931,188,0,601,0,774,8281,0,11926,26352,504,14385,0,0,13482,3217,9776,3822,6834,3896,0,0,1,2560,2178,1691,9464,1189,3573,3550,0,2046,1,194,1359,380,0,2354,0,3919,0,0,701,838,4968,0,2238,1956,0,3901,4793,455,3950,532719,2113,1,16778,2954,0,0,2277,12541,0,0,5363,0
59,3088,5238,1045,1376,17810,30728,0,6510,1968,3189,1057,248,0,1264,8275,0,21399,4849,65,7213,0,1,2287,1056,5112,1179,3755,1578,0,0,0,738,5075,8939,11188,435,6336,1776,11465,3421,0,1617,2068,6939,0,2046,236,2187,0,0,25672,20221,2718,0,3141,4896,0,8766,2544,6129,7500,403641,5163,979,19419,12561,2797,1,0,5168,2,703,3807,0
60,1849,909,0,2503,14204,16479,0,3635,1687,2078,627,1052,0,2101,6135,0,4890,904,305,7720,0,1,2570,1745,5278,895,3914,285,0,0,0,405,3034,2398,4250,524,1671,114,8572,3181,0,414,1235,2512,0,1488,2,1724,0,0,13474,11337,2963,345,2598,2795,0,2616,2126,5348,786,91235,1000,35,2406,4553,0,0,0,4022,85,0,3067,0
61,911,20,362,335,7115,27255,0,1103,358,1810,1,709,0,1037,1195,0,7284,10788,2,5746,0,3,4722,1436,6518,1504,3070,774,0,0,3,1621,405,0,2291,501,1040,874,115,899,3,912,1128,0,0,2088,0,1,0,0,13,1752,4627,0,486,614,0,1716,670,45,869,192307,1382,452,7214,1420,0,0,9245,5794,37,63,209,0
62,1493,3242,31,1076,15203,29645,0,3228,2454,2439,457,894,0,2421,4249,0,10202,6604,1,5136,0,1,4009,3458,6953,1964,3499,481,0,0,1,1711,1886,527,3661,526,3423,2270,776,3749,1,1488,410,673,0,1484,0,2446,0,0,416,456,5631,225,244,2830,0,1961,1097,3009,2730,194202,967,1490,14902,1411,0,0,1059,9560,0,0,5654,0
63,637,7293,828,1933,3270,9191,0,740,687,550,202,586,0,3338,3950,0,4558,1075,39,6260,0,0,1314,1320,2369,881,1551,2495,0,0,31,7689,1286,629,2199,223,599,1352,625,748,1,1795,1506,927,0,1713,1,1239,0,0,43828,2271,242,0,521,398,0,1898,1149,1454,1284,311556,1168,623,1165,948,761,0,2,3303,534,147,847,509
64,0,665,421,269,4242,8593,0,544,1030,368,136,593,0,230,913,0,5056,5689,130,3566,0,1,2600,785,3109,327,2223,547,0,0,0,587,564,427,1434,511,860,666,789,524,2,0,306,316,0,146,3,421,0,0,13,1351,358,1,0,836,0,598,477,167,464,61233,766,44,5920,598,0,0,1066,3823,1,0,2657,0
65,611,1199,296,403,5351,7746,0,2003,1162,1354,122,133,0,467,2809,0,3114,895,283,3324,0,1,464,527,1111,180,473,136,0,0,1,365,1185,1500,2232,260,586,583,2321,1163,2,74,196,1464,0,98,0,673,0,0,14526,2022,1587,30,977,489,0,2322,906,748,993,64479,473,51,3723,1625,101,0,222,1815,17,73,1209,89
66,2793,780,1186,1391,9676,8281,0,9845,1077,2547,538,657,0,2295,3904,0,9192,3584,730,3288,0,0,5055,1047,7088,394,3111,780,0,0,6,308,1919,6472,7264,0,3985,2876,12448,1084,0,381,763,9004,1,471,499,2193,1,0,46401,11216,4709,11,3773,3427,2,7681,2156,2701,3920,239717,3705,666,7623,7205,1566,0,3,4841,0,586,4419,0
67,1667,414,285,572,4790,15645,0,2446,808,1731,0,654,0,1460,2764,0,21730,3393,423,15390,0,0,3045,1493,5469,1378,2804,597,0,0,0,288,1676,3686,2279,129,2167,1835,1960,1027,1,826,634,1539,0,2144,0,1046,0,0,15558,4730,1080,300,2134,1346,0,3719,1459,2580,1150,86824,186,1256,5000,2325,0,0,178,3019,3,261,2792,0
68,1404,2151,231,564,9044,17388,0,724,1897,1186,199,309,0,1893,4071,0,7207,3542,223,4032,0,0,635,737,1331,0,514,100,0,0,85,205,1102,528,2946,356,1006,706,1593,1553,1,762,665,261,0,1114,103,1131,0,0,44,1942,1934,180,585,1244,0,1713,2021,1015,1499,86150,138,375,3552,1248,77,0,98,2557,23,84,2507,0
69,3209,1920,865,4274,19866,56903,0,4439,1983,3358,1573,2120,0,2975,10857,0,36595,15004,452,16583,0,20,2822,1341,3760,1644,1509,1178,0,0,276,1701,4552,3678,5572,1026,3770,5091,4096,5496,0,2313,2082,2463,0,5222,23,4019,0,0,12897,8569,4932,0,6547,4322,0,5617,8883,2962,4332,256262,1898,615,11779,6807,0,0,2,11195,91,246,8607,0
70,2489,1423,223,791,8199,24320,0,4057,952,5715,1123,843,0,3302,8038,0,25099,5232,0,13692,0,1,2853,1901,2926,1275,2900,2686,0,0,1,1233,3390,2221,2851,471,1768,557,5672,3179,0,558,1756,6573,0,1664,0,1340,0,3,24848,4209,6502,1,3664,3261,0,4857,2427,2232,482,118904,714,1263,3197,2742,1048,0,1,3956,78,213,1905,349
71,0,7288,0,1834,8815,34629,2184,7689,5159,2013,582,1,0,3604,5872,0,12863,23109,0,10085,0,0,17023,4297,17800,7214,11663,1753,0,0,1,2511,3102,152,24108,947,4893,4564,298,3540,1,40,0,0,0,4306,1,1257,0,0,9,0,16293,0,43,4068,0,4068,3558,3169,4908,282447,474,484,17863,3179,0,0,3242,11904,2,0,2549,0
72,26,1383,2,99,3313,22338,0,210,2434,20,720,428,0,13,1994,0,11768,11303,0,9883,0,0,9988,2190,21030,296,8603,8,0,0,0,3066,810,1,2823,163,2394,2629,395,2,2,141,544,0,1,1351,0,0,0,0,5,0,2835,0,1207,61,0,2640,852,0,1813,344044,798,684,8532,2303,2,0,0,3347,1,0,6068,0
73,267,1087,0,958,2028,11372,0,265,318,679,1720,167,0,461,1662,0,5258,2533,192,2450,0,1,3348,856,3800,1061,1911,1,0,0,2,242,443,288,1602,0,158,304,834,552,1,564,353,0,0,698,0,55,3,1,5,415,349,0,203,791,0,927,534,491,403,85419,325,2,7009,1762,0,0,1,2078,0,2,1284,0
74,520,778,2,290,2535,4381,0,621,22,191,6,248,0,0,730,0,913,317,0,1433,0,1,2726,1928,5264,837,2031,2,0,0,0,327,629,420,802,37,13,0,174,337,2,238,82,304,0,161,39,560,0,0,0,78,571,147,0,718,0,667,16,552,210,41615,61,25,2739,488,19,0,79,994,1,0,278,0
75,0,10,0,505,1995,4569,0,97,732,1,0,404,0,310,221,0,1630,4754,206,2213,0,0,2217,2143,3965,507,2052,2,0,0,0,1012,385,0,643,0,186,1196,0,621,1,7,1,28,0,433,0,0,3,2,4,0,3045,2,374,0,0,7,42,0,149,13153,0,2,221,87,0,1,2671,899,36,0,82,0
76,1678,1819,551,1258,10678,29785,0,1905,2452,2823,417,704,0,3015,4704,0,13117,7248,1,10609,0,0,1795,716,1865,535,1562,865,0,0,825,587,3231,2539,6619,504,2691,1486,4960,1799,5,454,1440,1847,3,1633,61,1476,1,1,20804,5281,4430,135,2375,2154,0,3520,2344,2973,2129,174897,1073,1124,12855,4223,585,0,1567,11774,5,101,2427,1
77,1371,703,907,1293,7687,12116,58,1014,754,206,54,454,0,883,3535,0,4588,1540,452,7774,1,207,1300,787,1326,415,616,906,0,37,214,784,1692,678,2001,98,884,2054,261,1956,68,664,392,212,51,731,116,1176,0,0,5,1547,1779,42,156,461,0,442,2364,314,863,11543,261,397,2941,810,0,0,0,2042,17,66,2661,0
78,6,1403,1606,403,13,2754,0,1587,1030,193,204,2,0,121,2466,0,2,3130,0,520,0,65,1397,434,2985,552,1247,5254,0,0,3227,464,316,9,1023,903,870,1919,471,567,76,1336,84,0,0,734,831,384,0,0,5414,5218,1941,0,1810,921,0,1593,27,413,431,864345,10,332,2147,1755,0,0,396,924,499,3,239,0
79,2089,2,1,1218,7193,21964,0,2005,2929,1898,0,1260,0,2,2274,0,4764,16542,0,9505,0,0,17435,4514,26237,2845,14039,626,0,0,1,3896,3819,607,12926,1514,1732,8423,1,4214,0,1053,0,0,0,1593,1,127,0,1,26,128,15727,0,602,1608,0,1,30,55,1890,530719,280,32,27548,1802,0,0,2,10939,127,0,3815,0
80,2108,1040,200,756,7770,24795,1,2124,417,2141,213,375,0,2276,4573,0,11269,5185,345,5261,0,0,930,662,1462,303,741,480,0,0,1,558,2090,2616,3107,437,1783,1007,3545,792,64,408,422,1048,1,1396,0,750,1,1,17182,4257,2686,0,1842,2091,370,3200,2185,2048,2045,112158,877,1071,6477,3092,225,1,754,6426,48,105,2804,0
81,6861,6636,806,4148,31686,41951,0,4911,6166,438,975,1164,0,2342,28560,0,17323,5071,0,25264,0,0,4304,3399,14271,4531,5194,2880,0,0,1,1599,11140,941,17975,0,2065,2062,3851,8335,1,2237,942,1220,0,1876,0,7780,0,0,1659,4763,8074,94,4960,4107,0,2536,6549,2273,4196,325357,1310,707,8971,8020,632,0,3,12959,128,0,6283,0
82,1823,1105,747,2396,15783,26498,0,4901,694,3032,1158,766,0,3249,4785,0,21140,4114,232,11070,0,267,1962,895,3545,1578,2299,3,0,0,1,1152,2309,3910,3472,1058,5508,882,2834,3703,0,2027,987,1903,0,2027,1,2115,0,0,14452,6929,988,107,1707,3880,0,3011,2516,3338,2017,15616,1336,1953,3618,5081,652,0,239,4323,1,364,5395,0
83,469,377,249,419,3703,8915,0,2682,765,766,298,382,0,1555,2690,0,8658,2306,277,8465,0,16,1180,1182,3177,459,1721,707,0,0,10,259,996,1876,2314,52,1338,775,958,902,4,293,642,1994,0,1321,133,646,4,2,2570,3340,788,10,628,1191,4,2890,1694,1385,939,45924,500,267,2984,2303,312,0,42,2901,1,0,1333,7
84,2211,1710,562,572,6795,9554,0,3523,1594,1431,378,229,0,1239,3365,0,5264,1896,0,4320,0,0,2204,888,3528,481,2056,71,0,0,3,279,1171,3710,4040,44,1210,296,5418,332,1,850,1134,1678,0,330,12,1045,0,0,33784,976,2436,5,2953,978,0,4179,474,1225,1183,221178,2049,152,4578,3267,324,0,1,2589,0,0,2074,0
85,246,122,111,69,1816,1963,0,347,208,120,69,25,0,155,856,0,216,943,59,1001,0,0,419,491,1012,279,504,91,0,0,1,84,279,30,154,43,93,228,107,330,2,77,68,0,0,61,0,39,0,0,1,78,348,0,0,64,0,2,462,214,246,7336,0,249,978,247,0,0,2,671,15,0,332,0
86,2628,1733,1519,1921,13680,31232,0,4266,2237,4652,453,791,0,3084,7456,0,15608,5676,296,11037,0,213,1686,676,2523,369,1436,1142,0,0,177,566,3494,3360,7631,540,4138,2052,5418,1507,2,1271,860,4793,0,2198,28,1190,2,0,21157,9975,2924,187,1716,3024,2,7582,3307,3937,4155,260179,2050,1077,15027,5392,445,0,1,9698,81,6,5388,267
87,2826,4505,817,894,13238,39422,0,9836,947,3705,942,607,0,2292,6826,0,34929,8883,0,8896,0,1,3683,1255,3593,890,2966,524,0,0,145,516,2961,8909,8271,123,10438,2,13444,1793,0,216,4103,3801,0,2629,0,3056,0,1,39181,18973,414,1,4977,3538,0,10210,3202,5723,3210,300325,7202,782,20392,8527,6,0,0,10199,1,375,6923,0
88,2356,575,171,591,11449,11266,0,3954,1595,1428,102,937,0,136,1459,0,8580,3904,0,3343,0,36,1701,1443,4233,734,1661,3,0,0,15,421,1303,1875,2152,71,2252,86,1170,1299,0,226,502,835,0,682,2,784,0,0,3848,6475,1340,1,1163,1869,0,1497,2813,738,1531,42915,323,2465,2372,2570,60,0,3,2775,63,276,1294,0
89,1592,9537,873,2965,18144,56373,0,2381,3083,2358,329,1795,0,6003,10947,0,19278,10730,7,11529,0,2,2680,1023,4174,1547,2255,5817,0,0,66,9279,1770,2743,11249,1967,3722,7614,4710,7603,109,2407,1968,1107,0,4843,368,1630,1,0,26511,11751,6698,38,2776,2916,0,8595,1299,870,6100,402438,1088,1249,12275,6064,179,188,1817,13382,818,272,6157,0
90,12,2122,736,1415,4850,7128,0,637,1532,508,90,154,0,1,3181,0,4093,3169,530,6184,0,1,1806,1383,4346,1521,2131,780,0,0,1,1447,1814,92,2880,214,0,1044,703,1839,0,430,297,0,1,587,2,963,1,1,4,24,3371,0,338,523,4,207,2718,90,41,111062,10,1452,6440,1473,1,0,108,2242,1,207,746,1
91,5137,678,1363,0,32658,51352,0,4709,1562,1660,252,1386,0,2028,15759,0,18753,21432,598,19245,0,1,10714,4841,10682,2830,7385,579,0,0,0,2162,3151,965,13010,1401,814,6253,964,6511,792,634,811,0,0,4904,0,3890,0,0,3,2644,10735,0,5081,3810,428,3149,2365,1611,2259,246139,456,6232,10791,2754,0,0,9984,16586,237,2,7449,0
92,2867,1232,279,2229,17824,40689,0,4466,1128,2781,1113,551,0,6455,6146,0,14118,4342,1,11948,2,2,4349,1826,3067,102,3065,394,0,0,5,1464,6733,1206,4179,1106,1137,1048,4752,4565,0,2178,1849,3431,0,1027,31,655,0,2,25110,10125,3922,167,3649,2049,0,5442,2696,1754,2334,1105105,5663,804,8578,5305,111,0,1,8997,170,13,4540,1
93,4122,2556,1181,658,12898,13690,0,3179,1933,1935,827,356,0,1132,8261,0,9807,3523,66,5026,0,90,1913,852,2389,547,1147,741,0,0,1,1029,2586,1584,7236,29,2085,321,4780,2025,0,994,878,2095,0,677,0,2134,1,0,24662,3261,3871,112,1300,635,2,5036,3211,2907,1809,123835,2499,397,5294,3768,645,0,296,3460,87,1,1879,0
94,3724,1378,807,1721,18026,21724,0,4146,1424,2324,548,201,0,1300,9913,0,16333,4844,892,6313,0,1,1414,1316,3810,786,1648,1436,0,0,1,599,1936,3128,6905,153,1766,468,5953,955,1,642,738,1522,0,853,92,1112,0,0,18354,7803,3939,178,2722,3042,0,3440,2824,1861,2372,95526,873,1,4056,1636,20,63,73,6186,0,283,2415,0
95,288,187,54,454,3038,7858,0,771,433,871,86,199,0,1337,1283,0,5458,1811,2,2764,0,0,1707,981,2202,339,907,379,0,0,3,523,717,1164,2325,0,909,416,1779,737,1,79,199,977,0,495,0,264,0,1,24050,2314,1359,0,460,744,1,1191,181,326,791,28704,453,112,3647,1324,168,0,312,2644,16,102,1327,0
96,6605,91,516,0,27102,15791,0,4890,6748,1832,931,3058,0,0,9148,0,9790,23609,0,14095,0,0,12409,6510,22913,7053,9797,1474,0,0,0,8913,8166,0,9143,0,4989,7,0,9459,7,2851,196,1354,0,2021,0,4927,0,0,182,4261,6725,0,8176,1894,0,104,5766,160,1513,316317,0,2480,10808,930,1,0,2,12434,240,0,15447,0
97,2376,602,2129,896,11691,14987,0,1332,1810,1318,251,656,0,3108,4730,0,5777,6236,376,6475,0,489,2633,1438,4496,1037,3232,551,0,0,0,957,2493,510,6337,82,1181,1708,882,3188,0,575,741,249,0,2100,0,2809,0,0,140,2579,4131,1157,859,1704,0,1812,4399,983,811,126813,549,1395,4193,1659,0,0,360,4375,42,569,1747,0
98,4332,779,988,1654,11318,23319,0,2896,2100,1665,259,0,0,24,6795,0,13646,11559,0,4501,3,0,5129,2223,6650,1493,6487,737,1,0,0,1703,4821,341,9706,1448,241,4356,6694,3013,11,737,1236,2705,0,425,0,2938,2,0,294,146,9838,449,287,1897,0,3169,1517,2575,1205,593175,719,3227,12940,6187,0,0,560,7733,41,0,3133,0
99,6362,1330,1564,4792,16690,47024,0,4694,2335,1047,1,1643,0,487,10993,0,17479,8362,0,9389,0,3,15919,7834,21177,2672,15336,1993,0,0,14,2626,5848,0,6221,9,1165,2602,1379,6607,18,33,767,0,0,4033,22,6432,1,0,141,1876,9127,4,1256,1358,12,4543,2041,1408,2902,198019,2035,154,6881,3566,0,0,8690,13281,195,5,2513,0
100,0,1224,382,137,0,234,645,27,374,0,3017,174,533,358,1,2570,0,0,320,252,0,785,922,797,1551,261,740,583,962,263,241,207,113,0,96,139,0,1,0,351,917,1058,388,0,2582,682,173,0,933,2020,1542,0,0,453,0,0,2418,0,164,19,162,33908,150,567,0,0,2363,696,1348,564,761,1471,0,884
101,0,903,390,145,0,4,187,0,94,0,3689,456,167,64,0,783,0,0,262,144,165,797,421,493,1744,118,743,209,394,193,1022,133,0,0,5,238,0,0,0,103,511,172,51,0,744,315,120,0,845,564,2238,24,1,518,0,0,1360,0,0,59,9,16575,8,79,0,0,317,181,347,75,464,822,0,135
102,0,2550,123,431,0,659,36,0,905,0,7898,1391,2032,160,0,3394,1,140,940,1085,987,195,1627,946,2820,764,1470,1589,812,3185,3,951,392,39,268,831,0,0,0,161,1882,941,393,0,3365,2042,5,0,3801,5042,10268,5,0,860,0,0,7432,0,0,632,351,184361,330,3628,1,0,3135,712,1585,1723,2043,1194,0,1002
103,335,14056,3644,1425,0,459,3897,0,1629,0,13051,1746,5856,1525,0,11156,0,385,2343,914,2865,13096,2077,555,3700,635,1446,1866,3957,3558,6075,787,354,0,1225,1990,0,0,0,432,2775,1774,2547,372,9402,1125,8900,1,4665,7423,6701,0,0,1394,0,0,10956,179,0,287,456,643123,1147,2786,0,0,13545,2981,8307,2215,1898,1337,0,4121
104,0,5193,2372,719,0,190,2041,0,1214,0,9037,980,3721,1695,0,8981,0,0,921,774,944,1665,1590,744,1938,562,1740,1469,3870,2235,165,415,644,1,541,1652,0,0,0,284,1093,1494,1335,0,5892,2018,2672,0,4034,5067,7899,597,0,1205,0,1,8307,0,169,169,41,106611,1017,1175,0,0,7182,1746,3625,917,1379,3719,0,1484
105,0,543,97,74,0,133,231,0,43,0,2234,158,429,0,0,631,0,0,235,47,84,882,479,513,1083,168,877,145,110,114,107,65,109,0,2,109,0,0,0,203,179,178,64,13,655,245,459,0,443,1012,1598,0,0,178,0,0,1039,0,0,52,6,18014,8,100,0,0,166,225,251,133,226,464,0,114
106,0,414,118,176,0,162,57,0,135,0,1626,221,373,80,0,525,0,1,136,65,129,103,355,314,628,80,425,241,141,138,0,135,2,25,27,151,0,0,0,19,101,140,94,71,591,238,34,0,565,798,1047,18,0,93,0,0,670,6,28,45,4,19243,36,151,1,0,157,124,439,208,429,548,1,158
107,0,1457,88,0,0,1,537,0,623,0,4603,314,791,834,0,2712,0,0,716,451,0,1192,660,619,1511,255,731,941,768,506,3757,131,358,0,198,1311,1,0,0,0,970,383,577,0,2237,464,1111,9,1364,856,1828,0,0,282,0,0,2771,0,124,153,174,48121,48,976,0,0,2390,691,2446,288,1214,1277,0,1249
108,0,7400,1609,556,0,2,2259,0,40,0,4376,420,1980,1728,0,6770,0,1858,1125,574,926,2952,3695,1266,5188,848,3301,1757,1221,3126,1391,86,1069,0,118,2522,0,0,0,653,3473,1778,2367,0,4786,1397,10629,0,1110,3362,3718,667,0,492,0,0,7289,329,0,0,1538,542072,1024,1495,0,0,8447,720,5673,2817,1748,3981,1,4747
109,1,6239,2586,695,0,2594,2129,26,1377,0,15456,1886,2492,606,38,11129,0,847,1906,897,4819,4481,2002,1399,1952,661,1127,4130,1783,4388,8560,657,437,69,810,3171,4,7,0,1318,2839,4851,2827,243,12036,1773,7158,11,4343,8331,9070,594,0,2359,0,0,14513,0,64,586,1839,575357,2265,7196,0,0,15474,1887,5580,6876,3341,6317,7,4911
110,0,1526,509,38,0,341,390,2,156,0,3564,609,400,211,63,1371,1,1,494,86,364,1109,535,587,1263,281,711,467,162,234,1192,140,117,84,110,388,0,0,0,0,918,336,141,40,1965,574,46,0,1251,2195,4345,76,0,474,0,0,1291,0,1,25,49,30738,113,320,0,0,181,649,794,474,789,755,0,248
111,0,485,0,9,0,104,3,0,25,0,1323,304,69,18,0,157,0,0,57,39,207,7,822,547,1049,188,1033,152,177,137,0,24,0,5,0,22,0,0,0,65,89,238,18,0,342,88,1,0,583,701,662,0,0,57,0,0,390,0,0,0,0,11430,89,11,0,0,149,308,146,185,275,106,0,44
112,0,301,239,0,0,131,26,0,146,0,2272,316,220,105,0,750,0,3,314,380,222,217,606,883,1185,306,800,387,235,85,1,86,95,0,44,108,0,0,0,54,609,188,13,3,2256,412,27,95,438,1816,1443,69,0,351,0,0,1251,0,0,26,141,26039,24,170,0,0,390,98,624,203,705,875,0,329
113,0,528,253,92,0,24,60,0,108,0,1953,108,353,334,0,329,1,0,278,143,75,621,418,445,672,367,694,222,155,145,2740,97,21,0,179,128,0,0,0,2,298,248,36,0,526,61,210,106,230,522,1710,1,0,142,0,0,1254,1,0,20,7,11297,1,79,0,0,111,289,354,39,398,514,1,101
114,2,753,201,2,1,240,0,3,68,5,3627,302,752,310,2,1451,1,0,565,108,36,17,498,494,1145,122,733,91,349,220,14,105,91,0,2,126,3,4,6,52,321,279,46,0,1586,298,43,1,442,1591,1408,36,3,204,0,0,1818,0,0,6,12,14881,12,199,1,0,155,168,732,313,716,496,4,97
115,0,1338,720,99,79,257,456,0,103,0,3161,310,199,30,31,528,1,20,55,101,157,215,727,445,1193,232,504,211,204,189,480,146,97,20,12,240,0,0,0,129,98,544,52,0,830,170,134,1,679,1537,1330,0,0,422,0,0,1318,11,0,56,28,12401,41,225,0,0,89,180,434,611,410,800,4,282
116,0,839,210,137,0,117,307,0,153,0,2935,512,242,125,0,1465,0,3,329,278,181,170,469,335,533,152,492,434,279,694,285,234,106,0,66,138,0,0,0,129,132,226,181,28,740,346,421,0,696,1209,2121,0,0,157,0,1,760,0,0,75,13,39226,59,369,0,0,310,285,224,260,800,585,0,190
117,0,3330,1039,293,0,0,1654,0,443,0,7738,479,1421,829,0,3071,0,0,985,493,1805,5394,1156,617,1684,598,1305,869,591,1466,2326,314,443,9,127,1070,0,0,0,14,855,557,645,0,3673,694,1938,5,1814,2360,5223,1,0,883,0,0,5804,54,0,288,646,112981,630,1140,0,0,4078,460,1154,1622,903,2052,0,1018
118,0,4638,2676,1018,0,696,844,1,1022,0,8051,3244,0,1034,3,5919,0,1,2273,983,7265,4791,4757,2588,5059,963,4478,2639,1501,7298,5404,910,128,0,1397,2624,0,0,0,2,2172,2583,2069,233,5543,2607,3128,0,7781,20344,12133,15,2,2641,0,0,7531,691,145,66,3430,802623,3680,4302,0,0,8535,3445,2464,1659,1143,7026,0,4311
119,0,12722,1905,1189,1,2,0,2,765,0,13514,559,6957,2104,0,7660,3,0,1378,1083,1166,3056,2766,922,4077,565,2343,3738,4553,3065,147,219,1124,1,474,2017,0,0,1,1611,4467,3788,2790,0,11790,2591,5849,0,6430,7801,3444,2006,1,979,0,0,18730,0,355,201,1087,587846,269,806,0,0,13532,1610,7466,858,1586,2873,0,3830
120,0,587,113,0,0,78,415,0,47,0,1377,158,539,104,0,804,0,0,244,240,85,436,543,422,1139,50,422,93,74,123,53,66,36,0,0,71,0,0,0,73,87,161,32,14,774,217,18,0,775,117,1002,0,0,234,0,0,223,0,0,43,7,815,18,49,0,0,144,233,214,173,407,180,0,124
121,0,2517,1450,76,0,303,1251,9,614,0,4910,832,1377,276,43,3148,0,433,481,456,198,3410,680,341,895,334,880,1056,600,843,6323,304,332,28,165,565,0,0,0,175,853,582,1171,1,2149,564,2030,2,918,3196,1988,2,0,1164,0,1,3034,0,96,43,535,88556,432,292,0,0,2947,1068,1370,669,684,1718,0,851
122,0,9362,2480,400,0,1582,1307,0,991,0,18676,1714,3858,1900,125,7611,0,337,851,388,11989,2567,4452,1193,5302,1438,2374,2071,2297,3580,8516,530,11,0,1415,773,0,0,0,0,1928,1395,5558,105,5806,3807,2000,0,1651,5643,10266,0,0,255,0,0,20169,0,1228,238,536,597763,1960,950,0,0,17739,1573,3973,3939,488,2881,0,8288
123,0,1310,989,0,1,0,492,0,0,0,1324,295,41,179,0,714,0,0,164,88,137,1177,1116,1106,1789,755,1699,836,248,467,3708,209,0,0,472,105,17,0,0,4,520,482,366,0,3258,557,2196,0,809,1641,2669,0,0,934,0,0,1162,0,151,93,152,83409,73,145,0,1,960,395,163,318,252,453,1,0
124,0,5652,3816,3085,0,1382,1077,2587,2314,0,20092,3388,3493,3072,592,7054,0,911,2591,1689,5390,2406,3243,1062,3304,417,2743,3412,4589,1922,2,796,1013,239,304,1602,0,0,0,1207,2498,6688,1916,0,4092,4209,2678,0,5865,10264,7881,3183,805,1070,0,0,10891,6,109,375,1455,189653,1055,2890,0,0,20497,1684,4452,3600,2954,5503,0,4835
125,0,539,433,60,0,16,84,1,124,0,979,603,1,219,0,2176,90,0,739,192,0,221,712,486,1021,139,600,947,533,79,80,295,63,0,97,252,0,0,0,0,2121,209,275,0,27,610,99,40,1618,2663,2221,0,0,150,0,0,982,0,115,0,90,8008,20,325,0,0,69,624,179,1,427,812,25,0
126,0,501,183,100,0,183,0,0,105,0,2518,206,740,57,0,1202,0,44,134,311,0,2690,839,501,850,183,739,636,260,121,1435,97,35,0,4,220,0,0,0,59,275,212,104,0,1432,144,642,0,362,550,1167,63,0,730,0,0,939,1,0,3,21,15656,1,304,0,0,205,113,646,143,689,849,0,259
127,0,865,95,49,0,96,202,0,32,0,1654,210,63,0,22,217,0,1,56,54,132,289,452,513,1002,106,864,324,108,98,118,1,64,32,2,99,1,1,0,33,273,256,90,0,606,108,89,0,259,366,738,0,0,149,0,0,482,0,26,0,20,14898,40,67,0,0,160,165,396,145,372,472,1,2
128,0,1151,406,103,0,255,643,0,190,0,1135,212,172,109,52,507,0,0,250,59,127,1773,656,537,976,41,674,317,209,145,2175,134,5,0,127,151,0,0,0,0,169,92,197,36,680,234,965,0,160,463,1845,0,0,340,0,0,1435,0,0,10,29,20686,42,193,0,0,391,347,432,148,143,391,0,530
129,0,1406,271,517,0,389,24,0,517,0,4543,1066,491,319,1,4749,1,0,1560,160,1905,14,1631,1391,3021,853,2145,483,1428,3003,832,244,298,95,402,627,0,0,0,695,196,670,293,2,3512,697,74,3,131,1651,4781,0,0,421,0,0,3184,0,56,27,376,94621,300,549,0,0,2336,571,410,1272,932,841,0,1482
130,0,2768,1380,234,0,1,2716,0,787,0,3865,336,296,1066,0,1135,0,0,369,147,662,2286,1374,846,2852,356,953,1097,1074,1437,3022,216,436,0,625,703,0,0,0,0,187,646,688,0,1431,587,1444,0,296,1709,3396,0,0,1334,0,0,1675,0,0,51,81,79755,100,469,0,0,5375,559,1826,1352,454,833,1,0
131,0,303,361,1,0,305,17,0,141,0,1692,97,827,168,0,683,0,0,295,128,54,301,407,357,662,185,322,292,430,218,3,71,1,6,61,229,0,0,0,103,228,238,122,0,1175,345,318,0,662,736,791,77,1,75,0,0,1086,0,0,36,78,17540,94,224,0,0,372,324,876,348,436,686,0,253
132,1,6243,1777,414,0,1,905,0,376,0,6940,283,1456,532,0,2166,1,3,840,666,1441,5305,1381,864,1343,275,1357,1816,837,928,5161,210,351,0,277,994,0,1,0,578,608,1686,549,0,3705,771,1525,0,852,1597,4438,1,0,1437,0,0,5067,0,0,212,415,92403,575,866,0,0,5308,586,1269,180,1251,1815,0,1050
133,0,11021,2830,0,0,835,828,0,3205,0,14251,1096,4747,1998,1,11088,1,1,2420,1299,15037,909,4082,1265,10068,2548,3325,4589,2970,5124,885,704,310,601,2069,3472,0,0,0,365,2483,2237,4540,1,14066,1492,9815,0,1478,7876,8559,1629,0,2229,0,0,19258,0,0,1190,3227,574507,2573,4323,0,0,14079,2286,5121,7159,1504,4001,0,5781
134,0,2450,1104,89,0,391,1068,0,292,0,2828,1007,0,492,63,1394,1,0,828,51,308,2250,1419,933,2726,568,1352,1253,717,506,5350,250,82,0,1613,594,0,0,0,0,410,1071,774,1,1440,586,594,8,1154,2366,5653,0,0,801,0,0,934,0,151,226,88,58707,419,359,0,1,3554,585,1,214,294,687,0,349
135,0,188,59,44,0,215,76,0,19,0,1296,246,96,145,0,472,0,0,115,100,69,165,501,454,776,49,576,327,240,69,55,51,78,0,30,65,0,0,0,39,260,146,107,0,842,119,31,0,464,926,58,0,0,151,0,0,247,1,0,0,27,4982,7,128,0,0,53,152,555,127,472,363,0,109
136,0,721,338,37,0,436,165,0,391,0,4029,593,224,273,15,1841,0,58,596,408,37,947,532,552,727,53,628,427,846,106,70,210,177,49,15,210,0,1,0,54,99,328,271,19,1054,436,142,0,1041,2179,1379,0,1,512,0,0,2261,0,77,20,16,7283,86,402,0,0,614,416,549,212,822,598,0,801
137,0,310,126,83,1,49,36,0,1,0,1832,196,217,92,0,581,1,0,149,149,38,170,515,324,933,151,415,122,175,166,0,47,36,10,6,78,0,0,0,9,337,129,50,0,621,186,45,0,1179,796,1075,32,0,60,1,1,514,0,33,27,6,6756,38,173,0,0,190,192,168,325,626,271,0,371
138,0,294,126,0,0,34,0,0,64,0,1212,183,651,159,0,889,0,1,186,221,50,38,763,587,1129,257,827,153,150,94,0,49,61,0,1,36,0,0,0,22,139,158,38,48,1287,266,25,0,425,1297,1139,16,0,138,0,0,1660,0,43,23,15,12112,0,45,0,0,66,389,136,151,269,253,0,127
139,0,6998,3504,805,0,2196,3369,0,833,0,32113,3071,5800,2003,225,14871,0,238,2847,2536,4917,10768,2087,1420,1484,1151,3304,4475,3154,4379,5382,1189,802,50,1009,2993,0,0,0,838,1573,6927,4095,0,18982,4885,6628,0,11316,15787,5989,329,0,4930,0,0,18767,0,274,360,1662,447061,1273,12226,0,0,25480,3436,3348,6122,4730,8935,0,7335
140,0,3324,347,592,1,0,1168,0,1558,0,7609,181,2304,381,185,5371,0,410,1413,875,415,1260,2267,996,2979,543,1317,1582,1100,3203,1,177,773,0,2,540,0,0,0,1061,527,451,588,0,4985,405,7,0,2603,3495,527,845,0,1120,0,0,5481,0,0,0,1440,696762,501,82,0,0,1621,147,3241,3293,899,322,0,424
141,0,4279,1959,129,0,352,613,0,815,0,6799,447,806,452,0,4014,0,4,797,409,347,662,1686,1128,2394,601,1685,1496,913,2334,232,549,446,109,416,1392,0,0,0,631,615,1586,637,0,3273,1794,2694,0,2490,3106,4402,444,0,936,0,0,4058,0,0,116,125,107983,818,1922,0,0,2828,875,1579,962,1469,1195,0,1626
142,0,2282,628,344,0,897,1057,0,155,0,5828,372,621,399,88,2810,0,331,393,625,914,3099,1533,560,2628,169,1093,1273,1206,1451,488,284,128,46,175,797,0,0,0,440,950,345,1260,149,5480,632,3593,0,295,2916,3895,0,0,1228,0,0,3223,59,0,0,215,89870,148,2091,0,0,3260,161,1796,1593,560,1428,0,1936
143,0,920,182,71,0,63,242,0,0,0,754,249,74,192,0,161,0,0,603,55,51,260,1096,445,1533,173,571,127,0,266,1075,60,112,0,128,47,0,1,0,0,0,325,189,0,842,195,562,0,99,404,2165,112,0,560,0,0,740,0,0,106,24,30853,158,194,0,0,369,160,428,223,202,783,0,15
144,0,8531,4220,570,0,3013,6038,0,3525,0,12614,2274,1,662,0,7748,1,0,1454,1054,7769,11149,5052,2622,5860,612,4446,2512,1815,4663,21547,1984,1485,557,1240,511,0,0,0,615,1723,2637,3846,0,14586,1593,7865,0,5093,13484,10792,0,0,1254,0,1,4825,1,0,738,641,812761,1715,2215,0,0,6332,2831,3688,4701,1630,8855,0,3119
145,0,638,473,25,1,597,0,2,165,0,3223,473,285,144,40,2322,0,211,368,268,0,507,934,568,641,191,902,513,511,220,144,244,71,1,10,243,0,0,0,127,665,196,271,0,1522,598,220,0,1275,626,1098,5,0,617,0,0,1565,0,0,155,48,7717,88,896,13,0,473,50,500,56,679,507,0,213
146,0,13610,3443,1359,0,3893,3191,0,3464,0,26070,5500,4979,1443,129,8587,0,1169,4000,1126,8199,9620,2837,1284,5177,449,1773,4531,5862,5109,15197,1080,696,83,1454,3590,0,0,0,768,3931,8474,5136,245,19676,4598,7859,0,14524,12958,9129,1001,0,1482,0,0,23927,0,14,1336,872,714674,3092,2542,0,0,23446,2553,5509,3171,4979,5959,0,8439
147,0,606,250,13,0,80,405,0,0,0,1904,532,0,152,29,816,0,1,312,60,52,122,282,347,779,200,516,114,392,21,20,67,83,0,111,78,0,0,0,18,323,130,31,30,231,138,96,2,1065,1248,397,35,0,294,0,0,822,0,0,0,49,2806,64,314,0,0,255,380,59,29,197,494,0,311
148,0,12599,5224,744,0,451,1922,0,1544,0,30277,3066,2787,1451,149,12112,0,327,6276,1941,15830,3690,2370,2509,5709,1223,3207,3900,2750,5577,11832,1237,1426,7,985,3390,0,0,0,629,3116,6069,3310,382,13373,3393,2010,0,7025,20964,7204,569,0,2278,0,0,16949,0,43,196,1584,608699,2857,5914,0,1,11915,5269,4541,4458,3236,7312,0,8631
149,0,258,259,83,0,43,36,0,168,0,1048,393,363,48,0,1004,0,0,128,109,2,379,547,489,821,213,691,260,435,25,203,151,36,0,6,230,0,0,0,53,464,225,205,0,855,233,88,34,481,477,921,173,0,83,0,0,993,0,0,11,24,2620,24,1,0,0,88,175,558,0,454,761,0,161
150,0,735,776,72,0,490,203,0,149,0,2750,508,505,298,0,1284,2,65,331,334,195,1978,510,376,816,160,517,439,336,264,1793,154,183,0,13,306,0,0,0,266,875,385,324,16,1097,260,504,48,408,1960,1867,1,1,719,0,0,2211,0,1,51,15,10295,47,367,0,0,625,338,815,32,727,1676,0,602
151,0,538,483,335,0,386,214,0,189,0,4480,1038,906,363,0,2955,0,161,750,281,539,1099,1371,1224,1457,613,929,1371,508,398,504,155,96,28,291,403,0,0,0,221,513,840,453,0,3529,597,1128,0,2103,2341,2041,244,0,1378,0,0,2369,0,1,137,241,16878,202,1577,4,0,2156,425,1627,502,766,312,0,1157
152,0,56,151,0,0,156,76,0,59,0,1673,280,123,79,0,981,0,0,227,170,139,328,499,443,964,228,623,254,117,143,0,110,38,0,9,83,0,1,0,104,172,107,155,0,566,261,122,37,798,626,681,0,2,23,0,0,657,0,0,0,65,7957,7,168,0,0,339,219,201,26,250,377,1,382
153,0,568,419,74,0,50,126,0,290,0,2144,275,363,131,0,786,0,2,222,141,233,1101,559,499,843,291,711,432,265,385,731,34,126,0,24,42,0,0,0,518,82,303,132,0,876,334,394,0,341,647,1740,67,0,181,0,0,529,0,0,85,58,5620,84,89,0,0,529,108,730,142,404,640,1,297
154,0,239,34,23,0,171,238,0,105,0,1974,225,35,70,6,268,0,0,221,73,229,246,577,410,511,132,444,83,270,117,59,84,1,0,64,127,0,2,0,45,147,85,47,0,706,219,117,0,1207,1079,2040,54,0,179,0,0,442,0,0,26,5,16534,75,182,0,0,206,190,151,129,427,342,0,80
155,0,464,337,113,0,147,3,0,154,0,2880,195,81,114,0,820,0,0,101,171,215,417,545,344,816,141,337,535,220,216,703,81,56,75,102,105,0,0,0,328,118,417,135,0,1034,235,827,0,368,942,1263,37,0,269,0,0,672,2,11,48,37,25195,3,184,0,0,850,259,710,178,303,720,1,427
156,0,15311,6408,279,0,1900,2126,0,2640,0,16157,4492,680,847,62,4547,0,321,5634,1822,26123,2819,3698,3040,8436,2580,4598,1376,2141,5229,4464,1271,927,90,4195,5138,0,1,1,1068,1811,5060,3743,896,12373,2223,4665,0,9223,19400,11773,28,0,2287,0,0,13511,0,0,87,1553,641442,3102,6997,0,0,17500,2942,8142,1389,2304,3161,0,8169
157,0,14926,5825,1067,0,945,4502,0,1701,0,18537,1830,3775,3184,113,4758,0,408,3309,466,3142,12490,1622,1153,3347,491,1900,2779,1732,4013,13886,354,1114,0,1006,2380,0,0,0,819,3511,2772,2201,1,7827,2204,8603,0,4435,10959,2757,310,0,1827,0,0,11353,0,0,932,830,245346,1366,3597,0,0,15288,1524,5983,2002,2681,3260,0,7368
158,0,2323,1221,657,0,69,1466,0,1931,0,9625,246,1508,414,0,5156,0,0,873,332,10028,2847,2005,678,2938,419,1849,1661,1695,4296,5977,422,560,0,1736,64,0,0,0,114,589,3776,948,0,6446,1486,4779,122,2469,5691,8147,654,0,461,0,0,12184,0,1,425,661,552479,1184,887,0,0,7903,1048,3857,596,785,2140,0,1041
159,0,3063,993,569,1,726,1043,15,684,0,4372,733,1238,169,247,4764,333,1352,557,1027,443,4042,1536,665,1731,180,1270,1005,1272,1104,6117,399,239,0,502,923,0,156,0,178,432,1417,918,330,4162,734,3092,1,786,3877,5927,0,0,1404,326,0,6562,112,9,353,526,138329,455,431,960,77,2886,1584,1309,708,1154,1996,390,1262
160,81,5506,3529,151,0,707,300,194,3013,0,20555,2038,2631,2123,1,12427,0,0,3889,1354,1534,1465,2770,3181,7217,1045,3943,3726,3563,3810,2789,1643,820,0,2103,2935,0,0,0,870,1334,6579,1947,0,11834,4473,3583,0,9305,13365,20828,1052,0,2997,0,0,17940,0,866,382,2576,494446,1078,3405,1,0,10553,5517,6289,5664,4665,8807,0,8147
161,0,186,161,3,0,39,19,0,36,0,1280,142,164,39,1,241,0,0,306,123,155,122,293,226,289,80,292,148,345,84,0,88,22,0,23,43,0,0,0,32,398,150,77,1,760,255,47,0,336,1024,838,2,0,85,0,0,387,0,0,12,30,2006,3,142,0,0,263,114,206,96,288,197,0,176
162,0,1000,203,67,0,110,2,0,403,0,3860,510,593,242,0,1311,0,0,482,192,465,90,383,392,823,94,344,631,436,526,2,199,87,14,116,285,0,0,0,99,569,589,190,59,2523,489,104,0,1163,2110,1535,27,0,213,0,0,1619,4,71,25,70,43893,125,484,0,0,958,444,1645,230,1246,563,0,567
163,0,13832,5343,67,6,2964,747,0,3018,0,22192,4312,4148,2295,89,14370,6,26,7327,1012,6622,3355,4685,2607,11045,1686,4059,4393,5221,4304,5919,1241,1805,69,292,4721,33,2,0,851,2252,5588,4237,13,14397,4886,5227,15,5571,14856,12715,2293,0,2762,0,0,30073,0,0,162,2312,1457211,3545,5032,2,0,21822,2404,6528,2667,3751,2258,27,13267
164,0,1249,479,47,0,91,296,0,469,0,3818,621,519,261,0,1478,0,11,326,191,336,725,404,493,856,97,523,716,349,272,2843,164,163,49,33,193,0,0,0,103,945,697,343,0,935,619,619,0,484,1754,2897,97,0,597,0,0,1751,0,42,60,74,41850,83,1128,0,0,1334,224,606,715,710,1033,0,621
165,0,1770,1523,1,0,2020,3081,0,443,0,17403,1592,2009,1334,220,11078,0,21,434,2108,6207,1820,3001,1458,6067,1496,2712,4213,1282,3796,777,297,218,638,366,3253,0,0,0,2280,2449,1617,1549,0,13783,2738,669,349,2728,8949,10540,0,1,1180,0,0,11434,424,0,432,1420,339785,1005,631,0,0,13450,1910,5802,5644,1745,3667,0,6238
166,0,795,345,2,0,87,83,11,180,0,2276,107,221,212,26,674,0,0,300,113,256,1170,404,271,525,134,400,547,422,233,2387,67,60,34,11,192,0,0,0,123,262,199,275,0,687,193,601,0,262,400,1145,33,0,632,0,0,1346,0,0,38,51,17059,2,645,0,0,912,204,112,649,232,525,0,448
167,0,1273,264,77,0,379,281,0,42,0,2034,851,0,446,0,1278,0,0,438,147,43,461,799,340,856,78,483,334,99,315,10,408,110,0,227,129,0,0,0,52,620,195,308,103,1047,563,71,28,1182,2158,2125,0,0,413,0,0,521,32,0,8,35,60111,120,486,0,0,1128,757,414,101,1054,2154,0,333
168,0,4649,1301,821,1,32,775,0,776,0,7228,1099,642,827,872,2680,0,114,668,277,1390,946,1672,536,1809,371,744,1008,1298,486,72,278,340,139,266,1601,0,1,0,368,1832,1884,716,153,1641,737,635,0,3129,4811,5395,0,0,341,0,0,4344,4,0,314,820,105360,49,422,0,0,5103,408,2958,1602,1165,541,0,1433
169,0,917,305,87,0,47,44,0,38,0,1945,345,350,121,46,1330,0,62,166,88,151,643,730,618,742,181,724,790,317,442,0,112,79,39,90,202,1,0,0,41,179,190,68,0,1602,360,204,2,670,986,1610,0,0,136,0,0,1179,0,68,74,109,23740,25,174,0,0,668,524,814,174,757,181,0,219
170,0,14262,6222,688,0,2249,6727,5,1221,0,21756,1582,3796,1003,135,14595,0,1044,3263,2116,3995,15575,3671,1598,3593,1026,5036,5889,6196,2360,29786,2520,1218,1,965,4088,0,0,0,1032,3663,4096,3780,552,16087,3205,9738,0,6931,7151,10191,59,20,4175,0,36,11822,6,103,201,1603,834680,2646,6181,0,0,20367,1676,7406,4378,3674,4609,0,4326
171,0,348,68,34,0,60,0,0,122,0,3137,323,267,153,0,692,0,1,388,134,151,83,304,518,784,131,518,277,518,176,28,98,60,1,101,54,0,0,0,56,372,241,63,116,884,484,174,0,338,1045,696,49,0,53,0,0,1655,0,31,0,25,2573,7,293,0,0,377,298,355,81,309,349,0,234
172,0,217,82,0,83,608,0,0,408,0,2673,106,172,282,0,520,152,189,109,358,53,222,1040,813,1460,723,986,1153,97,228,0,164,28,0,0,5,29,211,0,54,482,218,335,183,718,525,0,0,340,637,1,0,0,490,0,214,937,0,0,118,0,2841,78,281,2,0,778,294,272,466,441,112,41,394
173,0,657,328,27,0,0,499,0,292,0,700,173,172,179,0,777,0,0,241,111,37,1134,380,361,999,126,649,378,53,367,1404,19,142,16,59,92,0,66,0,46,327,411,152,0,267,275,358,0,302,443,1679,0,0,415,0,0,1150,0,0,0,47,20166,16,140,0,0,565,439,316,186,299,468,0,20
174,0,5495,3344,271,0,1192,7632,282,354,0,9591,918,230,755,75,3700,0,0,609,52,19307,14967,3069,426,7405,616,2532,1714,122,1872,9242,435,253,0,4479,1478,0,0,0,3,570,1327,2139,201,5621,1787,10861,0,3171,3624,6036,0,0,867,0,0,11272,0,0,477,1020,600309,1260,5164,0,0,13927,1248,2158,1575,549,7484,179,5529
175,0,841,472,187,0,50,595,0,0,0,2500,167,128,0,0,1466,0,0,402,96,174,1546,703,666,936,285,900,594,291,224,2001,72,71,0,289,167,0,0,0,47,409,686,496,202,623,167,758,0,276,508,1917,0,0,398,0,0,1284,0,58,116,55,23911,458,892,0,0,2602,314,688,440,265,1234,0,496
176,0,12792,7242,816,0,1046,5449,0,1700,0,10514,3446,0,1524,88,4785,563,0,2226,629,3805,12373,1369,698,2489,576,1186,3603,2721,4543,16765,1263,768,241,2542,1281,0,0,0,531,2497,4353,2942,56,2119,1977,4432,75,7739,15932,8676,327,0,1939,0,0,6253,4,148,307,983,496927,2434,5106,0,0,14236,2442,1784,1198,1555,8380,0,3801
177,0,976,77,0,0,108,92,0,0,0,1077,296,5,20,0,188,0,1,218,207,283,0,627,867,1346,578,888,163,74,472,1,103,146,19,65,38,0,0,0,58,242,77,318,0,176,127,1,0,677,533,1071,0,0,166,0,0,92,0,0,9,18,3283,15,257,0,0,935,131,338,67,222,753,0,77
178,0,342,231,90,0,55,146,0,178,0,1191,156,0,318,18,526,244,0,233,87,55,1270,385,290,535,84,379,237,163,247,1278,245,77,0,112,130,4,1,0,87,451,281,88,3,371,175,80,0,579,1058,1096,41,0,127,0,0,475,0,0,13,18,11400,185,305,47,0,1021,215,394,89,241,792,0,59
179,0,373,224,36,0,131,644,0,53,0,1073,132,346,216,35,427,0,37,102,106,160,818,388,182,700,167,358,606,257,179,1152,46,22,0,75,54,0,1,0,105,220,144,57,0,587,184,599,0,201,527,1054,0,0,148,0,0,590,0,19,44,75,2743,8,234,0,0,427,203,212,24,360,881,0,223
180,0,187,102,0,0,142,0,0,157,0,1055,159,148,1,0,783,0,0,192,89,357,13,594,396,484,108,723,147,321,232,74,125,0,0,61,24,0,0,0,4,105,27,51,0,701,211,0,0,618,795,590,22,0,280,0,0,416,0,25,43,1,1379,2,290,0,0,151,261,196,78,371,125,0,168
181,0,255,135,64,0,36,0,0,42,0,916,75,166,45,0,706,0,0,232,42,48,119,567,313,607,128,437,116,173,232,57,124,66,0,12,131,0,0,0,16,293,240,114,0,576,44,127,0,456,371,1347,0,0,158,0,0,564,0,0,31,62,13674,10,215,0,0,237,230,197,226,267,230,0,257
182,0,1503,1297,94,0,216,2489,0,419,0,3621,432,547,414,4,3055,0,72,717,236,1056,4905,583,516,1144,79,290,579,339,1315,6267,182,41,0,662,643,0,0,0,124,1153,879,1053,91,2986,662,2825,0,950,2509,3206,0,0,724,0,0,3291,0,2,233,274,62394,696,756,0,0,3984,1008,1882,360,584,2132,0,1563
183,0,9038,4220,2019,4,3996,4154,38,2570,0,19091,6310,0,1817,52,14537,4033,18,5455,1693,3934,8619,1408,882,2900,427,2028,5999,4426,4527,2515,4010,1871,382,4427,4771,0,1,1,645,5786,6546,6074,80,7516,4383,447,10,15441,27780,16551,583,397,4972,2,0,9298,1,576,534,3559,434072,6808,18589,1,1,31113,5335,2863,3053,3072,16318,2,5297
184,0,2084,1711,400,0,1280,1169,0,449,0,6592,517,122,300,40,2931,0,0,1130,384,1985,3465,1012,649,1408,334,1116,629,890,1682,3422,493,321,176,64,419,0,0,0,309,1006,705,987,0,3230,248,4931,0,1314,1595,4254,16,0,893,0,0,2271,0,0,110,278,120885,412,879,0,0,3657,268,982,1664,1192,2518,0,1197
185,0,5176,1875,1274,0,970,334,8,1562,0,13160,2058,1406,743,80,9037,32,206,2116,1238,1278,4039,2015,1726,4663,515,2539,2932,1847,3931,7211,1371,404,0,841,1065,70,0,0,531,2794,3783,2012,53,5530,1564,4192,74,5784,8546,10876,216,48,1930,0,0,8431,32,4,690,1320,727565,2724,2033,10,0,6790,1919,3478,2041,2531,1616,85,4703
186,0,1399,740,139,0,386,1577,0,417,0,6608,1237,873,237,0,1421,0,0,899,109,1340,1767,1096,375,1675,706,1443,347,933,1593,1641,634,148,13,698,512,0,0,0,230,1870,850,1489,193,3164,1040,4706,0,1070,3915,5423,0,0,573,0,0,5411,0,0,153,128,97003,902,1087,0,0,4181,998,2005,878,814,1184,0,1789
187,0,3946,1443,367,0,6,787,0,419,0,6297,648,653,506,9,1989,0,115,647,439,1744,4367,893,496,1362,472,723,1240,1800,2635,1592,231,459,182,115,1213,0,1,20,192,762,955,851,118,2971,1052,6543,0,2661,2159,5597,51,0,313,0,0,5157,86,5,103,250,216876,205,1526,33,0,4236,735,796,872,761,1341,0,1890
188,0,6435,2489,1695,2,2323,978,2944,667,0,11460,2428,712,1848,191,5041,0,79,2187,1504,3961,3890,2898,840,1963,549,1316,4247,2766,4071,3667,1877,741,236,1232,2049,0,0,0,291,2994,3552,2894,0,7623,5805,3208,0,3487,7665,5365,2638,278,2290,0,0,6215,0,632,267,1354,282978,140,2132,0,0,16517,3626,2369,3976,3181,5383,0,4083
189,0,3730,2796,257,0,19,2172,0,17,0,3110,708,106,750,0,504,0,0,690,432,220,2439,1050,980,3342,838,1360,638,547,1363,7615,784,201,1,134,875,0,0,0,0,813,704,808,3,3078,60,1326,0,1059,2030,3730,123,0,302,0,0,1921,0,143,0,25,98955,390,986,0,0,2422,388,1214,1245,93,1295,0,452
190,0,2624,627,380,0,330,394,0,447,0,3032,175,265,126,0,1898,0,0,918,155,752,1110,959,525,1192,352,1046,274,164,1019,2373,22,289,0,1027,890,0,0,0,26,341,236,250,0,2982,688,3826,0,849,1848,3515,1,0,457,0,0,3004,0,2,13,149,96711,186,1056,0,0,1325,278,1398,597,445,1418,0,690
191,0,3273,1043,122,0,425,2326,0,571,0,5340,924,1071,888,42,3755,0,92,903,236,1495,3237,883,303,1502,319,477,845,742,2382,3500,258,125,54,508,568,0,0,0,3,1039,604,878,0,4160,1081,3293,3,1616,3804,6553,51,0,1343,0,0,3784,0,1,38,152,174280,606,979,0,0,3098,845,1770,1427,770,1229,0,1559
192,0,9871,6372,46,0,413,4865,92,1168,0,11173,1827,1182,1122,31,4761,0,1085,761,390,5744,6060,3678,2685,4909,2355,3457,2192,3178,2462,9952,1050,190,0,1426,2261,0,0,0,503,736,1715,2915,1,8241,1757,6222,0,4919,9854,8369,445,0,5417,0,0,8323,4,226,578,2194,484910,847,2041,0,0,8453,3579,416,2372,1344,3442,1,4523
193,0,7507,4678,601,0,2,6670,0,2483,0,5956,1191,905,1932,0,5028,0,0,1603,215,2059,4914,2792,1927,3423,1735,1664,2197,2754,1180,6877,710,62,0,1016,1624,0,0,0,184,2870,1797,1469,0,3031,1580,1183,0,9897,10793,8094,0,0,2337,0,0,7827,0,0,140,1217,66048,493,482,0,0,11552,2128,3294,908,1640,4797,0,2782
194,0,2607,1918,843,0,3,2885,0,1304,0,13284,160,423,859,1124,12343,0,0,1666,159,8845,2758,3349,2116,6081,1661,2873,817,3586,6966,3436,499,1,0,3089,2541,0,0,0,1,2177,2664,4019,0,7190,2097,3880,0,4478,2580,3305,0,0,851,0,0,6103,722,0,1,2276,385417,3407,1020,3,0,5454,4137,5054,4812,946,8589,0,23
195,0,13640,5110,1962,0,8958,17944,0,5511,0,24278,3502,3843,1771,0,11776,0,0,1952,2033,15091,32796,6059,3468,9843,2258,4225,5429,3357,9596,27788,1330,856,1117,5424,4351,0,0,0,1891,5572,7697,5587,1491,30545,5310,18516,0,6379,12144,21136,287,1,5608,0,0,20592,883,0,383,2609,1061130,5140,6863,0,0,20800,2537,15070,9796,4517,9994,0,10289
196,0,1454,903,413,0,178,5996,0,3,0,2648,253,352,0,0,1637,0,295,162,75,1683,8265,826,1094,1466,839,1483,2775,307,1511,9156,199,249,103,200,192,0,0,0,617,1365,1796,535,0,1847,721,2331,0,212,1674,5075,1,0,3189,0,0,2042,0,0,37,458,93228,117,499,0,0,4301,627,1359,1097,728,851,0,1438
197,0,1868,538,512,0,365,216,0,221,0,5038,366,761,285,0,1504,0,126,50,125,1193,2108,713,751,1487,363,800,324,1133,1067,4380,160,103,145,9,287,0,0,0,1,565,208,902,0,2259,720,1333,0,1177,1622,3358,33,0,827,0,0,1505,0,0,3,220,77044,470,735,0,0,2379,710,1049,1769,841,711,0,744
198,0,1422,382,153,0,90,0,0,1,0,3355,434,532,435,0,1969,0,0,403,71,0,1075,1376,743,1420,550,1278,805,401,807,230,222,311,0,148,497,0,0,1,0,591,875,374,0,2922,874,475,106,1488,1235,4076,2,0,374,0,0,4057,0,0,112,147,76650,77,599,0,0,5846,374,649,451,250,959,0,340
199,0,3867,1774,691,0,487,1082,0,828,0,11239,3270,283,398,0,3780,0,1,1688,615,2324,1,3657,1847,3096,1316,3047,3023,2697,1488,1211,3370,247,17,1060,964,0,0,0,267,1041,1949,1609,0,8113,1379,1807,0,4583,7150,2179,0,0,1275,0,0,8222,0,0,237,654,71784,208,2905,0,0,10040,1819,3686,978,2279,4939,1,1598
