,0,1,2,3,4,5,6,7,8,9,10,11,12,13,14,15,16,17,18,19,20,21,22,23,24,25,26,27,28,29,30,31,32,33,34,35,36,37,38,39,40,41,42,43,44,45,46,47,48,49,50,51,52,53,54,55,56,57,58,59,60,61,62,63,64,65,66,67,68,69,70,71,72,73,74,75,76,77
0,1707,1699,398,5161,683,13198,0,1822,494,1437,308,975,3573,0,7213,24,1282,112,5729,20,239,1860,1455,3075,400,1406,274,16,191,1038,994,0,3211,2704,1482,998,1508,168,870,651,3087,824,23,1440,0,0,46384,0,3622,0,0,534,792,1598,2,0,2826,1245,1108,1050,36,0,618,209043,545,585,343,0,573,0,4650,3328,3718,312,0,2507,632,0
1,2,335,0,1697,42,15276,0,1284,3,523,0,488,1386,0,4932,156,1343,67,9426,0,35,5107,2794,11183,2445,8341,291,0,0,38,272,0,2835,495,3086,1362,825,88,2305,0,122,87,373,14,0,0,30908,0,850,0,0,555,913,83,0,0,3676,11,3065,502,0,124,914,518128,132,612,244,0,31,0,5812,2698,2312,1176,1,1649,25,1
2,1019,656,1748,6988,295,12974,0,1582,1325,838,854,2523,2744,0,5348,371,2164,474,4762,123,432,1184,738,1919,101,1507,218,0,378,348,1558,0,1364,846,621,414,2901,1958,627,318,755,662,586,1778,0,0,17104,0,7306,0,0,871,1535,1098,13,3,3674,1216,2268,753,1,0,189,106329,81,255,364,0,150,1,2361,962,2131,114,1,1384,463,0
3,2414,1672,1933,16768,1127,48044,76,4044,3389,1772,913,4085,8236,0,32534,222,11184,980,15783,354,522,1959,838,2004,506,2092,1654,25,5,1734,5754,23,5454,6918,4980,3747,8579,4254,2519,809,2812,998,2518,3699,0,1,9106,0,12370,0,0,9976,3281,3789,382,78,5461,3201,5265,4851,0,0,1285,178621,1175,1137,1635,0,1051,0,7546,4990,12465,751,0,4958,601,0
4,2948,732,3148,25678,957,35769,0,4191,1556,3424,1682,4473,6780,0,22433,972,11910,1011,16515,0,120,3742,1255,4520,742,2862,814,0,489,2010,7061,11,2797,5194,1951,1436,4935,3896,999,969,2730,2029,2884,2204,0,0,9739,385,11366,0,0,6321,4176,3695,2010,0,6329,5978,4130,3726,0,431,1180,161421,0,1252,2885,0,954,0,7918,3697,20084,506,0,3757,1730,0
5,47,1975,2125,18316,10,32761,0,6625,5598,2734,1868,2665,3081,0,21170,1,23390,530,13849,13,2,9776,4716,9512,3391,11770,1710,0,4,890,6759,0,6,10653,1278,9127,248,2850,951,32,913,894,3334,798,1,0,726,0,5560,0,0,9885,1756,908,0,1,2857,2225,4827,4139,0,0,17,461455,0,5098,13,0,127,0,17062,791,4163,1,0,5747,2901,0
6,1991,430,1034,8630,197,12525,91,2711,1627,1236,563,228,4719,0,6081,311,2126,395,4378,129,231,1173,1060,2386,435,1344,627,1,67,501,1741,0,1388,1204,542,634,5588,1127,192,217,3638,302,103,1228,0,0,31734,527,6673,0,0,388,1479,1802,199,2,3491,2641,1283,1012,0,215,150,90145,220,410,488,151,231,0,5228,1343,2603,130,1,2052,7,2
7,264,94,111,1755,0,4150,14,168,139,48,240,341,531,0,1808,0,1058,70,1962,0,0,429,539,824,218,430,658,0,15,197,346,0,278,384,104,422,174,269,114,110,121,260,22,396,0,0,6,0,490,0,0,1121,707,155,237,0,292,497,272,175,0,0,37,1609,14,5,331,0,25,0,330,391,560,0,0,72,121,0
8,2498,2320,1700,7834,1103,24850,0,4305,2,2761,1699,1644,4822,0,12038,421,6627,254,5971,187,527,1454,1331,3205,1476,2437,371,96,216,1968,2135,1,1860,2266,1505,916,7211,2203,250,1028,1995,187,1701,855,0,2,21650,0,4591,0,0,839,2528,820,506,4,3403,2249,1310,3625,0,0,317,23725,30,538,1388,1,75,0,4456,4501,4334,523,0,2455,890,729
9,1049,1431,784,9626,92,13920,1,1923,1451,1242,1213,1119,5530,1,9781,124,3044,261,6710,385,67,789,977,2433,826,1414,2,0,0,924,1199,0,455,5076,2103,1149,800,1671,418,1391,428,808,497,1494,0,0,139,4,2211,0,0,1472,1820,1541,773,8,1120,1920,1436,1780,2,1,221,113434,541,694,682,37,226,0,8759,1558,5046,116,1,1853,58,1
10,34,187,0,1097,140,4395,0,742,5,678,99,187,625,0,1318,2,200,5,1549,0,0,994,725,945,366,819,111,0,0,209,321,128,164,354,225,10,269,479,53,127,132,697,21,89,1,0,11926,0,731,0,0,38,283,3,0,2,1008,433,399,362,0,1,105,23178,75,87,169,0,10,0,1269,392,688,176,2,218,0,1
11,823,602,486,15010,985,22768,45,1632,2133,611,916,457,3128,88,6782,615,2018,95,6329,40,639,3545,2791,5884,2013,2670,815,1,0,1928,1552,552,406,1276,597,1260,1190,1474,766,343,275,1090,123,1875,0,2,3,41,1178,243,0,3450,1121,795,2226,1168,1793,2237,408,629,293,503,263,117407,679,1402,83,370,1123,0,4455,1141,5684,4,0,2056,483,0
12,5011,3251,3815,12940,1862,29550,0,5257,2177,2654,831,2835,7348,0,20006,32,5307,164,11018,231,519,2248,1474,3777,505,2662,718,1,24,1835,3722,181,5770,5538,2409,731,7711,1762,1037,1487,3758,2089,1381,2171,0,0,22747,0,11914,0,0,8625,3852,4144,316,0,7282,2092,4295,3850,0,343,612,174436,157,1088,1686,201,998,0,6057,2653,5342,423,0,2238,2683,0
13,458,315,2,2797,28,8710,5,633,354,448,501,289,1175,2,1292,170,695,5,1387,4,4,2172,1640,2844,372,1606,94,0,0,168,403,397,246,1149,831,221,238,316,151,145,192,0,152,340,0,1,619,149,371,3,4,694,681,196,21,25,747,525,597,137,4,3,59,69487,104,922,2,2,105,0,5601,1206,2031,147,7,392,9,2
14,194,3668,632,2011,4552,8566,1484,763,1320,568,2794,1901,2323,1019,4235,4016,1757,622,4171,1583,1162,1106,563,932,548,605,965,689,1110,4808,1448,1267,395,2448,498,1036,1450,1280,975,446,249,1684,1243,872,2491,802,8639,4700,3703,1057,515,761,1804,687,939,14971,2487,593,1081,843,105,1619,675,112111,555,778,1850,1321,1155,151,1355,427,2233,1258,10136,949,1319,2894
15,0,101,1,5,41,902,2,13,6,0,0,4,42,0,713,0,43,0,137,0,0,679,931,3558,426,2492,5,5,409,40,19,0,5,1,14,49,124,307,828,24,0,535,0,10,0,0,2413,0,0,0,0,5,0,70,57,0,5,68,56,253,0,0,0,178776,0,5,11,0,0,0,15,1,82,107,0,0,200,0
16,8390,6708,3898,28896,1340,32457,0,5892,4509,3461,1357,1478,15757,0,13618,447,20660,1522,13786,0,56,5468,1266,9180,3325,3063,1588,0,0,1514,8134,513,14,17540,3958,4455,2915,4802,2377,1378,1469,2003,1750,4342,0,0,288,0,2007,0,0,14127,1415,1990,116,0,2387,3367,3789,1435,0,635,807,664401,536,1311,1119,0,305,0,20057,4615,23003,1215,1,6975,782,0
17,0,337,288,837,60,3426,53,81,89,67,0,443,1263,0,702,78,969,0,2526,0,53,1485,578,1043,495,701,227,0,0,336,486,0,363,73,79,473,196,477,334,169,74,686,171,175,0,0,5966,0,562,0,0,244,133,406,1,0,771,377,549,22,0,0,137,39320,0,99,15,0,0,0,408,704,434,98,0,287,45,0
18,223,453,8,3149,196,18626,0,1544,831,242,0,2483,2313,0,4549,0,1055,337,6477,0,365,6849,2980,6164,2229,4929,109,0,3,699,1402,214,1862,1320,224,1279,1413,553,46,291,570,968,459,57,0,0,21800,0,3174,0,0,1772,2081,1511,0,0,5220,730,2535,108,0,0,187,111731,0,434,746,0,781,0,1884,2361,4404,147,0,1749,0,0
19,2810,1352,3505,25221,1445,31210,243,6671,2908,3141,1937,2941,10820,0,30984,55,12057,777,20002,897,1323,2490,1567,1972,140,1866,1444,0,686,1473,3632,0,3746,4143,1157,2687,12749,6087,2283,3426,8674,2424,3101,3961,0,0,21077,224,22859,0,0,3054,8042,6988,921,0,5547,4110,4609,3518,0,66,481,155354,724,1020,2091,204,400,0,5598,2982,5910,236,0,6131,420,0
20,17,9893,1328,2884,103,36726,3,3180,1272,919,528,3310,15282,0,3515,993,6842,424,15515,179,828,3863,1118,4675,1236,3390,10279,0,424,2943,2598,289,730,562,917,1621,2741,1758,4598,2781,0,2226,1670,2333,0,1,57480,1,16734,0,0,2275,4147,488,326,0,3519,1885,1816,1824,4084,404,745,504288,291,506,2,0,2,245,4708,4050,7494,2015,0,1054,6457,0
21,721,627,1214,7523,1590,45455,876,4518,1342,8334,547,5049,7185,0,20929,409,10758,68,8980,364,42,4725,1578,5468,1448,2361,774,0,0,1225,2250,0,2691,7648,5088,4614,11448,3218,931,674,3240,1602,3323,577,0,0,26670,0,10007,1,0,5789,8823,7470,274,0,8043,1973,3571,4044,0,1,0,598252,2280,964,1947,1,780,1,13806,8648,17796,2329,0,4433,978,0
22,4,781,816,11263,0,7972,0,389,335,6,572,109,2163,0,7481,0,3061,0,3065,0,91,2716,1008,2817,113,3690,716,0,0,489,935,0,318,717,40,1061,16,78,776,0,0,531,766,952,0,0,5,0,2305,0,0,1901,839,56,0,0,493,463,151,70,0,234,88,15045,385,187,601,0,521,0,2338,589,3916,311,0,2407,0,0
23,3149,2511,3471,28038,1235,47271,181,6062,890,3153,1285,2555,8495,0,32547,97,9721,568,12312,265,862,4134,2011,6286,907,4348,610,921,628,1616,8121,2,6965,3720,3121,719,9060,6135,1,2260,6941,1120,3849,4576,0,0,29031,0,24975,0,0,4389,4339,6925,93,0,9134,3968,10006,396,0,0,1288,134806,1396,1022,1942,4,842,0,12730,3875,12143,840,1,6690,0,0
24,2239,1410,3949,22546,956,27035,0,3810,2071,1794,62,2911,7430,0,20104,580,2421,505,6695,33,76,3630,821,4058,790,4137,1837,0,855,1341,3089,0,2818,5461,1279,1457,8610,3530,787,1201,3615,880,819,4931,0,2,44555,3,15088,0,0,1849,1495,4574,0,1,6942,4432,3915,2577,0,589,496,329234,129,1135,283,0,720,0,7827,3647,4166,2046,2,1230,491,0
25,6439,3961,2064,16075,2344,32655,0,944,3544,0,4436,1,9781,0,15999,0,15122,284,14106,564,0,12950,3419,13923,4172,6044,445,0,0,2110,1382,323,10,7481,85,2267,2496,5797,20,2330,0,1082,33,3396,0,0,283,3227,2085,2,0,6515,1447,0,3091,4,21,3025,4134,6584,1,0,66,553200,0,816,2383,0,1108,0,21711,4613,24187,1208,2,4208,0,0
26,159,40,222,1004,256,7395,32,483,147,5,120,120,628,0,2763,0,1536,76,1541,0,0,1211,1088,1768,290,917,103,0,73,366,325,0,339,597,440,514,380,330,16,270,52,292,81,121,0,0,4,519,597,10,0,98,44,242,422,0,596,519,564,136,0,0,123,19995,0,15,142,0,77,0,480,861,375,131,0,567,0,0
27,2899,1781,2830,18652,1761,29040,0,3797,2278,5234,775,2271,5435,0,27589,365,8108,451,12089,0,394,2752,924,3666,211,2900,728,0,273,588,3198,1,5975,5619,6510,650,6507,2281,368,1009,5228,2642,1716,3152,0,0,14448,4,17909,1,1,3954,2988,2379,284,277,6116,1779,6150,3470,0,157,1387,109314,0,355,1352,3,6,0,9192,4966,14024,3,5,2815,0,2
28,1537,324,654,4101,765,11926,0,2482,16,1572,596,1012,2980,0,6508,153,2097,372,2831,220,361,1595,728,1912,552,1471,225,1,15,359,1399,0,1533,2279,773,680,3463,600,155,918,2857,641,236,1129,0,0,17751,0,4964,0,0,1519,922,722,141,0,3986,1450,940,1630,0,0,497,103285,64,975,399,0,174,0,6191,2256,1758,324,1,1836,538,0
29,1107,6590,1055,3736,6689,5726,2082,1529,733,336,1848,1408,3365,1480,5122,6111,853,992,3690,2500,1683,585,628,1492,275,860,1308,1753,1856,8443,1254,1078,1068,3042,1203,1769,1559,338,939,1067,827,2677,1853,207,2329,1107,15033,9175,2296,1567,1318,787,660,706,1237,30775,1356,935,2984,1889,23,364,1476,144648,668,1881,1880,1572,1312,569,2425,1125,1976,1162,13504,693,2258,6589
30,2183,828,836,9280,329,19342,1,4777,860,1628,1293,1673,5104,0,17874,1,2730,887,8748,38,752,2935,1589,2760,866,1760,999,0,1046,738,2181,257,6084,2639,4811,1444,9932,2762,354,1441,4739,1524,890,1654,0,0,11101,0,8993,0,0,5546,1332,3505,0,2,3192,3904,2847,1442,1,0,493,79242,238,47,1701,362,64,1,4085,3161,2339,0,8,2955,285,0
31,0,2941,0,4975,1634,50465,0,3688,4286,5053,808,1,2970,0,18993,0,15904,0,12729,0,0,18509,3594,20621,2261,12873,1,0,0,3261,3619,0,5,2174,264,2452,1316,4,2986,4035,1349,5095,179,0,0,0,404,7526,3091,0,0,6096,1981,1838,1133,2,2605,12,4808,3742,0,0,30,477490,0,1208,20,0,17,0,16839,6639,18454,13,5,8153,1624,2
32,7,2981,0,15948,1121,30803,1,1982,4186,576,0,2112,7049,0,21530,178,15127,0,4980,0,14,8080,6559,19471,1758,9357,701,0,422,1488,2990,1281,60,10042,1333,119,1578,777,705,722,248,2758,828,3534,1,0,11,1,4246,0,0,3550,819,2658,0,1,3565,2613,3,2298,1,763,549,298638,477,279,2418,0,290,0,3985,1824,7346,85,0,5674,342,2
33,3042,622,202,14119,2877,26149,0,7570,3830,2920,199,1449,7351,0,13764,3,4119,880,9815,296,15,2850,1133,3370,474,3346,641,0,818,615,2877,422,5057,5342,1657,1952,7770,1659,542,1256,6241,857,60,2860,0,0,26925,1,9121,0,0,4197,4026,3211,16,0,7325,1463,2468,1888,0,0,383,122886,2173,899,1095,726,345,1,8700,9462,8200,167,0,4607,861,0
34,646,12,266,564,303,3498,0,1049,7,162,1,236,600,0,1465,0,406,53,1285,46,45,977,403,1046,321,1008,111,0,117,256,205,1,305,468,415,156,417,271,69,10,415,176,89,671,0,0,10059,0,590,0,0,251,273,257,15,1,932,229,192,278,0,0,338,37508,53,200,0,0,1,0,1749,528,700,129,1,234,23,0
35,3145,1583,2208,17474,2313,21468,0,6300,2142,4181,1824,3259,6622,0,13895,95,5879,871,10999,3,185,2595,878,4893,768,2125,788,0,197,878,3711,387,2564,7011,3179,1578,7451,2537,1499,1869,3079,2120,995,1883,0,0,9465,1,10498,0,0,3329,4263,3498,615,0,5633,3379,1935,2013,0,424,1172,109695,0,177,2675,0,1874,0,4873,2322,4972,626,1,4488,50,1
36,80,354,1016,12754,0,30410,0,1550,3714,2371,1741,274,3644,0,17055,1898,8170,2016,4738,0,5,7938,2184,15410,3947,5964,393,0,972,688,5499,0,623,10080,2501,4186,812,4797,201,2097,0,864,593,4,0,0,1,1,3210,0,0,5449,660,2361,924,1,4051,1911,345,3281,0,0,157,634814,0,2513,1971,0,1404,0,13585,5361,9510,697,0,8426,79,0
37,690,1807,1626,8717,942,24414,4,1820,1562,1673,428,923,3526,1,14347,202,2084,461,5898,23,65,1260,736,1764,168,1490,397,0,100,651,1188,0,1036,2175,2609,1344,2118,1048,202,565,528,1384,935,862,0,0,16001,0,2146,1,0,993,973,1356,22,1,1639,2139,577,817,0,1,673,177851,27,388,0,0,827,0,7448,1798,3791,481,2,1097,594,0
38,1961,7,1,26952,1540,68920,0,2676,1197,3151,86,2400,3760,0,23458,0,18156,1700,9975,0,15,11371,3645,15662,4202,7448,194,0,1,1004,4523,0,805,10179,1319,6679,3716,4378,17,65,603,2816,1187,1802,0,1,389,0,5122,0,0,14516,1290,3950,1213,0,2000,504,6101,3179,0,0,2060,570990,1289,1311,155,0,282,0,23948,3421,17331,572,0,9368,20,0
39,1867,1266,0,4526,437,7868,0,1255,408,489,459,405,1461,1,8890,0,4831,214,2348,0,157,1248,564,4199,798,1183,1008,0,83,505,1384,163,193,2826,164,1766,1593,412,716,66,478,727,656,725,0,0,15286,2529,756,207,0,3991,89,130,841,0,865,558,385,185,0,0,254,613778,0,1283,563,0,204,1,7309,2805,1466,49,0,1784,92,0
40,219,1128,938,5658,19,8720,0,3921,4449,506,62,548,6042,0,4689,0,5641,707,5347,0,1,3601,4453,7750,3433,7271,3,0,0,434,1729,0,1177,2149,818,4142,2259,291,1009,681,546,1201,176,1101,0,0,5,0,445,0,0,2988,437,1299,406,0,606,6,1341,678,0,0,1706,335329,660,1514,720,0,1395,0,10264,1688,6715,178,0,2308,1045,0
41,277,10320,1559,5220,7396,14379,5854,2268,1060,703,6287,3397,4816,3240,8630,13893,951,1503,2747,2637,754,2322,1244,3369,284,1475,699,2567,3241,8694,1783,4132,263,3139,749,1479,1277,935,1355,1107,1253,1839,1512,556,6492,6768,21228,11973,6659,1801,1849,510,992,766,947,47254,5908,1021,2304,2319,5247,3115,2087,309295,530,2508,333,5080,2064,3163,3364,2584,2554,2991,23415,1015,2195,8687
42,1589,1661,1714,22091,971,29063,0,4017,2127,4167,1322,4578,8318,0,21744,512,4467,284,10093,0,1071,1796,1248,3305,353,1367,687,0,1084,1508,4536,0,5729,8465,3923,1576,6238,5630,2010,1442,3896,2255,1365,2297,0,1,9128,0,18917,0,0,4906,2476,3964,466,1,6309,5171,1548,2792,0,509,966,142965,354,1204,2982,1,186,0,9019,5802,12873,1017,1,4399,549,0
43,1784,702,5,1465,1223,1458,0,1837,192,784,0,0,428,0,2292,0,112,0,1910,0,0,7974,2093,7765,1328,4723,0,0,0,715,347,0,44,524,0,76,0,868,12,0,377,48,31,0,0,0,39004,0,111,0,0,65,942,88,0,0,173,450,594,1152,0,0,838,166297,11,153,0,0,161,0,1607,1349,181,984,0,79,0,0
44,913,701,597,4138,635,11312,0,1296,1262,400,964,1271,2816,1,6102,1,1405,173,5433,0,205,1158,949,2348,384,1162,363,0,317,152,1326,1,619,1345,406,281,2382,539,333,143,1254,1115,468,695,0,0,523,235,2033,0,0,1972,1121,1370,148,0,914,887,914,1094,0,0,51,11405,0,273,550,0,145,0,642,561,901,479,0,1404,245,0
45,6077,2893,2238,47916,2515,42283,0,2432,2719,2220,3462,3108,20573,0,35693,1547,29631,739,20821,0,505,2989,944,3960,1070,2063,2473,0,848,2258,6483,0,665,8601,2693,6343,652,6837,2052,2359,341,4830,2513,3813,0,0,162,401,3083,0,0,17561,4038,2085,28,2,1716,5239,1976,4258,1060,241,1905,267571,339,1152,4059,0,747,0,13867,2415,17446,739,0,4244,1085,109
46,1116,1633,321,3992,0,9190,2,1424,838,1161,424,345,2568,0,3406,0,1400,287,4211,213,176,2438,1168,3228,341,1900,149,0,378,174,402,2,179,2544,363,194,1115,1092,277,989,339,566,224,407,0,1,297,0,1225,0,0,1102,0,927,141,0,1302,677,967,307,0,0,481,92171,0,251,201,217,134,1,2640,1464,2013,0,0,1599,190,0
47,1,5,0,779,40,495,0,257,0,15,0,48,10,0,32,0,748,0,345,0,1,9769,2378,8583,3520,6949,1,0,0,314,144,181,172,114,1750,1154,339,1,57,66,19,6,0,519,0,0,8804,0,0,0,0,42,34,26,0,1,757,0,118,0,0,0,58,248361,0,94,1,0,34,0,749,148,2177,8,1,58,417,0
48,1623,780,1570,18098,415,10571,1,436,1713,498,1533,1,6283,0,3804,352,3801,390,4513,162,367,1300,842,2279,456,1039,492,0,107,639,1918,5,287,1044,227,1353,249,2241,518,874,399,588,679,1534,0,0,478,0,948,0,0,3262,680,891,398,0,372,2241,424,781,0,120,47,17778,117,291,304,0,132,0,1944,542,2605,284,0,1139,566,0
49,5030,578,1030,14297,2662,49665,0,3700,4560,2399,1959,1919,5548,0,24074,0,9937,1216,20178,118,424,4445,2084,12024,3255,5959,2010,0,0,1874,6655,0,809,8395,3862,1558,2383,3750,2653,1137,1879,3298,1477,2353,1,0,16,979,648,0,0,3444,3708,1453,388,0,2153,7114,3682,4072,1,4,1384,799098,943,2233,1083,0,1716,0,22208,5081,11407,734,0,9885,14,0
50,950,188,243,2847,333,4264,0,933,254,208,511,537,1260,0,2747,0,946,6,4280,5,80,1729,1342,2872,1066,1020,111,0,72,333,444,94,1245,433,312,339,839,404,440,601,614,234,402,169,0,0,23409,656,323,0,0,405,735,773,94,27,897,1224,457,170,1089,132,354,76180,279,60,311,0,106,0,2156,1352,3202,169,0,1007,26,0
51,5007,1629,3759,21733,1449,22743,0,6476,2889,3712,1551,1483,10510,0,24617,0,6752,770,15359,5,645,3072,830,4808,1433,2801,380,0,1302,1650,6234,0,7062,7660,3159,1869,10692,3240,1678,1471,6421,3657,1676,2763,0,0,23669,0,13300,0,0,7261,3867,3519,656,0,7021,4641,4913,2092,0,45,2597,129565,336,1056,3310,0,695,0,8215,4979,11302,38,1,5993,1291,0
52,542,235,560,5301,106,8640,0,586,556,140,468,1219,2394,0,5700,278,1210,85,3424,0,2,704,554,1041,256,693,248,0,76,203,783,156,1188,871,299,188,978,763,194,379,392,707,160,905,0,0,35,44,1518,0,0,1987,696,1119,2,0,725,765,380,379,0,0,67,4915,207,160,265,0,221,0,1056,759,1216,129,1,971,285,0
53,4360,4264,2325,19048,2224,35358,198,6125,2251,6711,1613,4044,7832,0,30353,468,6344,989,11657,801,1164,2548,1084,5379,713,1750,1492,0,829,2210,6067,197,4926,9584,3978,2049,10691,3795,2168,674,3412,1859,2455,2474,0,0,19683,0,13325,0,0,5771,3392,4267,439,0,7838,4249,2594,3738,0,0,963,159390,245,1348,2632,0,937,0,9352,9235,10533,477,2,5949,188,208
54,4272,5299,6931,32664,23,18971,0,2445,6709,0,1426,0,14332,0,3798,1700,8278,1254,4911,0,34,7946,1897,6311,1854,5110,2054,0,1557,1769,11084,505,63,23668,2053,5623,560,6127,465,4559,0,1937,19,3327,0,0,5,0,4,0,0,9812,0,11,534,0,1722,5621,121,2596,0,0,497,390664,0,3600,676,0,2235,0,12708,2099,7178,1639,0,5032,1592,0
55,2314,3593,71,13837,1,29597,0,7252,3502,2272,1746,2427,13899,0,13763,548,17321,1776,10041,483,2,8868,3944,15665,1973,7401,0,0,0,1364,5124,0,2204,12949,4303,2997,2165,3379,706,304,0,4057,100,2840,0,0,34,0,1,0,0,9375,3151,1621,7,763,1104,1892,1948,677,0,1225,15,564084,0,3419,35,256,53,0,11754,2987,11177,46,1,5856,0,0
56,273,34,14,4342,177,10001,0,2039,1883,280,308,722,3774,0,1511,12,3284,0,3164,16,0,4174,1565,6740,1199,5208,4,0,539,492,792,0,1388,798,1230,10,2571,2,1304,610,760,79,893,1189,0,0,5263,0,2139,0,0,993,1258,748,27,0,1262,1062,1151,3610,0,0,41,652809,0,1649,184,0,330,0,2196,3611,3870,107,2,2207,1,0
57,80,213,587,2035,0,4017,0,254,118,366,70,97,1533,0,1630,0,283,24,1656,0,240,733,645,1574,406,1280,75,0,43,92,331,0,57,280,0,104,652,288,108,78,106,309,74,360,0,0,107,442,364,0,0,824,319,246,116,0,73,617,492,204,0,0,147,17126,120,75,124,0,90,1,780,393,890,215,1,546,0,0
58,3700,52,1461,26084,4847,43547,0,9167,1931,188,2887,774,8281,0,11926,0,26352,876,14385,0,13,13482,3217,9776,3822,6834,3896,0,0,2560,2178,0,1691,9464,3573,3550,0,2046,194,1359,380,2354,42,3919,0,0,701,0,838,0,0,4968,2238,1956,0,5,3901,4793,455,3950,0,0,39,532719,777,1994,1,0,869,0,16778,2954,12541,0,1,5363,1,0
59,3088,5238,1376,17810,0,30728,0,6510,1968,3189,405,1264,8275,0,21399,394,4849,374,7213,0,152,2287,1056,5112,1179,3755,1578,0,93,738,5075,777,8939,11188,6336,1776,11465,3421,1617,2068,6939,2046,1657,2187,0,0,25672,0,20221,0,0,2718,3141,4896,737,1,8766,2544,6129,7500,0,0,545,403641,387,1026,979,0,212,0,19419,12561,5168,2434,0,3807,643,0
60,1849,909,2503,14204,699,16479,0,3635,1687,2078,986,2101,6135,0,4890,54,904,229,7720,11,1685,2570,1745,5278,895,3914,285,0,0,405,3034,3,2398,4250,1671,114,8572,3181,414,1235,2512,1488,91,1724,0,0,13474,0,11337,0,0,2963,2598,2795,0,0,2616,2126,5348,786,0,338,1662,91235,0,0,35,3,581,0,2406,4553,4022,0,0,3067,1232,0
61,911,20,335,7115,253,27255,0,1103,358,1810,404,1037,1195,0,7284,955,10788,57,5746,0,307,4722,1436,6518,1504,3070,774,0,0,1621,405,13,0,2291,1040,874,115,899,912,1128,0,2088,385,1,0,0,13,4683,1752,1022,0,4627,486,614,1086,2,1716,670,45,869,0,0,122,192307,5,5102,452,7,294,0,7214,1420,5794,413,0,209,680,0
62,1493,3242,1076,15203,115,29645,0,3228,2454,2439,1285,2421,4249,0,10202,971,6604,674,5136,130,0,4009,3458,6953,1964,3499,481,0,411,1711,1886,0,527,3661,3423,2270,776,3749,1488,410,673,1484,1743,2446,0,1,416,1,456,272,0,5631,244,2830,637,0,1961,1097,3009,2730,1,0,147,194202,1166,565,1490,2,7,0,14902,1411,9560,18,0,5654,3,0
63,637,7293,1933,3270,5779,9191,1846,740,687,550,7242,3338,3950,1543,4558,8004,1075,1512,6260,1080,1173,1314,1320,2369,881,1551,2495,1632,486,7689,1286,2894,629,2199,599,1352,625,748,1795,1506,927,1713,1604,1239,2894,4167,43828,7986,2271,1095,1262,242,521,398,865,32330,1898,1149,1454,1284,10720,2618,1253,311556,1043,2019,623,3862,1139,1548,1165,948,3303,2210,16601,847,1968,7755
64,0,665,269,4242,806,8593,2,544,1030,368,227,230,913,0,5056,26,5689,0,3566,1,0,2600,785,3109,327,2223,547,0,1,587,564,0,427,1434,860,666,789,524,0,306,316,146,31,421,0,1,13,0,1351,0,0,358,0,836,20,6,598,477,167,464,0,2,147,61233,0,807,44,0,173,0,5920,598,3823,182,4,2657,234,3
65,611,1199,403,5351,449,7746,0,2003,1162,1354,330,467,2809,0,3114,3,895,205,3324,54,118,464,527,1111,180,473,136,1,341,365,1185,1,1500,2232,586,583,2321,1163,74,196,1464,98,255,673,0,1,14526,1,2022,0,0,1587,977,489,209,2,2322,906,748,993,0,0,637,64479,1,472,51,1,176,0,3723,1625,1815,410,2,1209,351,1
66,2793,780,1391,9676,2747,8281,2,9845,1077,2547,386,2295,3904,0,9192,2,3584,952,3288,60,2,5055,1047,7088,394,3111,780,0,689,308,1919,0,6472,7264,3985,2876,12448,1084,381,763,9004,471,1945,2193,1,0,46401,1,11216,0,0,4709,3773,3427,0,2,7681,2156,2701,3920,0,0,643,239717,1001,2612,666,0,4,0,7623,7205,4841,863,0,4419,805,0
67,1667,414,572,4790,389,15645,0,2446,808,1731,217,1460,2764,0,21730,0,3393,0,15390,0,0,3045,1493,5469,1378,2804,597,0,0,288,1676,0,3686,2279,2167,1835,1960,1027,826,634,1539,2144,440,1046,0,0,15558,0,4730,0,0,1080,2134,1346,58,0,3719,1459,2580,1150,0,0,2580,86824,931,154,1256,0,811,1,5000,2325,3019,519,0,2792,322,0
68,1404,2151,564,9044,447,17388,0,724,1897,1186,1564,1893,4071,0,7207,358,3542,132,4032,66,103,635,737,1331,0,514,100,0,468,205,1102,11,528,2946,1006,706,1593,1553,762,665,261,1114,1377,1131,0,0,44,0,1942,0,0,1934,585,1244,98,2,1713,2021,1015,1499,0,110,359,86150,156,410,375,0,94,0,3552,1248,2557,264,0,2507,408,0
69,3209,1920,4274,19866,2527,56903,0,4439,1983,3358,1084,2975,10857,0,36595,0,15004,603,16583,230,15,2822,1341,3760,1644,1509,1178,1,160,1701,4552,2,3678,5572,3770,5091,4096,5496,2313,2082,2463,5222,4362,4019,0,0,12897,0,8569,0,0,4932,6547,4322,826,0,5617,8883,2962,4332,1,538,1381,256262,877,884,615,0,1700,0,11779,6807,11195,742,0,8607,11,0
70,2489,1423,791,8199,1474,24320,1,4057,952,5715,2021,3302,8038,0,25099,0,5232,359,13692,0,10,2853,1901,2926,1275,2900,2686,0,338,1233,3390,419,2221,2851,1768,557,5672,3179,558,1756,6573,1664,468,1340,1,0,24848,0,4209,0,0,6502,3664,3261,695,0,4857,2427,2232,482,0,40,535,118904,911,343,1263,41,570,0,3197,2742,3956,548,0,1905,1007,0
71,0,7288,1834,8815,2481,34629,0,7689,5159,2013,0,3604,5872,0,12863,2,23109,3347,10085,0,290,17023,4297,17800,7214,11663,1753,0,0,2511,3102,0,152,24108,4893,4564,298,3540,40,0,0,4306,0,1257,0,0,9,0,0,0,0,16293,43,4068,2811,286,4068,3558,3169,4908,2,0,466,282447,0,2589,484,0,577,517,17863,3179,11904,141,1,2549,13,0
72,26,1383,99,3313,1979,22338,0,210,2434,20,10,13,1994,2,11768,1,11303,52,9883,1,0,9988,2190,21030,296,8603,8,0,0,3066,810,0,1,2823,2394,2629,395,2,141,544,0,1351,0,0,0,0,5,2011,0,2,0,2835,1207,61,251,2,2640,852,0,1813,8,4,487,344044,171,3255,684,3,1,1,8532,2303,3347,613,4,6068,2446,4
73,267,1087,958,2028,220,11372,0,265,318,679,35,461,1662,0,5258,149,2533,402,2450,0,12,3348,856,3800,1061,1911,1,0,193,242,443,0,288,1602,158,304,834,552,564,353,0,698,310,55,0,0,5,0,415,58,0,349,203,791,200,0,927,534,491,403,0,0,315,85419,54,889,2,0,12,0,7009,1762,2078,0,1,1284,1,0
74,520,778,290,2535,1012,4381,0,621,22,191,0,0,730,0,913,217,317,15,1433,2,0,2726,1928,5264,837,2031,2,0,0,327,629,10,420,802,13,0,174,337,238,82,304,161,15,560,0,0,0,0,78,0,0,571,0,718,2,12,667,16,552,210,0,0,204,41615,9,2,25,0,16,0,2739,488,994,264,0,278,197,0
75,0,10,505,1995,0,4569,0,97,732,1,0,310,221,0,1630,0,4754,94,2213,0,193,2217,2143,3965,507,2052,2,0,0,1012,385,270,0,643,186,1196,0,621,7,1,28,433,0,0,0,0,4,360,0,129,0,3045,374,0,350,10,7,42,0,149,0,271,89,13153,0,326,2,0,0,0,221,87,899,77,0,82,0,0
76,1678,1819,1258,10678,602,29785,11,1905,2452,2823,708,3015,4704,0,13117,192,7248,404,10609,86,128,1795,716,1865,535,1562,865,0,546,587,3231,5,2539,6619,2691,1486,4960,1799,454,1440,1847,1633,998,1476,0,0,20804,0,5281,1,0,4430,2375,2154,690,9,3520,2344,2973,2129,221,0,1121,174897,274,2453,1124,1,283,0,12855,4223,11774,1388,0,2427,99,0
77,1371,703,1293,7687,5,12116,0,1014,754,206,1060,883,3535,0,4588,417,1540,379,7774,7,128,1300,787,1326,415,616,906,0,283,784,1692,52,678,2001,884,2054,261,1956,664,392,212,731,529,1176,0,0,5,204,1547,0,0,1779,156,461,207,112,442,2364,314,863,0,189,797,11543,100,178,397,0,96,0,2941,810,2042,311,1,2661,429,0
78,6,1403,403,13,0,2754,0,1587,1030,193,1,121,2466,0,2,0,3130,137,520,0,18,1397,434,2985,552,1247,5254,1,275,464,316,1,9,1023,870,1919,471,567,1336,84,0,734,214,384,0,1,5414,195,5218,47,0,1941,1810,921,295,3,1593,27,413,431,2,0,0,864345,0,1480,332,0,234,1,2147,1755,924,468,0,239,1360,0
79,2089,2,1218,7193,2566,21964,0,2005,2929,1898,304,2,2274,0,4764,2,16542,1819,9505,0,91,17435,4514,26237,2845,14039,626,2,0,3896,3819,0,607,12926,1732,8423,1,4214,1053,0,0,1593,3962,127,0,0,26,0,128,0,0,15727,602,1608,2167,6,1,30,55,1890,0,1102,528,530719,0,6141,32,0,0,0,27548,1802,10939,0,0,3815,147,1
80,2108,1040,756,7770,716,24795,0,2124,417,2141,223,2276,4573,0,11269,348,5185,194,5261,0,1,930,662,1462,303,741,480,0,38,558,2090,23,2616,3107,1783,1007,3545,792,408,422,1048,1396,583,750,0,0,17182,0,4257,2,0,2686,1842,2091,491,5,3200,2185,2048,2045,1,1,411,112158,62,1840,1071,129,513,0,6477,3092,6426,1138,2,2804,663,2
81,6861,6636,4148,31686,3456,41951,0,4911,6166,438,2538,2342,28560,0,17323,633,5071,728,25264,0,184,4304,3399,14271,4531,5194,2880,0,107,1599,11140,1,941,17975,2065,2062,3851,8335,2237,942,1220,1876,889,7780,0,0,1659,0,4763,0,0,8074,4960,4107,744,1,2536,6549,2273,4196,86,536,2939,325357,414,66,707,0,2015,0,8971,8020,12959,349,0,6283,0,1
82,1823,1105,2396,15783,1161,26498,0,4901,694,3032,1367,3249,4785,0,21140,1,4114,579,11070,178,116,1962,895,3545,1578,2299,3,0,51,1152,2309,1,3910,3472,5508,882,2834,3703,2027,987,1903,2027,1452,2115,0,1,14452,0,6929,0,0,988,1707,3880,128,0,3011,2516,3338,2017,0,0,2026,15616,4,202,1953,0,227,0,3618,5081,4323,456,0,5395,111,0
83,469,377,419,3703,657,8915,3,2682,765,766,854,1555,2690,0,8658,0,2306,127,8465,211,9,1180,1182,3177,459,1721,707,9,233,259,996,104,1876,2314,1338,775,958,902,293,642,1994,1321,757,646,0,0,2570,0,3340,0,0,788,628,1191,163,1,2890,1694,1385,939,0,248,352,45924,144,38,267,0,281,3,2984,2303,2901,46,0,1333,189,0
84,2211,1710,572,6795,1005,9554,1,3523,1594,1431,1194,1239,3365,0,5264,0,1896,318,4320,45,3,2204,888,3528,481,2056,71,0,297,279,1171,11,3710,4040,1210,296,5418,332,850,1134,1678,330,0,1045,0,0,33784,0,976,0,1,2436,2953,978,203,0,4179,474,1225,1183,0,0,639,221178,90,1306,152,0,226,0,4578,3267,2589,294,0,2074,3,0
85,246,122,69,1816,15,1963,0,347,208,120,0,155,856,0,216,0,943,51,1001,0,79,419,491,1012,279,504,91,0,0,84,279,0,30,154,93,228,107,330,77,68,0,61,2,39,0,0,1,718,78,0,0,348,0,64,7,0,2,462,214,246,0,0,248,7336,0,6,249,0,152,0,978,247,671,178,0,332,67,0
86,2628,1733,1921,13680,998,31232,1,4266,2237,4652,815,3084,7456,0,15608,611,5676,650,11037,122,171,1686,676,2523,369,1436,1142,1,146,566,3494,4,3360,7631,4138,2052,5418,1507,1271,860,4793,2198,1692,1190,0,0,21157,0,9975,0,0,2924,1716,3024,896,3,7582,3307,3937,4155,3,211,1080,260179,1135,1304,1077,0,525,0,15027,5392,9698,880,0,5388,345,0
87,2826,4505,894,13238,1120,39422,0,9836,947,3705,521,2292,6826,0,34929,2,8883,1224,8896,0,88,3683,1255,3593,890,2966,524,0,273,516,2961,0,8909,8271,10438,2,13444,1793,216,4103,3801,2629,1741,3056,0,0,39181,1,18973,0,0,414,4977,3538,64,0,10210,3202,5723,3210,1,1,103,300325,523,1791,782,0,239,0,20392,8527,10199,643,2,6923,0,0
88,2356,575,591,11449,16,11266,1,3954,1595,1428,363,136,1459,0,8580,0,3904,48,3343,0,369,1701,1443,4233,734,1661,3,0,0,421,1303,0,1875,2152,2252,86,1170,1299,226,502,835,682,653,784,0,0,3848,0,6475,0,0,1340,1163,1869,393,0,1497,2813,738,1531,0,0,72,42915,1347,955,2465,0,710,1,2372,2570,2775,1431,0,1294,0,0
89,1592,9537,2965,18144,15739,56373,6527,2381,3083,2358,9071,6003,10947,1810,19278,15521,10730,2533,11529,2386,1420,2680,1023,4174,1547,2255,5817,3783,2464,9279,1770,4553,2743,11249,3722,7614,4710,7603,2407,1968,1107,4843,4003,1630,7750,3988,26511,14923,11751,3354,2796,6698,2776,2916,2744,49243,8595,1299,870,6100,24558,6333,3206,402438,1042,2930,1249,7336,1779,961,12275,6064,13382,7518,20850,6157,5169,20052
90,12,2122,1415,4850,599,7128,0,637,1532,508,390,1,3181,0,4093,0,3169,686,6184,0,0,1806,1383,4346,1521,2131,780,0,0,1447,1814,13,92,2880,0,1044,703,1839,430,297,0,587,648,963,0,0,4,0,24,0,0,3371,338,523,221,0,207,2718,90,41,1,0,521,111062,0,400,1452,0,0,0,6440,1473,2242,7,0,746,0,0
91,5137,678,0,32658,1364,51352,2,4709,1562,1660,1377,2028,15759,0,18753,1025,21432,181,19245,444,9,10714,4841,10682,2830,7385,579,0,463,2162,3151,2442,965,13010,814,6253,964,6511,634,811,0,4904,128,3890,0,0,3,1,2644,0,0,10735,5081,3810,2073,3,3149,2365,1611,2259,0,623,1714,246139,483,1490,6232,0,0,0,10791,2754,16586,1937,2,7449,1260,0
92,2867,1232,2229,17824,217,40689,15,4466,1128,2781,1631,6455,6146,7,14118,43,4342,374,11948,46,63,4349,1826,3067,102,3065,394,11,511,1464,6733,22,1206,4179,1137,1048,4752,4565,2178,1849,3431,1027,229,655,17,26,25110,33,10125,25,3,3922,3649,2049,1029,150,5442,2696,1754,2334,163,37,519,1105105,9,485,804,29,98,20,8578,5305,8997,1839,77,4540,1,97
93,4122,2556,658,12898,810,13690,1,3179,1933,1935,1001,1132,8261,0,9807,169,3523,570,5026,43,159,1913,852,2389,547,1147,741,0,41,1029,2586,4,1584,7236,2085,321,4780,2025,994,878,2095,677,499,2134,1,0,24662,1,3261,0,0,3871,1300,635,538,0,5036,3211,2907,1809,0,122,2118,123835,0,511,397,0,1111,0,5294,3768,3460,397,1,1879,423,0
94,3724,1378,1721,18026,895,21724,1,4146,1424,2324,32,1300,9913,0,16333,339,4844,673,6313,176,1342,1414,1316,3810,786,1648,1436,0,119,599,1936,0,3128,6905,1766,468,5953,955,642,738,1522,853,735,1112,0,0,18354,0,7803,0,0,3939,2722,3042,0,0,3440,2824,1861,2372,0,1,2150,95526,1066,877,1,0,598,0,4056,1636,6186,162,2,2415,18,0
95,288,187,454,3038,255,7858,0,771,433,871,154,1337,1283,0,5458,65,1811,350,2764,3,15,1707,981,2202,339,907,379,0,0,523,717,1,1164,2325,909,416,1779,737,79,199,977,495,204,264,1,0,24050,1,2314,0,0,1359,460,744,545,2,1191,181,326,791,1,0,113,28704,267,368,112,1,266,1,3647,1324,2644,273,1,1327,1,0
96,6605,91,0,27102,1772,15791,0,4890,6748,1832,1051,0,9148,0,9790,1345,23609,406,14095,0,15,12409,6510,22913,7053,9797,1474,0,0,8913,8166,1276,0,9143,4989,7,0,9459,2851,196,1354,2021,6086,4927,0,0,182,0,4261,0,1,6725,8176,1894,3902,3,104,5766,160,1513,0,0,2922,316317,0,3458,2480,3351,0,0,10808,930,12434,30,1,15447,1,0
97,2376,602,896,11691,972,14987,0,1332,1810,1318,1127,3108,4730,0,5777,1,6236,951,6475,455,736,2633,1438,4496,1037,3232,551,0,288,957,2493,0,510,6337,1181,1708,882,3188,575,741,249,2100,327,2809,0,0,140,0,2579,0,0,4131,859,1704,20,0,1812,4399,983,811,0,178,1404,126813,123,28,1395,0,800,0,4193,1659,4375,334,0,1747,403,0
98,4332,779,1654,11318,1641,23319,0,2896,2100,1665,107,24,6795,0,13646,591,11559,35,4501,0,0,5129,2223,6650,1493,6487,737,0,801,1703,4821,0,341,9706,241,4356,6694,3013,737,1236,2705,425,2363,2938,0,0,294,2143,146,156,1,9838,287,1897,297,0,3169,1517,2575,1205,0,12,8,593175,0,1103,3227,0,85,0,12940,6187,7733,4004,5,3133,81,0
99,6362,1330,4792,16690,0,47024,0,4694,2335,1047,746,487,10993,0,17479,1950,8362,970,9389,0,473,15919,7834,21177,2672,15336,1993,0,0,2626,5848,88,0,6221,1165,2602,1379,6607,33,767,0,4033,6,6432,0,0,141,4887,1876,547,0,9127,1256,1358,5068,1,4543,2041,1408,2902,1026,0,625,198019,6,5617,154,0,0,1,6881,3566,13281,2,2,2513,3020,0
100,0,16010,2658,499,18815,6229,2095,1,743,0,12126,6028,7652,5070,0,21388,473,4045,65,6916,4419,8816,3651,7086,937,4741,4915,2792,3551,21142,3819,5651,0,2333,0,1905,0,547,5765,5771,2038,3240,4786,684,12846,8518,9865,27022,0,6621,6002,220,0,0,4525,90388,924,169,2457,3153,42732,12249,1294,196795,1468,3230,455,10726,2306,4869,0,0,2,3882,29652,297,5621,13507
101,5,4,468,4563,136,19578,0,360,0,552,0,0,682,0,4393,1,7496,60,5629,166,0,9701,5113,13684,2352,8313,1620,0,609,5240,429,813,3,1584,287,1732,320,1311,0,431,0,2037,0,1543,0,330,558,5640,1092,2712,0,4596,2501,0,1461,1806,1,8,0,1028,1,2442,465,220816,822,213,1066,207,714,0,8040,573,1907,0,0,1974,0,0
102,0,8663,853,0,14252,963,8717,0,1360,0,4855,5142,4552,7780,0,21172,31,3889,424,1358,68,1846,808,4213,915,1310,1613,5160,2185,8841,1344,3643,0,6782,0,2863,0,1,3298,3581,1728,3045,3912,1,5170,5771,8920,15213,0,5659,3185,0,0,9,3767,67140,2,385,1939,2640,11726,7289,483,643700,1655,3928,2307,9229,1097,1854,633,583,0,5322,28291,4,729,12789
103,0,8054,2395,0,6766,4451,1745,0,439,0,6638,1461,4406,1720,0,9955,253,2576,187,1753,1802,2895,534,5509,1233,3089,1562,248,1252,7739,338,2541,0,3325,0,1415,0,624,1910,1626,104,1456,784,0,3234,5281,10177,19269,0,2078,2539,0,0,0,910,28459,0,4,2137,910,7463,7015,609,169569,161,1795,1078,4079,940,1667,25,0,17,1645,14716,299,2676,9687
104,0,3610,1213,0,10410,1402,3178,0,504,0,5476,3551,2275,3178,393,12108,676,682,242,2322,2882,3137,1896,4819,548,1718,3270,2396,2386,8846,854,3544,0,2221,0,5223,0,1,2433,1069,553,845,1730,0,3388,3089,3070,13219,0,2351,649,869,0,0,1132,43117,139,607,2144,319,6737,4655,2109,94701,1617,1912,2013,2691,1867,5075,125,0,0,3158,19329,215,1454,7194
105,0,8216,2695,0,16510,10318,13457,0,3890,0,17387,4567,5267,2270,0,14404,0,3779,2,3540,172,6397,1772,13996,1201,4006,5617,11964,2931,8512,1369,8022,0,5742,0,1478,0,1,2293,2598,0,2003,2939,0,16421,7809,21977,19530,0,3054,3282,452,0,0,1388,81921,0,154,1360,3016,24987,11062,2743,583821,5561,3211,1,9589,2228,9350,181,5,0,8250,26508,0,3704,24729
106,0,2190,1256,0,3486,581,720,0,951,0,3613,1584,1618,561,63,3528,3,552,49,814,308,391,290,771,407,512,895,405,652,2238,639,1014,0,1036,0,596,0,1,586,393,68,456,477,0,2290,1674,3041,3371,0,1451,1734,0,0,0,318,10120,10,69,249,261,8455,2153,494,70275,281,862,0,1915,609,490,2,0,35,1235,6949,0,1227,4801
107,242,13810,4318,386,22948,2138,7029,0,2326,0,14498,7775,4879,5499,510,28596,141,3550,749,4156,4866,1233,422,2433,660,1218,4203,5093,3541,16709,2672,6750,0,4539,0,4777,0,420,8599,6140,571,4308,5225,44,11992,9873,6639,23309,214,7399,5713,741,0,77,3504,74379,91,206,1201,2739,24707,8806,2982,235660,3482,3510,1160,7514,4557,9911,13,138,238,4311,44123,24,4581,27832
108,0,3365,692,0,5561,8401,2431,0,598,0,2324,3171,1819,1510,222,7733,89,2389,0,717,802,994,1186,1951,437,953,1886,1973,1077,1981,848,2125,0,5033,0,673,0,0,975,766,222,1244,1249,0,2973,2061,8268,6175,0,1419,1860,0,0,0,991,18219,97,9,392,1121,23597,5533,1696,120607,992,749,0,4091,1447,2048,0,0,0,2092,5435,164,226,2311
109,0,890,80,0,0,1,63,823,599,0,0,13,0,0,0,0,1,0,673,385,171,8960,2861,9795,1004,3630,1102,0,0,234,299,0,0,0,0,0,0,1,1062,2,1,540,66,0,0,0,5580,0,252,0,0,9,0,0,0,0,0,0,0,345,0,0,18,873663,1,6,15,0,601,0,0,0,701,1,0,0,236,32
110,0,6294,3314,954,16427,593,4440,48,1783,0,9535,3398,3324,4211,1,15508,10,2397,179,1880,1501,3052,1442,3394,1245,2369,4196,3960,1135,7852,1755,3729,0,3421,0,2058,0,462,3894,1512,0,913,3717,0,7096,5233,4738,18659,0,4071,2437,213,0,0,1188,49119,230,200,760,1392,40028,6522,1605,133478,266,4035,297,7946,1205,3161,240,2,48,2603,30238,537,1988,19459
111,0,5918,1974,617,14241,997,5665,0,1104,0,6825,3232,1947,3346,304,13647,0,2278,405,3837,4238,1875,1070,3847,776,2018,3416,2123,3234,14398,641,5316,0,6131,0,2882,0,73,3628,3244,309,4138,3224,0,4471,3433,2326,15594,0,5338,2900,0,0,1,1166,55376,0,150,644,459,139,4779,2651,144280,2633,1517,3723,5455,2783,6263,153,0,5,1762,38733,186,2516,11045
112,0,2017,782,0,2887,1307,1359,0,55,0,2295,901,1143,1669,0,4448,0,952,69,538,1315,764,572,1302,344,1114,974,1004,184,4727,212,1490,0,1603,0,1185,0,0,1025,403,248,661,1254,0,1360,2599,4125,5195,0,1545,987,161,0,0,606,18481,0,0,377,276,6597,1830,1004,78365,702,1086,0,1964,821,1015,0,0,0,740,5035,66,328,2260
113,0,4838,2141,0,15299,351,6434,0,1498,0,4678,2601,1459,4760,0,20588,0,1724,99,1711,604,1060,603,2970,483,1804,2822,5517,3132,8364,2412,3518,0,6291,0,3633,0,1,3164,2188,577,2227,3606,0,6154,6135,7713,17730,0,6523,3357,721,0,248,4916,71941,0,184,2682,2640,6038,5523,600,484896,1740,3356,3014,5895,1262,3573,0,0,47,4096,49033,256,3984,22135
114,0,5259,2157,0,16901,3,5710,0,1970,0,12398,9876,6117,10168,0,28110,0,3907,344,2321,4427,2443,1413,3235,864,1010,4473,5991,3307,10499,1038,4088,0,6812,0,4721,0,0,1927,3612,468,3880,5782,1,8382,20000,7225,16096,0,7351,5046,0,0,0,2359,93221,2,136,1736,3094,30648,9242,2857,215681,2111,5269,0,8303,3954,7363,34,0,2,5243,43006,391,4054,19391
115,842,30,24,191,0,6037,71,372,0,0,0,0,3,0,0,0,55,0,381,1,7,13193,4987,27775,4958,18119,3184,0,0,3949,585,0,41,75,550,7,0,439,0,1,2,2,15,1,0,0,10,2985,0,0,0,2542,2,0,0,0,0,0,0,0,1,23,0,220615,0,1,3,1,1044,0,1405,0,520,0,2,26,1526,0
116,0,5,0,9,1284,1690,0,74,2,0,0,1,89,0,8,218,628,249,4,0,0,16924,7048,27830,8629,14575,3,0,0,4429,0,0,578,10,1,0,0,0,0,0,0,1,1,0,1,0,15,15186,0,0,0,0,3,0,366,1,0,1,0,3,0,0,0,234216,0,0,0,149,0,0,2198,2,4924,7,1,1114,1,0
117,0,6834,3340,253,11812,1,3314,0,1543,0,1936,12103,5667,9126,1381,38283,97,2493,2,2284,3671,1848,916,2470,184,1850,4270,1680,2773,9078,1633,3163,0,1770,0,3569,0,0,5861,3723,240,1751,4506,0,11062,19734,15159,18158,0,11821,7439,0,0,0,2399,100102,160,0,808,3476,24749,5334,3044,213790,3088,1028,1,7646,1537,3646,0,0,0,7135,12887,211,1089,19935
118,12,304,137,4,965,117,219,0,256,0,1703,649,569,134,60,1789,387,244,0,503,119,720,509,1066,77,576,352,117,501,1881,125,1168,0,253,0,476,0,0,304,533,76,547,421,0,515,1127,112,2002,0,618,288,74,0,0,628,3864,46,0,4,36,645,560,93,2342,333,177,574,878,241,294,45,0,17,81,3759,12,376,1297
119,0,245,20,0,0,0,0,0,27,0,0,1,0,1,0,0,0,0,4,0,1,490,416,611,117,584,1102,0,0,122,68,1,0,0,0,0,0,0,92,167,0,40,3,0,0,0,344,0,0,0,0,0,0,0,0,2,0,103,0,10,0,0,0,8460,0,0,1,0,4,0,2,0,0,0,0,0,51,1
120,0,5856,1102,2,9744,5420,3541,47,902,15,8466,2161,2788,1760,1,9114,190,1677,410,2761,2709,1029,1012,2422,546,1423,2307,2018,1594,8250,461,4168,0,2713,0,1954,0,320,1285,1135,411,569,1697,177,7038,3788,13403,9538,1,2945,2276,0,0,2,216,30368,4,0,587,1019,8293,6570,1862,162945,1439,1850,0,5064,1583,901,103,171,13,4274,13195,226,3217,6319
121,0,16313,2248,1,10521,35,2422,0,4291,0,11770,4022,3122,4652,0,12314,2,3167,363,4904,2163,2022,1298,4556,746,2317,2472,2671,3058,17277,1124,2677,0,1967,0,3430,0,246,4407,1090,67,2565,2760,654,10481,7483,24443,14259,118,4860,5570,0,0,0,4456,43150,186,0,1055,1011,4625,6836,1300,294886,397,3065,3220,10823,2951,726,0,2,1,2019,41009,65,6909,21302
122,0,2523,1773,127,5322,190,1062,2,523,0,976,6432,2772,2474,170,15876,29,946,177,1217,4538,528,412,692,179,475,968,349,1183,4661,886,1041,0,21,0,1465,0,0,1869,1100,164,956,1975,1,7275,11624,14317,13420,0,3565,4458,63,0,0,1242,31929,204,159,461,713,10790,2252,1308,84774,658,710,2,4497,658,199,29,0,9,2397,4573,57,570,3320
123,0,532,1,1145,336,2156,0,51,430,0,0,277,518,0,573,314,656,0,1469,0,1,4400,1800,7524,1336,4495,1,0,83,732,402,0,0,710,0,886,0,601,0,1,0,539,0,803,0,0,6,1611,0,119,0,373,0,348,0,1,6,0,0,0,0,3,108,28984,0,66,0,0,0,0,1061,0,132,0,2,231,0,0
124,1,10455,1503,0,16553,2,4321,0,3140,0,3786,9426,6249,10666,0,36830,466,3111,252,2166,288,1641,747,1674,550,1233,3628,9757,2953,8534,1532,1985,0,1940,0,2279,0,0,5584,5495,22,867,5381,0,20717,16325,30924,21600,221,8340,9408,264,0,0,2234,107495,183,316,1017,4578,13459,7076,1390,473826,3621,3572,0,7059,1402,604,1,0,0,6602,22667,85,3624,30425
125,0,21268,419,0,15790,1,6570,1,3056,0,3846,2372,877,6068,0,15757,0,835,564,5613,417,4413,1586,4042,541,3668,3603,6229,3615,20506,2357,7471,0,3485,0,5380,0,171,3254,4700,0,5201,3009,343,9909,4405,18382,19828,1,11648,3903,0,0,0,4215,77028,92,715,3285,1208,188,2164,5634,677834,2756,4036,6479,2548,2858,1134,0,0,0,4143,49419,237,5069,24173
126,0,3,0,3039,0,6937,0,1497,268,113,844,255,1403,0,6233,0,13919,528,3643,863,0,5728,2642,16916,1803,5849,19,0,0,2989,3287,1,0,5355,1638,173,1564,2044,0,1,0,560,0,1210,0,0,1,0,0,245,0,6918,0,0,1469,0,0,571,0,0,0,0,17,416708,0,0,1,0,0,0,3011,1487,5280,0,0,1352,0,1
127,0,18849,2723,2,31765,1,6612,106,4586,0,10930,22261,11092,15579,336,72825,891,4705,458,8752,7265,2458,729,2799,638,1423,3240,5171,7667,43013,4838,4347,0,5125,0,10822,0,596,7691,6657,0,5640,14688,605,31211,40784,30048,59296,67,19838,13055,115,198,0,11664,220962,104,246,3894,6810,32206,12350,4595,376583,7233,6016,4934,21867,5622,10522,45,5,68,12222,60173,138,8102,22896
128,0,5556,420,0,6751,136,1848,0,479,0,2680,407,285,2373,0,6701,13,1316,23,2194,201,867,434,1307,528,1124,536,2131,1772,9559,1101,2432,0,1075,0,1382,0,171,2076,555,108,506,1622,210,4252,1516,6496,6575,268,4511,2028,75,0,0,1126,27983,121,0,504,769,0,1748,819,184586,257,1074,924,1516,226,798,0,8,1,882,12375,307,1790,6229
129,257,18339,1902,0,15645,461,2879,1,2374,0,8453,4140,3145,2335,0,12493,288,2214,178,3835,2223,2860,964,4974,1373,2329,2387,603,4501,21385,1985,7422,0,7001,0,4969,0,179,1566,2022,157,2914,2836,0,11904,5485,14329,20028,196,4266,3956,0,0,0,2874,42776,0,619,1528,1989,2007,7393,1488,278085,870,2359,2170,3985,944,917,2,95,33,2725,41294,198,6546,25361
130,0,10401,1983,0,14425,10444,4786,0,628,0,9641,3460,3172,5572,0,16071,0,3938,267,3002,1188,796,613,2805,352,1658,3419,4197,2657,13409,2210,6365,0,4705,0,2487,0,567,3144,2105,498,1709,2400,201,5544,7977,18131,10982,0,2475,1581,123,0,0,940,58578,219,1,1128,1463,18854,7323,2553,295268,1190,3718,110,7308,4351,1885,0,58,1,2796,24140,341,2612,12283
131,0,13227,1402,17,15194,164,3007,0,2743,0,9462,4980,3875,3752,2,14913,0,2003,230,6601,1947,1788,784,2130,1280,2123,2779,952,5946,21086,2217,4991,0,4999,0,3284,0,276,2429,2319,142,3098,2727,237,15296,6357,15519,17082,0,2860,6034,0,0,0,2802,45677,386,0,927,1429,138,5759,1791,292399,924,4961,1982,8460,2940,1638,333,101,356,2396,64700,57,5435,17780
132,0,15499,1207,700,27038,2310,10962,1,3354,0,9130,5513,6886,4975,35,26396,0,2427,333,1941,56,4050,1582,8999,727,1985,6001,5626,2930,19861,2032,5747,0,22965,0,7247,714,340,3993,4806,0,2967,4514,0,11263,5598,8978,23293,1,3406,3283,6,0,0,5545,83859,0,211,1725,3469,25168,12283,2164,597911,2737,4232,6065,9803,2036,6397,0,589,21,6233,45649,1,890,17479
133,0,1,254,1073,0,1218,0,24,0,0,0,494,0,0,312,0,2062,0,411,0,0,4509,2872,5293,3443,2309,4,0,0,1636,462,0,0,1102,0,523,0,0,0,0,0,172,0,0,0,0,3,0,0,0,0,2197,0,0,0,200,334,0,0,0,0,0,202,34986,0,294,245,0,0,0,1219,0,1277,0,1,715,386,0
134,0,3010,946,249,6309,265,1823,0,806,0,6201,2741,852,2030,0,10062,136,1020,0,2569,1132,964,557,1863,476,1121,1768,2322,1664,7225,418,2113,0,1485,0,1789,0,53,937,1508,119,1358,1978,139,4652,2135,4554,8462,0,2567,1208,0,0,0,810,27421,0,0,575,920,45,2636,1037,90244,921,2164,3123,2489,243,5308,0,0,0,1455,20259,7,1319,4535
135,0,10236,2118,0,12392,3922,3746,0,2515,0,5746,5595,7650,2432,0,18296,74,1885,642,3283,1145,4081,4720,8719,2438,4998,3931,2161,4777,11910,1316,5264,0,9786,19,6401,0,0,5276,2799,0,5094,2817,0,10882,8040,24604,30504,0,5295,5395,0,0,0,2959,59349,1218,0,1696,2323,13910,23564,3235,525882,1926,4504,819,16036,3688,1588,0,0,1,4876,23469,379,2802,28645
136,0,3182,316,11,6810,3234,1946,3,1586,0,7734,3497,2915,1099,0,9457,276,1999,146,2251,4933,2013,1335,2965,375,1705,1931,824,1759,10667,183,3175,0,763,0,3360,0,136,1682,1173,368,2092,2030,420,4394,6077,11087,15964,0,3470,2704,303,0,0,2268,23357,0,112,1134,762,8316,4199,1165,64046,813,1646,1111,6083,1290,811,0,57,438,1479,13474,162,4315,14788
137,0,3567,666,732,7868,2987,2416,30,691,0,6816,2312,2810,1737,233,7115,298,1614,108,1083,2841,2084,710,1688,974,2063,3482,2344,1347,6019,443,3276,0,4054,0,2598,0,0,1515,1230,199,1983,2186,6,3000,2474,3793,7820,0,1529,1852,14,0,0,1053,24062,168,3,284,697,33409,6406,1252,111500,2351,1362,2461,2699,1782,1691,20,0,495,1169,13231,218,1768,11450
138,0,981,134,0,5323,1197,767,0,532,0,1038,672,892,988,0,4459,0,1123,43,950,1838,757,643,1557,519,932,893,369,609,4571,398,1838,0,253,0,1306,0,10,1392,1569,282,1313,1272,0,3146,2519,2397,6215,0,911,472,0,0,0,1354,15402,0,0,296,441,2158,1563,906,7412,725,98,183,1402,273,183,0,0,0,463,5666,0,1270,1540
139,0,4647,734,140,5010,2435,2823,0,954,0,4874,1657,330,1877,0,6365,1,1309,100,1957,1141,1060,801,2124,241,918,999,3321,1574,7527,797,3126,0,2111,0,1833,0,258,1326,939,307,1399,1453,0,3902,2153,8181,7205,0,2834,755,150,0,0,757,28609,0,0,264,1163,1803,1951,1649,123037,1571,1141,971,3991,1579,1497,379,58,0,1507,15171,53,784,4369
140,118,4754,34,0,8836,6882,3021,0,750,0,8662,2892,2787,2360,7,9571,0,3154,35,1446,1864,1210,692,2556,1101,2313,1573,2775,1601,4797,307,1164,0,3559,0,1000,0,465,1638,848,93,1765,1363,116,3304,3531,19767,13652,0,1391,988,300,0,0,1088,31591,8,0,325,721,18746,6853,2393,138462,1797,1908,0,4554,1550,4582,118,0,115,3295,16788,17,566,4875
141,0,1787,499,312,9699,1312,1364,0,549,0,4282,2053,2618,2886,1062,15990,332,1103,420,2261,3489,2211,838,3906,928,1567,4738,4806,1992,11433,364,2953,0,2075,0,5870,0,0,6429,1279,0,2147,1966,241,7893,5052,3220,16672,0,3456,4515,223,30,0,2441,64447,0,104,1336,2064,895,3280,3112,79840,2640,2598,3433,2135,3772,4361,2,505,231,2897,30681,195,4455,8189
142,0,13057,1598,1,16972,3285,6169,0,713,0,8380,5658,4295,5401,0,18919,0,3759,111,2881,252,1960,990,6344,908,3114,1396,7491,972,10581,1137,4261,0,1390,0,3020,0,558,3786,3591,106,3889,4734,520,7764,5695,11173,16785,77,4198,4187,952,0,0,3795,86500,1,955,1953,3038,3702,9895,1217,510076,3234,3020,2582,4080,1870,1540,0,0,0,3226,47265,277,3522,13962
143,0,8616,1524,0,22840,5041,2831,0,1611,0,8231,2887,6883,4703,452,26703,1115,2319,507,2016,2893,3055,1376,2113,1270,2428,3585,7429,1648,13643,498,6770,0,5115,0,5434,0,0,3143,4768,656,4229,6733,0,8621,6767,7218,24003,0,5028,3739,0,0,0,3335,79096,0,1,1069,365,30369,11451,4085,157084,2177,3434,1616,11095,4307,5079,0,0,33,4905,30774,252,2583,22371
144,0,4015,4203,166,10056,740,5164,0,1737,0,8356,4005,3194,4109,0,13378,0,2660,175,3279,4404,1954,1313,5415,693,2180,6776,2999,1575,7284,1702,4473,0,4307,0,6044,0,96,5335,2026,0,2371,4609,289,3918,9975,29394,14720,0,3293,2266,0,0,0,1459,56201,0,0,612,1935,42592,7394,4552,149216,3598,3761,0,10034,6504,5140,0,0,1,2580,24181,389,1218,8695
145,0,1873,374,0,5186,2739,2889,0,534,0,910,2220,1618,1724,0,7486,0,1451,86,1569,776,1538,894,2167,509,1281,559,3244,819,5714,33,2005,0,2378,40,1592,0,152,1484,853,84,1196,623,136,1766,1560,7673,7518,0,2491,636,382,0,0,292,20482,36,1,576,1048,5874,2770,630,94700,1218,1917,1685,3789,420,2633,0,0,0,263,12958,125,934,2041
146,0,8661,2850,0,23447,392,7991,0,2215,0,10534,4218,2321,5153,226,19494,0,3279,676,2986,587,2739,914,2347,488,2880,4318,12495,1398,10360,1831,7606,0,9677,0,10216,0,0,2185,2614,0,3198,1170,0,12131,5390,13163,18044,0,3409,4660,5,0,0,2544,102133,0,0,2058,1729,20110,13868,2755,281363,5727,6605,0,6110,1748,3760,0,0,0,4154,40164,14,1365,27906
147,0,38,0,0,0,425,0,0,124,0,0,0,687,0,0,0,14,78,66,0,0,978,654,1101,199,855,1247,0,0,154,560,1,116,0,0,0,0,1,232,954,0,78,0,81,0,0,153,0,1,0,0,0,159,0,0,0,0,0,0,0,1,0,0,32621,0,0,0,0,0,0,0,0,102,0,0,1,241,0
148,0,4158,432,2,6658,3844,2342,0,988,0,3739,1885,1982,1309,0,7943,6,1391,57,661,1613,1237,674,1937,676,868,824,2528,1454,6021,546,1824,14,4106,0,1621,0,2,1234,1100,128,909,1451,0,3070,3340,5527,8644,5,1112,1043,0,0,0,1072,25986,0,59,130,990,44168,4197,1747,111255,506,1432,0,3246,909,478,11,1,0,1925,7538,14,1697,7010
149,0,4921,674,0,9014,3282,2821,0,510,0,4989,1953,2113,1880,184,9051,37,1279,322,979,946,1416,687,2812,478,1167,1727,2619,662,5189,295,3270,0,4192,0,1634,0,0,1314,774,50,1632,1769,239,3276,3509,12636,9075,0,2874,1890,0,0,0,1308,28288,2,292,594,1061,18206,4970,445,108883,1000,2317,304,2093,1061,1373,0,1,1,1361,9947,0,186,4164
150,35,1060,484,97,4355,1024,705,0,573,0,4791,989,566,777,0,7901,0,1410,92,1813,557,869,523,965,231,664,2201,799,1749,6850,526,2057,0,794,0,1712,0,311,1354,1750,313,1601,1126,332,1941,1330,4075,7868,34,1925,1790,130,0,0,1640,27119,137,46,720,367,3051,4218,714,13885,857,358,859,2484,927,932,0,32,0,1159,14406,2,857,1827
151,0,5321,831,6,14550,2774,2931,0,2348,0,10619,1952,2916,3308,0,14972,152,1400,267,4607,2655,2186,1539,2798,1018,1615,2519,2166,2147,17472,451,4940,0,3252,6,5475,0,0,4212,2534,0,3585,4224,1,4567,6079,4099,16607,434,4101,2765,1375,0,0,1317,38799,0,937,1396,1797,7147,5220,2239,180079,2865,2570,1312,5501,2834,5924,243,0,16,1857,26217,346,1988,7528
152,0,1112,75,0,0,9,2,0,174,0,0,1,0,0,0,0,0,0,14,0,7,573,391,588,86,567,1566,1,0,382,160,0,0,1,0,2,0,0,367,360,0,286,1,0,0,0,354,21,0,0,0,0,0,0,0,2,0,117,1,13,0,0,0,5684,12,0,1,0,1,0,1,0,0,0,25,0,35,0
153,0,3455,786,0,7057,1332,1419,0,900,0,3639,2299,2082,2104,0,8781,569,1839,167,1875,1958,1434,930,2416,591,1207,1851,1410,758,7958,696,3164,0,4356,0,1735,0,301,1303,1337,203,955,1584,0,2515,3126,5201,7406,155,2657,1182,0,159,0,1044,24840,3,336,632,866,5603,2398,2772,103352,1705,1669,767,3066,1729,2388,25,0,273,2138,13010,206,1497,5105
154,111,10546,2283,0,22606,2872,9692,0,4266,0,4986,4672,6969,6369,138,29375,225,1916,305,1557,187,3255,785,4268,594,2878,4444,8513,3576,10641,2231,5627,0,3958,0,3427,0,75,2378,1914,520,2917,6090,476,16161,7862,10477,21196,0,5627,3494,600,0,0,5603,98683,79,390,638,3784,20878,9184,492,778775,4032,6193,1191,9121,1911,1077,0,0,0,7422,39396,710,7039,37498
155,0,4496,372,93,7629,3916,2266,0,1590,0,4329,2630,2058,2011,1,8344,0,1877,210,1122,1434,873,874,1760,406,1514,1088,3710,1239,4513,839,1517,0,1599,0,1820,0,47,1692,1538,0,1077,1580,0,4172,3889,10983,8582,0,1591,1649,481,0,0,1153,33103,38,503,368,1007,23402,3353,1695,114249,2314,2425,0,2945,1150,2012,0,50,0,1263,9480,265,1246,4993
156,0,5396,737,0,10110,2329,1716,0,698,0,7172,3680,2147,1751,0,11098,129,2013,159,962,1156,927,430,1487,317,754,1476,1567,1347,7134,617,2628,0,2735,0,1784,0,167,1866,785,78,1051,1766,216,4757,3961,5251,8971,0,1437,1681,171,0,0,1295,26767,513,0,886,1586,20782,4337,596,123294,684,1873,172,4418,868,734,0,4,4,2466,13672,172,1959,10131
157,0,160,0,0,0,0,0,0,65,0,0,1,0,0,0,69,0,23,0,0,0,546,333,917,79,609,1079,0,0,209,45,0,0,0,0,0,0,0,70,109,0,1,1,0,0,0,331,0,0,0,0,0,0,0,0,1,0,34,0,20,0,0,0,7831,0,0,18,0,5,0,0,0,1,0,0,0,63,0
158,0,2094,475,0,3629,258,1039,0,246,0,996,2078,929,830,0,6328,0,654,34,810,3215,799,465,1346,370,658,1197,844,779,3907,304,2659,0,341,0,1545,0,0,953,943,53,460,1419,49,3555,2689,4708,8746,0,1099,737,120,0,0,851,15602,49,46,317,670,2194,1840,728,31646,1312,572,0,2409,1142,737,0,0,0,714,4351,109,815,3866
159,0,7343,3275,351,17982,386,7814,0,1243,0,8142,8320,5111,11543,0,28493,0,3696,139,2023,132,951,836,2394,1035,1349,5012,3846,3342,8394,1631,3005,0,6847,0,3185,0,1,5783,4000,4,5079,2363,0,7571,13279,26570,20641,317,10566,4970,0,0,0,3968,101248,14,343,372,3993,12240,9938,1740,493884,3846,4572,2,7407,1083,6638,14,0,118,6090,22684,268,1189,24427
160,0,439,33,0,3451,976,1574,0,234,12,3277,2047,1566,721,0,4895,0,894,67,571,2434,1030,914,972,395,1009,2158,1195,695,3120,119,1680,0,949,0,1364,0,96,1309,494,85,546,437,17,2154,2697,10190,5941,0,1429,1248,856,0,4,1262,18257,103,0,286,779,11793,4890,1681,61683,1509,772,19,1841,890,483,0,0,153,1227,3546,203,190,3246
161,53,776,117,26,2458,313,429,0,271,0,843,320,338,390,0,2448,0,263,21,530,205,263,143,782,66,344,644,225,446,1804,106,756,0,285,0,378,0,11,354,563,29,298,509,0,1094,1369,304,2542,0,353,337,0,0,0,276,7204,0,40,129,151,1289,911,241,23509,493,368,223,674,353,843,0,0,0,515,3569,28,172,888
162,0,2318,292,333,5231,2377,1077,0,896,40,3062,1975,1588,913,341,8274,586,1018,198,1930,2851,672,877,903,291,680,1786,1609,1052,3699,418,1391,0,449,0,1447,0,75,1493,1288,191,1334,1979,63,3152,3751,13378,7680,0,968,2360,271,77,78,1086,23129,86,69,619,1353,8904,2532,1152,47967,700,1977,0,2954,554,642,19,22,18,1554,7401,133,927,4093
163,0,6511,6096,0,21209,1506,5525,17,1943,0,11049,8727,7196,7487,398,20130,433,2093,280,2455,4972,2108,1040,3778,1734,2065,3717,3611,3941,13886,2812,3568,0,3515,0,4674,0,43,5096,4593,881,3174,6722,0,9208,16028,18495,17734,0,5721,3027,57,223,0,2746,72755,436,443,1517,4092,81471,9808,2446,241564,2953,3576,0,9702,3971,4679,212,31,136,5520,19339,393,2718,26785
164,0,6148,598,0,13388,1079,5482,0,1601,0,2583,3787,2504,4223,191,17221,1,881,123,1915,76,975,1038,4809,1361,2464,2617,6538,1129,7464,944,3125,0,8181,4,4536,2,0,1101,1252,290,1856,4367,368,8945,3626,10074,8612,0,4622,1782,1,0,0,2126,75578,1,1,2032,3006,14413,5550,985,590888,1594,2325,176,5432,1707,1677,153,0,0,2692,25169,193,1414,13939
165,0,16668,1547,21,24412,1371,6787,0,2150,0,17145,4137,5945,7688,0,12903,321,5295,24,2909,957,4637,2338,6601,1438,2969,2164,12586,3816,26369,1696,7409,0,14963,0,5368,0,406,1523,5193,185,5136,5083,293,12139,10293,23820,26339,1,12105,5212,0,0,0,4609,108888,0,0,2194,2802,9316,8885,5527,487428,4792,5872,6073,8418,4895,6836,8,0,0,6305,46729,161,7729,31197
166,0,7308,954,0,9941,2980,2413,1,1438,0,8022,4449,2728,2974,0,14541,0,1853,440,2705,2833,2721,1531,4144,903,2689,4122,1049,2116,12235,1425,2848,0,3052,127,4842,0,237,4490,5846,184,3149,3193,213,4936,4080,2669,19343,0,4281,3110,516,0,0,4074,39542,331,0,424,2464,5090,5666,2997,182147,2174,1077,947,3683,3497,1831,0,0,0,1304,35381,212,1113,12340
167,16,10884,914,484,9095,13890,5704,1,923,0,8281,6357,8546,6109,161,17125,1036,4291,744,2562,1361,2344,1546,4044,1415,2593,2983,4291,1930,9316,1767,4253,0,3732,0,3677,0,0,4175,2144,865,3091,2418,0,8189,6377,39000,22157,1,6303,1824,552,0,291,2230,69082,164,708,466,2484,85939,12884,1893,399363,3423,5825,0,6007,2096,5156,139,0,432,2995,13332,319,2285,18780
168,0,3817,1368,11,9683,572,2553,1,674,0,4401,2289,2770,1783,2,13543,277,1481,121,1157,2049,1405,761,2451,311,979,1408,1967,1307,6519,224,1860,0,2741,0,1790,0,167,1765,834,200,1011,801,0,9612,1912,7969,12736,281,2083,3643,911,215,0,1438,31721,0,482,540,529,8184,5589,407,179972,183,2040,1193,4165,1020,973,132,0,0,1218,20377,238,1540,10683
169,0,5947,1173,0,10371,677,5949,0,1341,0,12119,4384,2234,2131,0,13837,224,1705,96,3429,1317,2723,1807,4606,890,2526,1477,2316,2158,11593,1054,4498,0,5493,0,4382,1,404,3720,1852,548,1901,5329,194,7203,2583,11616,10075,3,3632,3127,0,0,0,1259,48485,1,0,1811,1766,514,4505,1240,291801,2842,3052,3776,4695,2890,2804,1,1,1,3218,30980,31,1276,6109
170,72,3909,855,509,6853,2612,5684,0,948,0,4445,6790,2427,2464,0,12401,78,2671,360,1877,1195,2127,1481,2968,397,1833,3381,1323,1395,8862,2094,1788,0,3690,0,1905,0,0,4165,2298,0,1514,2620,3,5325,6755,10733,8795,1,2406,2792,407,174,0,769,41764,10,0,527,2798,34846,8816,1656,118481,390,1822,0,7625,3687,2266,7,161,0,3910,13065,89,1158,12265
171,0,25732,1783,0,17983,9318,2541,0,2967,0,5770,6069,8123,798,1,17624,0,3906,364,5698,1183,4102,1804,5176,2497,5834,6907,346,2493,16841,661,9126,0,7091,0,3788,0,1,4006,3643,0,2123,2917,0,11138,3893,38302,29458,784,3284,3710,0,0,0,4029,32798,52,561,8,1353,49204,23536,2676,701254,1492,3533,1,11770,1264,1649,0,0,0,3532,22867,590,1021,10779
172,0,13082,589,230,12812,607,4951,0,2209,0,5755,1707,2761,3636,385,12043,491,2291,13,2607,1568,1651,778,2706,171,1434,2908,4123,2095,12539,1313,4652,0,8139,0,2481,0,0,2049,2097,314,2432,1565,52,8184,3922,11607,12164,0,2638,2720,3,0,0,2473,54634,2,168,661,960,2237,6444,4261,237315,1679,1718,817,5092,1037,2268,92,0,38,5616,33468,379,5292,14653
173,0,6319,1939,0,13674,12,4095,0,1049,0,1485,4793,1324,7472,1,26004,0,1285,27,919,167,1084,179,1337,263,121,1812,3828,625,2905,510,1396,0,1013,0,908,0,0,1998,2104,16,1648,4795,98,5635,7466,8245,8793,0,10655,3519,435,0,0,1543,66453,353,0,698,2053,2454,3592,597,697682,790,2357,759,4650,1018,2302,9,0,0,4909,16509,139,891,10909
174,0,5698,631,0,9238,1524,2761,0,1840,0,5963,3328,2929,1861,0,15851,210,1476,200,1028,3126,2125,1704,5159,521,1608,1560,4374,1977,7042,889,3132,0,4504,0,3341,0,5,6970,1803,0,2803,3703,0,5085,5818,5992,13828,0,3143,2965,0,0,0,2231,46749,0,0,1060,1159,26200,2717,1545,101114,2966,417,0,6470,2863,1520,0,0,0,2468,15849,53,900,10935
175,0,5303,4220,0,12591,198,6255,0,939,0,5174,5484,4502,5713,0,17105,0,5056,0,1466,1417,1585,1076,3361,115,1252,1874,2271,1086,6672,1695,2577,0,8453,0,1600,0,0,2556,1252,0,1549,3121,0,6576,6483,26096,11585,0,2947,3690,0,0,0,1696,56172,388,573,710,1251,53547,6523,1885,217416,2021,4696,164,5746,641,2057,0,0,2,3838,15710,0,1152,6473
176,0,6181,386,0,7458,2206,2356,0,460,0,3014,1720,1847,1898,2,7694,220,1741,130,1553,929,1837,834,2124,199,1863,1082,2913,1231,5049,390,2803,0,904,0,1641,0,0,712,1071,189,1376,1257,156,2728,3491,11209,5513,0,1116,2130,228,0,0,1446,33064,0,0,564,1382,6007,4746,2145,126069,902,1576,64,2398,1194,1502,0,0,44,1811,7872,90,2433,10892
177,0,11780,4071,0,23015,2334,14890,0,2172,0,7053,7921,6198,6239,1,21706,0,1877,72,1759,296,6373,1037,5151,2535,4275,5001,5441,3449,10070,2299,9539,0,12272,0,1655,0,0,3769,2285,615,2592,4725,0,20492,5539,12859,14520,0,3807,3524,20,0,0,2544,73387,684,0,942,3417,21054,10651,905,349977,2763,4289,0,11045,2915,2422,0,0,0,5408,51916,299,2195,30468
178,0,1854,218,0,3494,1459,1136,0,277,0,1161,783,441,709,0,3504,85,550,26,403,659,971,341,1280,225,812,669,1084,438,3328,276,1579,0,968,0,417,0,2,845,567,185,446,797,0,1600,1944,401,3439,0,937,261,328,0,0,297,15264,0,3,145,296,3935,1895,348,23895,440,550,690,1982,384,589,10,0,0,545,7225,115,333,4147
179,0,15601,341,451,32607,1909,8102,0,1156,0,11462,8329,4893,8319,3,22696,0,2129,147,2306,1280,2264,528,1598,656,2138,2362,12114,1992,9546,1285,5054,0,10773,0,2401,0,163,2116,4400,452,3016,9045,0,6176,4727,2778,15681,1,8423,3265,0,0,0,2547,133068,0,817,1156,4710,7182,13225,333,445163,1793,1808,3108,6696,3480,7803,0,209,785,2494,47654,0,2762,19149
180,0,3508,495,114,5634,929,2453,0,133,0,2699,1411,2056,2329,1,7826,328,1074,103,1836,2822,1307,846,2058,172,1416,1375,1257,1434,9673,388,2309,0,2952,0,1689,0,33,1265,1330,57,745,1754,0,4343,3355,2152,6359,131,1475,1403,258,115,0,1294,23002,140,0,249,1214,4261,3151,829,65797,585,657,0,2074,734,2775,172,0,0,2502,9936,0,1415,5882
181,0,1420,218,0,2527,909,1213,0,454,0,2286,2320,1044,1149,0,6905,0,748,28,751,2916,697,460,895,76,378,539,1017,1006,3937,384,1742,0,58,0,1531,0,0,604,905,103,1168,1580,111,2596,4048,3678,5366,0,1389,1095,107,0,0,709,21559,44,67,754,457,1547,1332,925,25218,697,1215,85,1795,907,1049,0,0,0,1494,7301,0,247,1436
182,0,16236,4048,224,25292,5515,9436,0,1218,0,9367,5218,7033,9162,378,30856,10,5346,273,2451,572,3408,956,3135,680,1896,5512,10725,2805,11616,3231,6646,0,9511,0,5862,0,0,3926,3576,0,2192,5817,0,14444,9916,25918,29322,0,5677,4231,62,0,0,5578,127102,4,148,1599,2579,42071,11390,1244,248992,4254,6233,487,8722,2350,5248,398,0,69,7519,34428,244,6078,41834
183,0,5000,601,151,6716,318,2865,0,1185,0,5947,1864,1321,1955,137,10900,134,1084,122,2183,1790,1357,721,905,42,995,1910,2366,923,5983,678,1662,0,3160,91,3003,0,70,1150,1561,215,1029,2041,82,4073,1948,6033,13828,0,2937,2676,211,0,142,2026,31311,285,224,812,1273,1814,2369,2906,105981,1022,1734,1044,2943,864,2711,142,0,1,914,13281,258,1208,3293
184,0,6453,1165,0,12554,4955,3379,0,1218,0,5481,2937,1897,2793,0,14892,1,2643,96,1548,3017,2927,1673,3657,1009,2581,4428,8151,2334,5933,503,6264,0,4984,0,2152,0,0,2699,2726,108,1737,3792,0,5494,7214,3012,11992,0,1774,1832,1,0,0,2432,51138,0,2,330,595,23581,2324,2354,81559,2267,1062,415,8457,2398,6139,0,0,0,2911,20095,0,2632,9758
185,287,3261,323,1422,4597,2686,1150,50,165,43,2197,2391,1964,1173,618,5657,465,1221,340,983,977,450,490,1031,343,507,1192,1794,760,3086,564,1449,0,718,0,1874,72,277,1137,882,92,1323,1102,54,2446,3168,5546,5143,147,1137,816,649,361,0,1497,21859,149,184,122,703,6718,2420,471,69766,988,951,134,1760,1063,1518,968,24,204,1058,6980,168,1894,6513
186,0,18491,3489,0,14188,0,5312,0,1846,31,2878,10596,4703,14741,0,46914,0,2353,367,2004,363,1530,447,2097,270,1139,2417,5109,1874,7030,2465,3769,0,949,0,1569,0,196,3923,2095,0,2010,3909,0,19270,22910,17366,18235,0,16636,11511,0,0,0,3670,158409,256,195,716,3310,8030,6808,1054,348536,3045,6649,2,8736,1863,2251,55,0,0,7109,18583,536,3421,17628
187,0,9073,968,2,10962,1247,3166,0,1123,0,7054,3211,2472,2514,0,11054,0,3131,7,3368,2630,2307,1460,3680,1519,2707,3819,7770,2740,9952,743,5082,0,8892,0,3575,0,66,1181,1492,85,2120,3706,59,9858,2564,2608,15692,1,4111,1314,186,0,0,2062,41822,374,0,1139,733,10037,6681,2952,88346,2450,2624,9,3091,896,6110,0,1,0,2262,23165,401,699,4492
188,109,2195,348,251,2610,570,1573,0,142,0,2341,485,635,440,66,3520,98,577,126,639,1031,726,408,673,60,463,739,1209,330,2121,470,1134,0,369,82,752,0,263,436,301,44,400,1167,0,1143,1305,2742,3984,71,802,640,357,0,81,699,12070,0,153,272,693,1605,1051,541,40039,326,784,0,1931,973,464,20,0,142,166,3775,58,625,3571
189,0,15936,1451,230,17892,17542,9890,0,1383,0,8893,1074,3882,8661,951,31001,135,2143,476,2764,575,5218,1225,6355,1347,4883,3824,8125,2284,11139,2039,3909,0,1873,112,3654,0,2,2615,1103,1216,2975,4110,478,8192,3542,16740,21682,0,7765,6000,0,0,457,3037,85506,108,0,400,3240,33256,12800,1701,302734,2832,4067,0,11962,1347,9487,21,1,588,4432,23507,481,5146,41664
190,0,5456,1810,863,13379,2059,5481,86,2041,1,7548,3638,3410,2417,326,15834,476,1218,392,3699,3423,2365,982,3138,439,1897,4489,4070,2954,20749,1109,5953,0,8056,0,5817,287,513,5355,3513,177,1153,4366,0,8787,3343,4076,21690,275,5519,2947,18,440,52,3389,54798,0,939,841,1492,3679,7455,3946,201490,3949,1860,3989,6880,1872,2617,68,8,14,1125,40629,325,4538,10413
191,0,2529,416,0,4702,634,1242,0,582,0,5311,1535,975,671,0,5636,0,852,47,1238,2861,881,526,1139,288,806,2101,734,781,4227,303,1693,0,664,0,1394,1,61,1229,1004,0,675,1407,43,3497,2968,3692,11266,0,1074,1094,9,0,0,1114,21698,80,237,480,557,0,2505,1151,33915,933,747,1003,2274,240,735,0,70,0,694,7759,78,803,4199
192,0,7632,2278,123,16586,727,5439,0,3746,0,4979,2610,2425,2622,0,14787,0,2934,357,2622,3420,2814,1127,2794,1216,2416,4038,2287,2238,9279,794,4251,0,6851,0,4507,0,209,3989,3514,2,2330,2933,167,7488,4888,3598,19434,0,6070,2014,3,0,0,2011,45937,70,467,262,1068,15269,11322,3408,116407,2114,3444,3145,5135,2049,5905,0,0,0,1370,33075,417,3388,16845
193,3,6,1,4158,0,19027,0,2243,3051,0,0,2500,3097,0,9630,1,15389,0,8905,0,0,35211,13405,21884,7985,14240,1307,0,0,27,1444,0,2071,4064,0,8,5261,3,1177,1,0,2594,0,1181,0,0,30,0,0,0,0,8353,0,0,0,2,1,1,104,3,0,0,1,182594,0,201,1,0,1,1,18963,6559,7876,0,4,2165,0,3309
194,0,9972,2135,0,15477,7891,3285,0,3108,0,6776,5302,6763,5325,0,23132,468,4385,446,4107,5668,2213,1182,3630,595,2026,3800,5672,2774,20688,2269,9806,0,2320,0,7083,0,242,9744,3812,1579,2702,7433,472,9108,10056,3066,23940,0,4468,1446,1342,0,0,3306,57311,0,266,1884,6117,30300,9454,2142,171862,2375,2391,1913,8297,2044,5564,24,180,0,4478,31674,0,6449,18859
195,0,5063,2556,2,4474,586,2192,0,756,0,4765,3159,3007,4853,66,13874,14,1774,215,2104,1643,1358,492,1162,445,695,907,2949,1153,5364,1591,1421,0,3203,0,1724,1,0,1099,1608,106,1313,1932,1,4308,7129,13574,8522,0,2552,2333,88,0,0,837,39771,223,1,374,1530,8186,2597,1419,97161,782,1892,555,2689,2060,2402,1,0,0,2100,10457,144,1133,7895
196,0,2659,594,485,13796,4178,3421,0,1184,0,2511,5672,2158,3994,0,14092,300,2087,6,3846,5651,3843,1220,6365,1068,2838,3256,8497,1787,7512,439,3780,0,3573,0,2246,0,488,5851,1870,686,2275,3715,0,8000,4189,2409,17410,0,2754,2513,78,0,0,1185,43863,9,15,1545,1025,30447,6404,2870,124469,2755,2389,447,5159,1888,5715,0,0,372,3566,28231,336,3813,21656
197,0,10355,2506,326,17105,8569,5671,0,1922,0,6927,8367,8911,7225,1,29613,0,4493,248,2645,5550,2055,917,1500,342,1947,4320,4012,3400,16675,1734,5878,0,2780,0,4453,0,378,6101,4788,464,4601,5811,61,11475,17882,15858,25229,0,7280,3280,124,0,0,2506,102159,340,335,2524,4051,29585,6537,2858,255910,4570,2962,3,9904,3109,6887,0,0,0,6067,24198,118,2825,14592
198,0,12430,2308,0,10092,912,4801,0,2235,9,4008,7820,6841,7954,76,32501,104,3415,105,2469,3100,1182,514,1181,307,1706,2511,3511,2133,9375,1913,2098,0,977,0,1522,0,5,3890,2798,0,1400,2346,269,11688,12041,33369,20522,0,6615,3885,0,0,0,1477,66040,413,0,472,3725,15444,5350,1388,329232,1460,1682,247,6846,1140,112,1,0,55,6489,16189,294,2946,9167
199,0,10359,2376,669,15299,2457,5094,0,1882,0,2133,3213,5534,3635,154,12959,3,2059,162,1073,648,3564,2018,7182,1290,4586,3491,8305,1772,11618,1378,7113,0,7657,0,691,0,77,4659,1210,4,1966,4169,2,5782,5759,35416,10522,1,4390,4115,2,2,0,2221,52884,401,85,1294,3012,14559,12059,3056,540830,2421,1574,6,7315,2823,2757,0,233,0,3330,21901,256,2571,27285
