,0,1,2,3,4,5,6,7,8,9,10,11,12,13,14,15,16,17,18,19,20,21,22,23,24,25,26,27,28,29,30,31,32,33,34,35,36,37,38,39,40,41,42,43,44,45,46,47,48,49,50,51,52,53,54,55,56,57,58,59,60,61,62,63,64,65,66,67,68,69
0,2304,2439,349,60,692,1364,4860,787,161,463,0,2164,694,1015,11,2497,436,235,751,157,587,1969,1315,523,306,5624,1695,1057,531,289,2019,589,317,1199,481,178,3088,745,656,1334,5857,6129,2476,43,0,2229,0,850,0,151,4125,0,5,63313,0,330,731,3313,866,0,1305,0,1301,1419,199,943,180,398,845,198
1,1972,1249,0,0,730,716,2663,1135,1,128,0,6368,243,167,123,5245,2845,1870,4037,854,2986,1102,1482,410,98,2614,279,182,48,875,1138,765,208,1078,300,488,2347,662,2151,1,1278,4572,4785,196,0,1369,0,867,0,153,4011,0,62,67367,0,579,1,728,1571,0,1046,0,874,1005,421,625,137,531,94,39
2,3227,2419,89,0,12,1284,2947,999,433,0,178,840,14,294,453,720,2884,4010,4957,1298,3873,2329,1224,49,159,4891,816,2316,0,214,1612,1068,0,1590,130,260,1098,1264,568,901,1288,3224,4848,0,0,1131,0,0,0,272,683,0,0,46570,0,208,9,518,565,0,332,0,358,1585,1,671,0,1225,0,19
3,2024,969,164,71,681,661,3472,313,260,616,0,2947,396,1026,116,2854,2014,1313,2299,605,1350,1220,330,0,103,3130,153,540,137,670,824,359,220,629,634,945,1524,840,1337,191,2786,3262,3638,0,0,807,0,291,0,128,3598,0,97,36599,0,344,155,628,897,0,1565,0,1051,365,1166,515,442,514,181,37
4,6713,1147,0,5,834,863,19579,4267,1290,8941,299,5837,1550,3247,5112,4360,5327,4805,7920,1812,3657,741,2281,1451,1592,7350,1014,3599,552,1522,4289,1693,24,3863,1394,5154,8841,2020,7496,1191,6192,10688,12978,0,0,1858,0,2516,0,890,12385,0,78,116488,0,731,1589,3340,4653,0,3563,0,5523,12919,2684,1434,941,1333,6034,952
5,3799,1819,1260,115,1499,1560,16007,2717,549,921,188,5881,1099,3420,2681,4916,3230,1590,3128,686,1674,2330,1376,59,1358,2593,844,1464,471,932,3644,1416,565,893,1313,1073,4849,1466,740,962,3376,7943,7847,0,0,3152,0,1015,0,913,5879,0,0,84100,0,1058,1082,2152,2255,0,2838,0,1170,2552,2056,1482,554,1504,573,374
6,3506,1334,377,42,465,1558,16931,2171,67,1005,1,8833,583,1312,1965,2552,1455,1404,1782,480,2368,1784,2196,400,1531,2442,592,2032,450,966,2226,1418,134,1179,853,1717,4030,1530,825,2014,3628,9101,5505,162,0,1012,0,1766,0,403,8854,0,47,104390,0,1108,322,3548,1251,0,2802,0,2582,3363,1506,267,701,948,2141,449
7,4935,1080,2117,104,1146,851,9823,2140,144,516,412,2337,937,2910,1670,155,2066,1129,3537,586,1469,1486,3403,486,622,348,846,1201,838,802,2812,521,446,1495,2004,586,3202,909,291,416,5192,13848,1869,127,0,469,0,697,0,406,6562,0,2,38036,0,1770,218,8356,3922,0,3034,0,1229,2477,629,1312,667,604,2862,261
8,2886,1006,1036,39,1249,1187,10458,1300,587,2483,0,6810,766,1586,145,1432,1853,1108,2018,444,2363,2571,832,185,338,2158,586,2252,433,1069,2727,1294,298,1147,938,656,13698,2477,2261,329,4098,3704,3888,131,0,1625,2,1564,0,476,6823,0,68,98910,0,1617,313,1885,228,0,3058,0,4577,1844,358,463,313,936,168,342
9,651,823,122,0,589,801,16011,1810,207,1118,0,6999,405,1454,253,1420,2706,1515,3922,446,2635,874,2436,0,421,0,400,678,176,1158,951,720,122,413,233,776,6042,1589,625,486,3283,3728,2160,1,0,354,0,963,0,0,4753,0,84,56784,0,836,302,1069,81,0,2675,0,2442,2128,509,780,1146,532,688,517
10,1230,88,42,1,128,363,4247,810,187,67,0,831,4,255,506,36,739,582,1398,230,779,137,153,66,512,2,76,193,15,55,368,282,105,297,285,1065,1358,335,25,323,1044,1540,1844,0,0,140,0,329,0,249,1064,0,11,7556,0,140,141,789,605,0,841,0,446,639,187,276,177,194,363,58
11,4431,727,122,14,378,819,13126,1976,402,3184,0,6075,50,1355,448,3,2546,1291,4626,768,3499,1308,812,111,1168,2,699,1540,214,730,1424,552,200,1258,567,1154,4011,1546,50,414,5639,4426,6098,229,0,910,0,1840,0,0,4908,0,0,61561,0,751,324,1794,775,0,1923,0,4453,1771,416,628,130,919,1161,351
12,6992,1829,1,176,1308,2162,16387,1382,611,2392,1,7089,1694,1573,1265,2868,1803,2175,4582,752,2444,2893,2362,1032,597,1879,1235,1214,450,1968,4016,868,169,2448,1410,1271,7585,2415,2285,1783,7366,10189,7787,0,0,1584,0,1694,0,730,4659,0,41,130499,0,1582,620,910,1693,0,1798,0,7255,3215,1480,997,215,1164,2678,445
13,783,157,0,0,2,1173,250,3,0,0,0,536,272,0,3,2,3066,2480,6015,424,3953,114,0,0,71,2,167,301,387,505,769,123,2,420,237,660,0,2,0,53,859,1578,432,0,0,0,0,1,0,151,197,0,1,3615,0,0,303,0,0,0,86,0,2054,524,319,101,0,0,15,8
14,1892,1054,0,237,4,1191,9454,1197,532,2765,0,4632,37,1152,292,28,3397,1852,3413,794,2250,792,409,607,1283,0,427,1134,133,555,1748,259,52,1078,694,334,5823,1882,61,299,2767,2995,7468,0,0,448,0,1669,0,54,2437,0,0,12573,0,512,370,579,930,0,1527,0,3416,1297,660,318,256,654,797,329
15,1566,620,565,0,0,576,6621,788,443,381,1,2221,269,0,524,310,3657,3357,3013,863,2037,188,604,222,218,2,285,213,268,572,848,470,4,907,720,1036,3053,979,77,333,1577,2464,3229,0,0,221,0,394,0,276,2367,0,0,4520,0,1411,544,810,0,0,455,0,1733,306,415,1207,277,261,565,421
16,912,503,3,4,400,669,6349,1656,0,395,1,2672,1889,1020,1079,1356,3539,2359,5274,385,2943,461,484,421,655,1615,377,413,617,555,2304,1255,2,746,238,1715,2927,1301,604,641,1528,2044,4284,0,0,1448,0,0,0,0,2848,0,21,53056,0,2179,4,454,1373,0,293,0,1410,2386,152,266,612,628,645,0
17,4534,2008,950,1,2048,2007,20556,2351,134,4185,0,15356,1184,1708,191,10703,1918,1253,1873,380,3099,1774,2031,331,1255,2075,1448,2539,711,2148,2403,1021,320,2358,1854,1052,12422,2339,6633,862,6840,6518,7244,145,0,2572,0,3755,0,1264,8340,0,0,145236,0,1918,1406,3982,1802,0,5548,0,5446,4059,503,663,562,2146,1318,463
18,2752,796,503,0,348,416,9840,1780,505,282,36,6224,1275,1905,2801,1385,3361,3082,4187,988,2806,2112,672,864,2029,520,305,2299,138,591,2321,597,64,2178,753,1729,7511,514,314,551,3153,6145,6250,0,0,726,0,1314,0,23,3261,0,0,121312,0,2505,344,2963,2917,0,2367,0,1705,8649,1584,0,737,539,1281,171
19,12172,1016,0,576,3380,3507,44425,3750,1187,3469,0,16451,1454,4651,3226,31936,9051,6231,11967,1780,9022,5189,10376,1009,4423,2647,654,7907,2,1698,2424,1885,610,3409,5005,75,14007,2692,18629,2050,5581,15406,16263,613,0,4902,0,1829,0,2268,10441,0,593,165063,0,536,735,8285,6258,0,5855,0,7393,16783,400,739,1,967,10240,75
20,1223,318,1,0,7,374,8914,2856,106,469,0,2909,445,1222,940,2208,3778,2167,4131,415,4382,596,867,308,1979,311,105,1275,253,1177,846,523,285,1477,524,959,5213,504,2322,260,1329,3418,3269,553,0,266,0,381,0,72,2702,0,0,96893,0,3266,2,1195,963,0,826,0,2081,3896,1154,627,125,536,1308,177
21,2451,1641,469,9,933,878,15055,2736,0,3242,506,5314,466,2004,2184,2039,4854,3942,5573,911,4524,3480,1241,715,622,757,547,918,300,1709,3492,1571,660,1111,856,1777,4001,1412,1911,363,2657,3427,2313,0,0,2380,0,1491,0,629,5763,0,0,99694,0,1658,842,3506,3901,0,3354,0,4225,3790,972,2638,969,398,6095,2
22,3444,2126,388,0,1375,477,8820,1257,594,2307,204,7644,237,846,687,7410,1728,1800,2942,459,2899,1824,1177,213,351,2,201,546,446,604,502,1184,565,1485,1628,1505,8661,944,2931,260,647,2239,3094,1,0,547,0,912,0,344,3290,0,0,73196,0,1029,610,2347,654,0,2053,0,3086,1330,784,1590,564,649,513,65
23,1327,622,214,0,461,782,4940,2068,111,1,3,5923,259,1843,46,992,1355,826,1432,544,1508,867,1025,315,433,3,645,574,124,1424,2183,686,61,666,411,420,940,1221,0,202,2348,3300,5074,80,0,711,0,643,0,284,3838,0,0,10387,0,1922,281,2793,787,0,626,0,1469,2098,604,380,690,365,449,177
24,715,1317,132,0,471,106,1476,1222,3,1,1,1567,298,785,777,1635,1165,921,1809,396,1333,485,935,0,888,4187,107,195,108,414,242,397,0,1606,527,459,1384,241,801,366,1453,3240,2099,307,0,646,0,450,0,73,2287,0,0,34976,0,133,0,2201,642,0,1025,0,246,619,504,391,16,360,774,93
25,2808,323,545,0,2335,1289,13848,1155,221,3422,0,6084,359,1446,921,15,3488,1750,4030,667,2469,2591,1841,80,768,99,249,737,214,850,1632,506,551,783,1543,617,6391,2029,632,1412,2031,3853,4232,251,0,235,0,452,0,332,3513,0,0,84910,0,1143,275,1575,310,0,2115,0,3436,1600,775,682,112,927,1464,158
26,6847,1609,783,0,877,1071,18799,4467,567,928,0,9959,1928,1966,5198,17011,2715,1331,2992,405,2232,3292,1480,478,1967,9149,840,1632,144,1854,1053,1686,857,3008,1324,2156,9015,2204,7238,806,3629,7775,10788,551,0,1986,0,1140,0,263,8019,0,0,150036,0,2994,374,3923,1798,0,3756,0,4482,6450,2333,2255,1545,1990,3732,632
27,765,234,185,56,320,594,3114,613,233,151,0,1472,78,338,234,21,2857,1441,4322,221,3251,425,482,214,826,3,257,651,10,5,303,4,0,21,163,114,1647,138,146,0,1035,1156,2683,0,0,566,0,374,0,212,682,0,81,9655,0,223,189,312,423,0,1052,0,579,466,394,67,0,140,287,29
28,2078,966,0,0,1622,1228,8970,1024,240,705,0,3304,1470,2760,780,3787,2732,2326,3789,1115,3115,1092,1487,939,434,8821,554,2304,476,1055,1427,1138,67,307,779,877,4594,2429,1050,665,1492,6109,10340,0,0,1750,0,1141,0,351,9653,0,0,138593,1,2403,667,5008,2300,0,1276,0,1950,2004,3132,920,501,911,834,1139
29,10137,5471,768,205,745,1308,11293,2706,1445,1388,173,4287,421,1792,2358,5595,3062,1785,2745,934,2160,3643,2733,234,839,7084,788,2099,385,1238,2166,2356,271,2912,1937,890,6377,957,6245,654,4439,10539,16311,0,0,7588,0,2696,0,1023,9496,0,91,282069,0,3164,293,5349,4836,0,1819,0,1686,1473,1741,3325,140,777,1239,475
30,1933,1507,575,2,1524,1836,7390,2145,77,0,0,5680,415,441,370,771,3929,2150,2476,553,1901,362,867,581,662,1,1059,903,298,1002,1320,1941,143,927,272,902,2854,2020,277,871,5211,5071,4229,0,0,412,0,981,0,847,2289,0,0,20012,0,2776,238,5864,634,0,727,0,1747,5250,1659,381,262,900,1206,36
31,800,542,2,0,0,433,3999,725,212,0,0,387,418,878,0,1012,1987,3026,4793,1277,3681,225,398,0,278,1890,473,342,100,85,734,146,34,402,428,0,1281,527,0,1,2246,1793,7,0,0,473,0,13,0,149,1601,0,0,20898,0,82,352,764,352,0,397,0,1401,1032,381,524,312,508,523,0
32,2296,445,293,0,127,901,9400,1716,0,241,0,496,84,395,1828,1770,2364,2607,2807,893,3286,739,0,204,246,314,1400,484,101,221,88,1588,803,363,365,1681,3302,1114,64,355,851,3557,7263,444,0,621,0,794,0,65,2452,0,0,72837,0,510,718,1853,1777,0,1748,0,711,6358,186,123,0,329,1340,83
33,5110,1470,695,485,1196,2144,22193,4130,189,0,186,11090,1863,3500,5610,6885,2708,1793,2875,551,2751,3667,2692,1221,1243,1513,1592,1676,450,2101,6373,1582,256,2456,1426,1613,5404,3348,1069,2428,6238,11288,9439,270,0,989,0,1381,0,1168,7616,0,66,90464,0,11077,769,10508,2629,0,2664,0,2965,5528,4414,2354,548,1056,6812,507
34,1828,1269,486,138,478,1330,21634,3135,274,0,348,8851,356,1363,2031,1514,5998,2251,5420,395,2775,1416,1419,808,613,0,673,615,179,969,2675,944,0,1851,1339,211,4910,1792,1,2226,4957,5244,6699,342,0,393,0,2362,0,911,6799,0,0,25265,0,2592,0,6535,1359,0,1001,0,2321,7648,999,516,124,907,531,267
35,1193,660,0,0,495,2525,4086,448,0,0,0,1371,521,1086,0,507,3172,2808,7208,489,3145,1325,0,132,0,855,308,930,0,263,1932,226,0,1,472,680,828,203,0,1,1295,1201,83,0,0,1,0,657,0,397,642,0,0,28311,0,1077,3,1460,750,0,501,0,1274,1361,457,158,0,333,465,127
36,1919,640,1,2,597,976,3223,1128,260,0,1,3349,424,1160,1122,6,3294,2553,2922,585,3702,1112,0,0,652,204,452,583,259,292,645,751,119,384,268,744,705,440,3,710,2836,3156,3902,0,0,13,0,448,0,3,2262,0,0,77741,0,672,851,930,558,0,444,0,638,1907,1396,515,396,138,819,194
37,3937,2716,933,0,1251,1523,9277,2699,883,3803,1,9368,0,69,0,1181,2749,2321,5213,1125,3123,1021,2119,1167,294,2,508,1084,364,837,820,646,469,624,1735,1940,6098,1177,9,916,782,1763,2676,157,0,1275,0,263,0,465,388,0,41,56923,0,1578,417,3184,796,0,8512,0,8737,4892,1620,0,441,906,7102,1045
38,1476,258,653,54,460,610,2664,102,461,5,0,1680,1059,237,49,159,4465,2600,3051,804,3404,500,444,148,917,1,367,173,0,6,0,248,0,10,295,825,1362,647,104,539,1541,1481,831,1,0,145,0,235,0,435,1027,1,0,31081,0,550,352,504,391,0,4,0,2298,649,393,657,0,177,0,0
39,5350,1576,657,74,692,3633,11992,1024,423,1538,0,8011,1525,2285,266,1321,2807,2612,4187,1032,3066,2151,3300,0,751,17,1721,963,249,915,4871,962,202,1573,2622,1133,8715,2060,2806,1604,7433,6229,5425,62,0,1767,0,2820,0,271,6582,0,138,67982,0,2507,0,2399,950,0,2633,0,7065,4722,1513,77,516,1406,1433,433
40,1346,0,641,0,1446,210,6026,650,0,452,0,6858,3333,907,1497,2508,8363,4374,9697,1351,3978,1148,1221,0,1097,9026,668,785,1045,268,1768,778,0,2749,1101,1196,18526,3795,4910,0,1487,1936,7998,579,0,2101,0,0,0,1359,2332,0,0,131430,0,18,968,4381,920,0,625,0,725,7983,1969,2526,328,1062,1684,528
41,13093,3045,1061,259,1813,4936,27884,4842,816,1133,0,10592,594,1098,4181,6242,3857,3521,5089,1305,3098,3687,3410,758,3094,468,1500,2369,848,1364,3436,1625,946,4555,1508,1250,10320,2120,5560,1042,12437,20033,11075,0,0,3058,0,1255,0,1691,10327,0,231,316114,0,2432,263,16191,3672,0,3211,0,4768,3141,1909,1434,543,1235,3773,623
42,2474,301,0,0,0,449,6833,855,274,796,141,1404,284,1281,495,213,3985,3425,5646,615,4107,325,458,4,786,360,154,1020,65,80,1055,277,2,901,6,675,1965,359,29,13,2126,2451,2375,0,0,2,0,461,0,125,1024,8,1,117725,0,688,270,294,377,0,517,0,1239,535,0,4,116,210,953,257
43,1330,497,690,13,384,1460,11909,1816,382,377,0,9491,638,2230,572,533,3740,1785,3182,955,2740,778,433,104,706,1,826,927,207,485,1758,921,129,388,1254,719,4597,1791,8,236,6416,6632,1515,0,1,1052,0,598,0,1,1837,0,37,17230,0,1023,48,1176,1113,0,687,0,4635,1856,2269,167,105,801,1042,436
44,504,567,689,0,0,1147,5129,1290,248,173,0,1823,211,333,165,1885,3665,2047,4473,1280,3221,697,396,155,222,1,773,491,176,361,1044,153,526,345,0,666,5221,629,7,0,2100,2780,1354,0,0,1171,0,1022,0,188,2549,0,0,51115,0,3045,435,1660,480,0,1440,0,1960,4180,92,342,0,319,1263,182
45,2786,2183,891,0,529,87,7030,980,127,536,226,2691,110,1848,686,2,1312,1276,2287,1079,1849,2137,2488,203,418,0,11,562,597,300,713,71,684,2756,713,0,5477,817,114,434,2158,5052,1307,4,0,1249,0,740,0,697,4671,0,30,21262,0,982,43,5127,2075,0,3004,0,801,1082,415,886,22,157,3208,374
46,13217,2096,757,401,734,790,19495,1645,1473,4004,123,10080,1124,977,3450,8540,3023,2033,3919,686,2133,2972,1603,739,1200,2295,943,666,516,1244,1336,792,484,748,2009,2919,6935,1403,2488,3106,1433,2657,4720,268,0,1583,0,810,0,297,3328,0,2,164504,0,2122,1004,4049,908,0,932,0,5944,7424,2302,927,672,1620,4025,697
47,1002,1007,361,0,466,1132,9084,1960,0,0,0,2637,550,891,317,2706,2276,1125,3441,473,2218,565,785,184,788,1546,931,847,122,1211,3076,160,180,1028,315,499,1309,779,1209,413,3785,5954,3006,188,0,730,0,688,0,98,2513,0,23,66370,0,1653,363,1307,1234,0,1109,0,1144,940,455,342,550,556,419,54
48,4853,1743,644,247,769,1563,14818,3019,187,1729,0,6008,946,1260,2634,19861,2513,2005,2729,182,1957,905,1676,394,2734,10085,926,1272,223,1516,2849,2102,191,2296,2199,1873,6366,1734,7303,514,2623,5592,12554,188,0,2265,0,1430,0,501,3943,0,171,217514,0,5268,341,7778,2025,0,4064,0,3347,10906,3550,2233,842,766,3092,669
49,1409,17,27,0,0,866,3431,1001,261,1596,0,3177,433,1619,0,1,8062,5806,9885,1042,5452,2,786,45,1099,731,183,0,0,0,672,738,0,1,440,1345,3511,616,568,0,1080,944,800,0,0,167,0,420,0,0,1009,0,113,4785,0,125,342,826,626,0,0,0,1535,1425,1188,0,460,428,1436,370
50,4601,235,159,4,995,927,13282,2148,390,726,0,4107,1948,0,2474,3208,5793,3259,9248,1050,4479,2191,906,721,2410,2,1298,2785,759,1579,567,243,50,3,1184,767,9836,1867,739,1772,3316,3783,4524,5,0,1319,0,2381,0,491,4716,0,124,135894,0,1311,19,2266,2651,0,4241,0,4907,3525,1594,195,349,1153,1857,631
51,7034,456,691,0,1726,4211,26114,4830,546,4246,0,15668,2126,3061,5066,1657,4218,3198,4248,388,2602,1541,2406,759,2108,699,1390,1798,141,1907,3693,4055,4,2524,1620,3417,18938,3132,2171,1886,4941,6659,14367,1024,0,2418,0,1556,0,1284,9311,0,37,34303,0,2618,664,3558,3571,0,3484,0,9351,3226,1172,1308,1127,2032,4308,1081
52,175,1,0,0,2,340,1647,709,4,1046,0,1,463,269,140,0,3818,1438,4020,1125,4680,279,11,0,55,0,234,0,0,0,0,1,0,0,352,0,353,341,57,3,138,1096,1,0,0,3,0,0,0,0,229,0,0,9032,0,1,17,0,185,0,276,0,1436,58,0,127,97,91,0,1
53,3551,798,270,0,300,433,15635,2088,642,1486,0,5669,2209,1756,1534,2097,3006,1678,5130,678,2298,1493,1067,739,416,438,882,1426,23,868,1555,907,404,2206,488,477,6264,1427,1866,358,2344,4871,5532,0,0,1451,0,1581,0,95,3803,0,5,130381,0,1674,611,3218,3744,0,2616,0,3504,4856,1388,1773,648,774,1681,350
54,871,348,179,0,425,612,7375,241,162,2583,0,5447,478,595,271,3050,1500,1507,3166,412,2899,1103,1180,0,708,968,170,620,334,536,2112,475,0,418,611,859,4697,1933,895,0,1361,2127,1738,0,0,2884,0,491,0,670,1389,0,0,26331,0,2910,220,2052,404,0,1236,0,2476,2101,368,213,577,640,283,349
55,1253,348,0,16,302,483,7951,1723,315,256,0,3675,425,1057,990,4628,2976,1698,4634,683,2916,1804,1381,401,492,3519,416,712,286,1181,0,486,164,564,175,604,5841,1960,2962,278,1546,3066,3052,0,0,379,0,500,0,368,3398,0,0,101953,0,981,401,928,1399,0,2784,0,1375,1309,1013,1488,125,324,2169,204
56,2720,450,227,0,0,1095,2485,2252,0,0,0,2074,240,209,21,0,3162,2099,2044,825,2376,428,272,199,457,3,357,392,176,53,1956,75,81,832,586,510,160,179,1,0,1869,1983,536,0,0,800,0,0,0,0,1097,0,7,9740,0,597,0,1583,291,0,261,1,1656,1366,485,303,130,462,110,4
57,3249,567,1085,0,619,2910,8311,1030,0,1203,0,1155,646,1895,1669,0,3074,2624,6881,605,3040,563,2909,484,287,2,313,614,98,214,4512,379,0,507,493,1532,9440,1349,1,368,2139,4879,2572,0,0,987,0,532,266,74,3153,0,0,80913,0,1941,330,1478,992,0,1165,0,3891,2572,1574,675,371,941,2444,18
58,3463,1264,369,0,466,380,5636,963,138,1867,66,3398,465,1453,1688,7966,1046,479,1971,106,746,2189,2649,152,1379,7454,395,614,333,819,2327,708,309,2432,1257,1201,3487,1206,5248,238,3224,4618,3194,128,0,2185,0,347,0,330,5188,0,13,86576,0,2002,488,10319,1146,0,1613,0,706,3640,508,1494,650,521,3878,45
59,3354,679,174,21,212,551,4547,970,295,2277,0,1978,158,1268,631,164,2447,1515,2183,380,2002,761,1872,434,529,686,263,512,0,204,1992,0,33,1541,448,155,2781,634,477,0,1502,2009,1508,171,0,303,0,239,0,163,1776,0,0,86851,0,654,163,2094,44,0,1770,0,3542,3032,622,982,417,457,1957,168
60,1800,871,148,83,612,724,5780,552,101,1015,2,3044,136,177,26,17,610,605,1050,260,586,646,708,76,528,62,171,300,143,323,409,209,64,423,436,193,3643,801,351,101,1189,3061,5022,35,0,568,0,365,0,112,4071,0,64,16580,0,152,353,1816,367,0,1121,0,722,639,0,410,309,217,757,25
61,1934,488,5,375,306,448,6773,1666,42,1045,1,4443,532,1244,2026,1181,4482,2940,2724,1617,3287,2908,922,330,1081,2022,114,1210,4,1116,2326,1098,1,1161,1200,1586,2831,894,5512,2,800,4070,5085,0,0,819,0,82,0,998,3033,0,13,109657,0,1469,20,1144,516,0,2584,0,1433,2724,1655,289,338,1006,2403,394
62,29392,12831,1991,0,5027,7105,55617,7607,8,3987,1260,12659,1897,6180,16749,12696,4030,3323,7988,3565,5409,4984,10533,718,11951,14161,1614,5525,772,2979,8196,4905,2182,10123,4630,8033,34048,11198,15393,3686,25188,25943,15920,0,0,8453,0,3346,0,2846,29859,0,43,280902,0,6664,4106,67431,7786,0,8651,0,8173,13655,5965,13556,2557,3414,13693,3387
63,1960,1626,81,66,288,323,9980,1651,221,837,0,2085,580,876,0,1163,3925,2416,5998,1523,4159,1909,0,34,60,519,328,880,796,435,309,140,147,1413,963,215,4530,872,236,1267,1803,1901,109,0,0,729,0,1639,0,532,1416,0,2,22059,0,764,0,673,386,0,2019,0,4948,283,61,591,0,436,521,430
64,2584,860,265,293,227,1208,6988,1258,102,1773,0,3439,1316,1690,928,3758,3530,1667,3148,559,4652,1353,1079,0,702,2460,913,724,134,515,1848,777,0,140,622,897,3897,1338,209,612,1912,2958,3447,0,0,1866,0,195,0,152,1778,0,0,65566,0,584,481,898,1065,0,1676,0,3406,1778,562,180,503,750,851,393
65,3687,1548,452,47,402,358,9523,1376,411,1380,106,3268,410,1081,0,5153,2213,1441,1430,267,1906,947,1541,678,1483,1592,609,813,77,800,1385,580,129,2036,1069,609,5700,1066,3779,743,2553,2858,4303,269,41,1417,16,317,0,373,3863,39,0,86366,0,1909,465,6644,935,0,1578,0,1412,963,151,1767,524,615,788,482
66,3284,1062,0,0,1060,605,9132,1926,2,594,140,4119,786,1380,2606,7089,1334,1521,2702,431,2451,1095,1266,451,1045,8890,925,1254,315,706,1229,569,0,934,1142,705,4776,1131,5264,131,1480,3221,3630,188,0,2135,22,1578,0,476,3292,0,0,80605,0,1372,0,3418,1946,0,1691,0,2366,2486,615,768,384,486,2936,147
67,1419,1236,0,0,177,1172,9758,1298,77,1522,226,1907,90,546,404,1829,2986,1880,5375,313,3174,573,381,608,421,1054,103,418,2,18,1377,291,183,1316,577,1142,1813,700,1566,105,1232,3978,2592,220,0,1793,0,921,0,325,4493,0,0,57081,0,892,268,617,710,0,1008,0,1825,490,383,394,0,471,0,160
68,3601,1690,0,34,804,927,4208,1039,414,705,0,3401,552,790,721,3433,4189,2116,4984,1338,3567,2275,348,337,670,10364,260,1200,511,891,1402,1006,142,1294,1388,1030,4948,380,2543,707,2533,5269,4539,0,0,2539,0,565,0,521,3042,0,0,104737,0,248,292,3942,1982,0,3228,0,730,4332,977,1158,1175,556,1227,359
69,563,125,0,0,0,523,5614,679,0,0,0,632,212,774,183,621,2310,2399,2833,1045,2009,42,790,0,423,1,137,279,173,371,197,0,63,0,316,356,988,551,0,0,1405,1018,426,141,0,0,0,0,0,192,1269,0,0,10061,0,1356,0,0,0,0,604,0,1659,0,257,0,65,232,358,89
70,1540,481,2,0,93,800,5936,975,0,919,2,3847,339,503,386,0,4472,2752,3678,1661,5038,360,357,1,943,1,221,129,193,332,2121,660,123,635,757,344,1883,48,0,369,1959,4000,6164,0,0,302,0,980,0,627,2152,0,0,13272,0,34,0,564,991,308,371,0,1051,1545,0,582,371,442,453,223
71,1174,441,0,85,0,267,5306,520,4,1947,1,1476,572,0,752,336,3635,2957,4490,626,3405,1274,787,1244,271,99,446,180,1,513,520,322,302,488,117,396,4128,596,906,0,1169,2278,2023,0,0,22,0,268,0,304,1116,0,244,21036,0,728,0,350,8,0,792,0,2721,1420,124,310,276,580,118,22
72,5382,2596,448,0,607,647,5641,1231,131,0,0,560,271,1253,1417,1563,1686,852,1480,395,1060,602,1190,202,1788,8544,375,370,526,595,745,854,134,548,428,811,2038,612,2456,769,2950,4759,5090,0,0,2302,0,620,0,761,1861,0,0,72980,0,854,139,7057,682,0,2843,0,909,3872,871,1140,245,495,1594,44
73,2861,3539,250,0,825,169,4727,2062,120,654,214,2374,643,877,2155,12814,2757,1780,4217,473,2751,2914,731,0,737,9960,364,1144,425,1237,1306,1167,0,2282,942,2458,3715,2471,5582,0,823,2707,4488,230,0,1923,0,291,0,23,3871,0,0,130140,0,551,498,3782,1564,0,913,0,1289,5865,642,920,990,982,1843,395
74,2307,481,529,0,236,908,8022,400,116,2123,0,4810,378,739,888,5479,1421,1959,1869,564,2488,1078,1252,0,765,3319,463,396,0,997,928,1395,102,912,964,1385,4038,2706,3087,1,1403,2840,2194,0,0,3938,0,302,0,170,3382,0,0,88921,0,1610,556,1656,538,0,2019,0,2787,870,470,1288,0,779,1671,105
75,1599,540,274,81,363,211,9920,985,82,195,485,3854,175,184,2596,0,2752,2386,3252,254,3937,0,1063,91,1269,1,130,436,0,875,590,201,0,1051,515,741,3473,1851,0,238,2787,1099,3825,0,0,549,0,246,0,655,1592,0,0,26043,0,2845,31,2738,1807,0,889,0,1745,2324,1541,0,53,549,573,69
76,1131,1051,1,0,357,736,7062,2287,2,0,1,2916,530,1423,933,351,1595,778,2841,284,1534,1848,1931,189,903,0,264,580,377,587,1898,144,11,1299,1150,865,4267,2191,479,646,5682,9057,6897,264,0,532,0,605,0,107,3425,0,42,13837,0,6768,539,6375,1098,0,1478,0,842,2080,645,513,288,429,2432,182
77,2609,193,629,0,606,958,13018,362,153,1133,305,4112,634,1026,3150,2395,3054,2111,3856,567,3326,1229,1709,831,2648,385,1001,1424,145,986,3254,862,208,1830,799,0,3010,1043,3727,2674,2058,2556,6886,235,2,361,0,10,0,421,5063,0,0,121873,119,4926,133,3775,673,0,1943,0,1787,2701,1685,218,369,479,1077,175
78,2012,529,256,1,2,511,6185,930,0,390,1,2414,736,2,1427,3000,3599,2678,3911,615,4875,1418,351,0,1234,2254,1157,394,20,207,18,657,285,364,192,1409,1543,310,2320,4,1047,2405,2473,0,0,3,0,747,0,0,946,0,0,74840,0,843,373,2200,749,0,787,0,1070,2798,213,545,121,636,374,802
79,285,322,2,0,57,239,1368,309,28,0,0,1262,5,2,42,20,2408,1384,2536,610,2576,200,242,0,137,0,236,255,1,1,326,252,81,244,237,112,1055,231,3,279,826,465,8,0,0,124,0,310,0,21,110,5,0,983,0,610,0,0,143,0,302,0,864,1394,630,0,2,185,0,89
80,2450,1456,0,41,307,402,3849,915,149,202,93,463,1,1275,804,1523,1525,906,1211,759,1079,758,250,462,1589,548,317,209,153,488,2388,642,392,1131,403,409,1827,488,248,2662,3146,5859,2614,211,0,278,0,283,0,171,6363,0,0,63550,0,2456,239,3509,2070,0,1608,0,396,1389,328,1312,346,293,1579,317
81,12084,1259,0,136,1023,3123,33405,4157,1,1879,2,16885,1656,4461,9820,3958,4133,7816,9110,2002,8422,801,4758,2084,4625,1390,1261,2646,1,1645,4329,1601,467,1407,4151,2111,22460,3938,10743,2474,8230,12808,14769,492,0,3624,0,2607,0,1038,13787,0,159,157248,0,7628,0,23502,2178,0,8858,0,5567,12191,7711,1147,598,3286,1915,1021
82,2388,555,659,0,12,461,6362,1806,157,0,283,3842,657,889,39,547,5576,2910,2642,525,4108,565,899,434,175,1,516,836,385,695,278,763,0,1512,1176,1048,2812,657,957,775,2571,4169,3363,267,0,445,0,42,0,220,1754,0,0,12050,0,779,1,3091,490,0,316,0,820,1950,361,709,152,748,305,286
83,4405,3481,456,19,1377,961,12155,2927,454,1789,0,5788,1578,2497,684,4088,2254,1380,3697,672,1961,4426,2347,442,2454,6667,1425,1129,655,1494,1980,2090,261,3386,1607,228,9154,2175,6482,1307,8233,14249,8389,0,0,1755,0,2633,0,617,11069,0,0,189686,0,10152,19,21868,2597,0,4560,0,2107,5194,1269,2185,585,876,2841,325
84,449,5,77,3,0,163,261,141,0,18,0,131,0,45,156,28,1630,769,1111,871,1003,19,95,0,475,275,176,40,89,0,189,67,44,465,51,231,99,54,644,2,476,833,2745,1,0,15,0,24,0,1,284,0,0,41720,0,17,3,441,74,0,256,0,426,268,222,0,1,53,0,19
85,4654,4502,0,0,100,706,7485,2403,1,3040,0,6757,155,2059,3431,4808,3425,1523,3157,957,2456,834,2245,502,1373,11919,498,1148,129,1460,1108,441,267,73,863,1538,5729,1063,3181,1013,3558,6148,5022,0,0,1044,0,418,0,589,11873,0,8,95842,0,1760,720,8573,360,0,3522,0,2099,3784,2032,600,498,776,3845,768
86,6826,884,920,10,596,467,6341,1028,80,628,119,1612,437,641,1408,7519,1007,423,1780,380,950,1086,1038,258,1718,21076,592,488,657,500,1048,1326,366,1074,2543,1497,2364,1375,6926,1243,328,1796,5877,160,63,1651,0,720,0,410,2547,0,10,107321,0,2132,242,4209,241,0,2030,0,960,2400,250,599,191,912,2476,192
87,23701,8087,212,0,275,1360,8843,1194,179,0,1,3473,2016,3501,4930,12382,3130,1801,8072,821,4033,2332,3900,562,2297,19155,952,986,450,1081,3608,906,191,3157,3213,30,7650,996,3413,4587,7385,5645,8244,0,0,1233,0,279,0,576,5502,0,0,231827,0,2964,0,15568,2768,0,3858,0,2729,15256,983,906,836,653,8268,883
88,4712,6999,704,321,1003,384,11455,4073,4,123,0,3613,2093,710,1147,134,4009,2561,4738,2333,2169,777,3453,236,1022,34,643,1744,510,628,1342,43,59,2281,1548,1998,3268,1287,535,914,7258,7824,4129,143,1,701,0,428,0,459,2125,0,188,27167,0,1815,429,2953,3488,0,1320,1,743,2980,985,3107,567,300,4487,320
89,8807,5859,224,15,2023,485,5673,2127,1210,1692,0,3959,749,3010,1207,3808,3271,1944,4588,349,1719,3366,1245,33,2947,16485,770,1207,818,857,3256,1531,348,2821,2685,1730,5522,1360,6180,1107,4956,10108,6905,27,0,3294,0,259,0,426,8258,0,152,163576,0,263,610,6365,3298,0,3360,0,273,3549,795,2205,280,1011,1828,636
90,16033,3597,1427,0,4333,2989,20041,4385,378,1657,0,10635,2343,3612,894,20600,2418,1455,4803,254,2491,7402,5386,733,4890,25233,2570,1823,1383,1881,8767,3269,984,6772,5145,4085,19891,5069,8594,2529,8605,6462,7778,10,0,5649,0,1126,0,2066,13354,0,26,352076,0,12611,1655,17526,5045,0,4756,0,2861,6660,4061,2744,91,2602,7978,218
91,1099,357,308,0,117,454,2692,466,178,0,0,1065,166,207,267,125,1196,510,921,200,675,487,311,119,860,0,276,241,69,380,595,579,0,670,226,281,404,596,392,4,1012,3341,2920,144,0,206,0,345,0,115,1030,0,23,16170,0,1755,50,2378,128,0,287,0,231,476,169,263,140,128,2,178
92,3119,2031,773,0,135,412,5523,1071,88,1487,1,2273,391,1082,865,4694,2645,2116,4494,700,3727,1350,1637,110,656,439,248,914,133,517,0,828,0,1985,581,732,3380,842,5665,1703,1269,5074,3663,339,0,818,0,520,0,0,6351,0,0,78915,0,1273,12,3109,568,0,2022,0,1043,4206,847,740,532,159,249,26
93,8384,3039,2332,0,1366,3060,24017,957,82,2127,69,6133,871,7874,2102,0,5186,2433,8208,1243,3234,3394,2930,1477,587,962,214,1188,169,1926,1049,1402,266,3452,2919,1648,8596,3246,877,1508,7612,16025,10856,0,0,1174,0,1363,0,833,12084,0,0,118569,0,2184,2,9191,2916,0,4508,0,2045,2437,2243,3165,755,528,7135,703
94,8869,4781,1231,0,2540,348,5680,1858,398,0,0,4889,2837,1523,8672,17695,9213,3876,8257,1511,6817,5310,954,142,2284,24636,1262,2188,947,970,5092,2208,15,6405,1182,1352,6012,3657,11868,0,5199,10928,17266,0,0,4939,0,584,0,534,7561,0,0,376670,0,742,899,5693,4540,0,1445,0,832,9637,1013,2662,259,593,1904,195
95,768,375,66,6,202,125,2346,243,48,776,0,696,82,325,28,2,637,483,1072,564,558,207,494,83,427,763,292,145,164,299,459,109,36,388,616,127,2429,483,235,101,1195,937,1875,0,1,94,0,408,0,93,2608,0,4,46395,0,378,0,1023,343,0,1166,0,531,190,262,35,70,244,382,141
96,1101,52,78,131,191,326,3433,361,195,183,1,1554,100,29,686,1137,687,416,601,194,858,384,223,96,558,4164,158,183,203,220,994,272,98,387,287,210,1810,296,2177,345,1468,2109,2394,48,0,328,0,417,0,232,1558,0,16,54182,0,83,68,1844,462,0,567,0,441,1284,104,357,18,215,337,162
97,3333,1450,519,4,780,1255,6424,3705,784,0,0,2971,940,2026,1049,3338,1181,957,3548,1138,2642,2054,1698,372,3134,2,1040,1029,105,544,4319,1304,72,3387,827,545,774,1829,186,1433,4056,10366,5827,0,0,445,0,1489,0,345,6957,0,0,83512,0,2675,0,15915,3181,0,2060,0,765,10033,1459,1264,105,442,742,272
98,2982,1020,28,0,1900,492,10711,1525,0,346,0,7771,1853,1477,5599,12182,2346,1902,3790,1847,3729,2923,1649,83,630,9331,707,1454,579,791,65,1721,958,708,3362,3040,11620,1240,5351,3255,1949,10236,5539,0,0,2232,0,0,0,322,4979,0,0,172401,0,3842,1117,7416,80,0,1858,0,649,3866,1112,33,1,1152,2568,105
99,1467,661,497,0,96,281,1582,534,1,0,0,978,131,693,228,1815,1143,468,2412,362,1352,662,517,146,852,6392,50,623,121,282,466,841,62,1155,1174,148,734,366,1968,220,1348,2462,1184,1,0,356,0,106,0,720,3252,0,0,28758,0,739,501,1186,502,0,151,0,300,1598,0,527,59,214,238,8
100,1645,155,515,252,411,0,27,670,1080,0,1068,0,87,158,0,3,120,122,350,30,153,171,0,171,0,0,162,31,659,80,0,59,36,142,118,0,0,49,0,249,0,0,3389,504,403,0,643,170,3827,98,0,311,353,4986,506,0,253,1,0,145,0,1,206,35,64,130,61,377,0,76
101,3408,1293,2096,1212,2772,0,239,3184,8202,0,3185,0,665,658,1,0,534,295,1526,178,639,1765,0,1025,0,3,375,48,1884,595,0,209,282,1272,1516,0,30,818,0,968,0,0,24273,1515,1316,64,1590,661,0,1164,0,1957,2884,15489,1790,0,642,0,45,2473,1,4752,604,222,170,930,326,1059,0,1319
102,2264,368,896,842,420,34,119,2017,1394,0,1236,0,171,306,0,0,493,406,1151,28,434,780,0,693,0,0,566,54,851,144,1,212,635,1667,328,1,0,158,1,569,0,0,8249,1028,1163,33,523,751,8525,162,0,940,704,19388,1000,0,297,0,0,704,0,0,329,367,75,385,0,403,0,475
103,8269,2831,3385,757,7219,1,1184,8648,11753,0,7495,1,3859,501,0,0,2254,1658,3043,319,2801,4725,48,2172,0,0,779,1091,5163,1095,1,2026,2464,5082,5479,0,0,1069,0,1563,0,1,20477,3123,3169,0,2782,2673,8965,4095,60,4496,1291,21452,4582,0,931,67,0,4100,1,4725,1416,1006,306,1801,931,2278,0,3161
104,18972,4518,0,5,1988,55,494,2757,2530,0,417,1,1589,305,0,845,2102,2307,5616,978,2830,7547,0,525,0,3382,1103,4781,3081,1885,71,6043,1873,3470,6216,0,0,1877,3166,1,0,0,15949,335,0,0,0,0,0,684,1,0,255,415561,3191,0,593,2,0,0,0,0,3453,48,257,14419,7577,4246,1,1153
105,3052,599,1041,1842,730,0,135,2624,2577,0,2509,0,341,223,0,49,375,215,429,225,489,554,2,399,0,0,590,127,1117,400,47,77,541,843,653,0,0,365,0,298,0,0,13732,850,1165,1,879,436,6528,726,0,1572,1326,46078,1389,0,269,71,0,1559,0,57,330,403,143,127,192,604,0,586
106,3235,744,2074,2914,1835,20,165,3189,4675,0,4517,0,204,637,0,101,295,292,667,167,341,881,29,544,0,49,380,122,2222,308,1,159,744,1083,1003,0,51,308,0,247,0,0,22203,996,2089,8,5171,770,0,1258,0,2122,2546,15086,1495,0,894,0,0,1848,1,1544,407,77,231,361,176,1113,0,703
107,1404,381,606,579,77,2,86,1364,1170,0,276,0,82,72,0,1,857,557,809,191,1084,406,0,368,0,3,250,151,341,122,1,53,192,417,260,0,0,16,2,275,1,0,13894,918,740,0,1172,382,6632,115,0,595,451,3537,733,0,295,0,0,481,1,0,104,87,88,193,43,311,0,387
108,1872,1096,2338,1642,1767,0,304,4629,12333,0,2642,0,929,617,0,502,1104,866,1250,342,927,2171,0,1421,0,76,811,357,1899,869,1,429,800,1612,1950,0,123,447,0,378,0,0,8859,2086,3784,12,6260,800,0,546,0,3024,2363,14302,2408,0,1424,0,2,3051,0,1317,1159,715,415,821,505,1612,0,2609
109,1580,894,1630,1959,1720,1,319,5276,21435,0,3858,0,1269,495,0,4,1521,2084,3299,540,3234,1441,0,503,0,0,613,316,1824,437,1,463,533,1349,1466,0,0,602,0,604,0,0,7910,2732,892,151,12622,0,0,1016,0,2511,1450,11263,1793,0,1735,0,0,2992,0,8728,1650,184,240,425,602,1900,0,1585
110,3442,835,2051,3893,1491,0,284,4663,5946,0,3573,0,495,418,0,111,314,243,739,48,402,723,0,546,0,140,573,214,1798,552,1,128,449,798,1023,0,74,690,5,190,1,0,21526,1335,1803,72,7007,944,0,1090,0,2934,2512,18982,1694,1,910,0,63,2168,0,1317,322,136,158,313,247,949,0,825
111,855,118,508,106,269,0,60,678,1051,0,473,1,106,42,0,17,227,120,333,116,161,212,0,242,0,54,181,62,625,28,0,106,200,207,99,79,0,189,0,159,0,0,3101,400,183,0,393,259,0,186,0,187,37,6857,559,0,257,0,0,209,1,1400,137,164,23,118,3,302,0,123
112,1665,304,596,410,403,11,35,1189,2004,0,790,0,62,87,0,0,239,188,441,129,218,263,0,364,0,1,106,30,285,85,5,86,72,301,233,0,0,87,0,92,0,0,2169,310,139,0,1498,324,0,167,0,628,445,19144,963,0,176,0,0,300,0,1238,141,80,36,96,80,320,0,151
113,5107,2220,1,91,1691,4,113,150,551,0,1241,0,1255,341,0,0,604,476,1736,195,701,2514,0,356,0,172,399,670,1492,474,0,1488,2424,3084,1135,0,0,141,221,303,0,0,1752,486,0,95,0,0,0,661,0,0,9,109354,95,1,1042,35,0,19,0,0,1156,440,0,3109,4521,882,0,347
114,24662,9487,1,0,5065,0,742,2698,3932,0,1439,0,1205,2157,0,0,5610,3286,4280,371,4400,8814,0,549,0,345,1677,5966,2633,2665,0,13566,4297,4430,2882,0,1,738,4438,0,0,0,12146,1217,0,156,0,0,0,889,0,0,3,504528,1955,0,17,0,0,409,0,0,3978,622,1,26152,13247,3679,0,1386
115,7034,2719,1,0,1029,1,183,2326,1462,0,411,0,1783,438,0,1,4140,3405,4919,24,7101,9132,0,1742,1,436,344,2398,829,3210,1,5260,1906,5316,2594,1,1,1338,3058,454,2,0,11228,173,437,377,0,0,0,0,1,1,457,428976,3837,2,2,0,0,1,0,0,1970,4,16,25882,5332,1095,0,887
116,6523,1709,2921,4295,4647,0,442,7301,14878,0,6010,0,2669,442,0,174,1309,1389,2548,220,1404,2997,0,1464,0,297,685,733,2842,1671,0,1224,1115,4166,2721,1,141,1421,1,638,0,0,16351,3171,1812,136,8769,1271,1,1957,0,4560,4353,19296,2922,0,1791,0,0,6408,0,5100,2701,777,669,1872,163,2813,0,3619
117,2836,1050,2411,889,903,2,185,1332,2356,0,2025,0,602,303,0,2,693,641,1321,444,677,628,0,1115,0,4,489,267,1381,248,0,295,388,1569,329,2,0,297,9,530,0,0,17306,888,1084,17,793,1597,11215,292,0,1864,1480,126729,1383,1,763,8,0,1244,0,0,408,405,124,686,88,619,0,879
118,2186,457,2466,1137,898,10,66,1847,2817,0,1986,0,236,80,0,0,743,301,1440,361,604,531,61,479,0,1,337,202,3242,428,1,95,849,2014,669,0,0,645,0,546,1,0,20157,1538,886,152,795,728,22547,1427,1,1831,1260,104738,1777,1,658,0,44,2964,0,0,408,276,430,185,49,811,0,501
119,1713,1316,4146,2032,2284,0,225,5237,13469,0,4593,0,1766,386,0,292,2735,1837,2781,780,3829,1491,1,1297,0,1,1026,632,2135,572,2,1086,612,1581,1874,0,237,410,1,1470,0,0,5312,2608,175,0,3045,1144,14318,2286,0,4148,3612,18425,1110,0,1017,0,0,5065,0,0,2813,278,834,619,56,1428,0,3298
120,1198,150,1741,2044,250,0,2,1717,2564,0,2087,0,60,186,0,203,2233,1410,2667,342,2091,390,0,554,1,156,530,145,661,365,2,81,127,646,97,0,0,250,0,185,0,0,35757,313,3096,0,3746,491,0,381,0,1448,763,7886,230,1,661,1,0,1083,2,972,124,53,11,503,11,614,0,964
121,1424,383,972,455,317,1,47,1526,919,0,853,0,219,89,1,0,316,224,489,128,461,337,0,662,0,0,80,77,1381,130,4,74,355,994,482,3,0,147,1,295,0,0,8665,368,1074,1,402,307,8116,489,0,662,505,126354,696,0,323,0,0,731,1,0,267,174,142,260,1,477,0,423
122,893,108,504,131,467,0,46,906,1067,0,578,0,61,68,0,26,201,180,265,194,169,154,0,280,0,3,137,81,580,111,0,39,70,118,93,0,0,69,0,177,0,0,2342,462,220,33,438,200,0,182,0,268,261,4002,894,0,112,0,0,265,0,942,135,204,0,136,75,332,0,134
123,10355,3118,0,0,890,0,221,2131,1992,0,979,0,784,35,0,125,7000,5138,7818,2242,8595,8071,0,1,0,4184,1494,4151,0,2061,0,4664,2095,3222,1422,0,0,597,1834,0,0,0,20227,111,830,2056,0,0,0,712,0,0,0,466016,2187,0,1,0,0,501,2,0,2603,3605,232,18732,2188,3453,0,322
124,23594,7286,0,9,3115,11,309,1135,1678,0,11,1,566,0,0,2543,10168,4176,7806,2026,8686,7179,0,0,0,8808,252,3711,252,1180,951,8393,4361,7231,5152,0,0,526,3617,1,0,0,23779,0,826,669,0,1,0,508,1,0,0,416776,3452,0,1,0,0,0,0,0,2521,357,0,29019,12691,3972,0,2186
125,968,315,424,986,793,0,77,1444,1884,0,781,0,158,60,0,27,163,77,410,72,220,331,0,275,0,0,120,47,524,192,0,73,210,425,274,0,0,111,1,172,0,0,10341,455,550,67,1472,145,0,226,0,506,1038,3682,611,0,285,0,0,742,0,983,155,87,145,134,35,174,0,352
126,3187,595,1486,2261,1685,17,179,2562,3997,0,3953,0,123,277,1,1,163,291,404,43,285,1100,0,602,0,22,193,112,1849,481,1,86,392,972,925,1,0,244,110,338,1,1,18489,1077,987,49,2769,472,78,606,0,1487,1854,40573,1007,0,790,0,30,1644,1,4186,517,169,236,211,115,724,0,1068
127,1825,552,1567,506,919,0,67,1367,2083,0,1431,0,128,172,0,148,299,207,519,167,273,148,0,361,0,0,161,163,744,51,0,139,230,682,279,0,0,127,0,195,0,0,4924,672,271,18,1112,610,4710,336,0,743,499,1655,444,0,245,0,0,747,0,0,188,127,80,78,6,634,0,308
128,1045,332,1067,30,470,0,119,849,1160,0,661,0,98,15,0,0,84,77,155,9,88,222,0,134,0,0,206,69,1091,150,34,193,1144,916,418,0,36,307,18,189,0,0,1062,537,955,6,100,0,5,204,0,0,58,90982,2107,0,238,6,33,962,0,0,190,107,97,965,249,798,0,140
129,5517,2031,4344,4101,3345,46,382,8524,15689,0,7194,0,1254,1036,0,0,1462,1320,1225,178,1148,2733,0,2257,0,1,1066,338,2975,2286,1,745,1545,4143,3602,0,0,608,0,1916,0,0,17776,4994,1407,0,8605,1235,41434,2247,0,6949,6643,22442,4773,0,2685,0,0,7001,2,0,1711,369,626,1368,85,2544,0,4291
130,1678,177,809,317,547,0,139,1396,1431,0,874,0,136,270,0,19,309,155,320,125,308,231,0,436,0,0,124,40,568,129,0,98,257,389,219,0,3,60,0,384,0,0,3398,598,626,0,737,465,5597,310,0,499,653,11885,1470,1,276,0,0,423,0,0,208,126,117,209,32,533,0,186
131,6450,1615,314,5,2019,0,68,1148,81,0,4689,0,1176,1252,0,149,1471,900,2268,390,995,6998,0,648,0,788,320,1830,3621,317,368,2753,1694,3692,1478,88,0,80,181,666,0,0,2930,211,0,112,0,0,0,1298,1,0,0,213349,318,1,1557,0,0,0,0,0,1559,431,0,4175,3193,726,0,466
132,1224,240,496,276,604,0,52,852,1675,0,1174,0,81,42,0,0,197,126,266,85,113,178,0,133,0,0,123,29,467,135,0,59,38,135,134,0,15,72,1,162,0,0,3594,261,182,20,975,417,595,324,0,527,269,2222,598,0,314,0,0,414,1,109,222,21,53,21,23,394,0,105
133,2171,1152,95,135,1901,15,131,397,372,1,5531,0,900,430,0,91,395,409,910,296,556,4113,0,277,0,311,553,935,1476,558,54,2357,1495,1876,1390,0,0,136,745,430,2,1,5696,249,0,0,0,0,0,610,0,0,0,162320,168,0,900,0,0,0,3,0,1983,139,47,2989,1506,1028,0,351
134,2223,443,706,315,776,0,66,1223,2722,0,978,0,58,214,0,25,154,130,205,87,84,214,0,240,0,90,151,55,560,169,0,44,64,157,168,0,14,109,0,181,0,0,5875,487,186,2,1626,232,0,367,0,741,554,5504,860,0,435,1,0,296,0,2265,212,137,41,193,123,689,0,178
135,18200,3338,1487,0,7121,104,1129,3455,391,0,40550,0,5042,686,0,0,4066,2322,5509,1138,2575,15402,0,1098,0,0,2256,3773,5790,3659,0,2975,5836,6336,7663,0,0,3394,0,1284,0,0,3395,1528,0,0,0,0,0,6550,0,0,0,53326,2534,37,4383,0,0,0,1,0,3711,591,1,4882,1082,1048,0,2924
136,5125,1404,6408,1080,2474,579,190,8441,7646,0,4256,0,448,543,0,340,4836,2423,4388,850,2907,1579,0,2452,0,4,1257,193,3972,497,1,522,5090,2988,1393,0,254,1280,97,2014,0,1,26043,895,6117,1,3837,4342,0,1553,0,3772,1285,45900,2437,1,571,0,0,2177,0,2141,1338,2648,36,1638,117,2071,0,1571
137,2302,303,1030,824,658,1,91,1657,1525,0,3064,0,112,262,0,1,255,159,549,70,271,270,0,427,0,0,215,105,1462,131,0,130,208,511,402,0,16,135,0,110,0,0,5494,890,889,0,1252,691,7959,482,0,1434,1134,18923,955,0,481,0,0,951,0,0,237,54,25,201,37,688,0,261
138,2687,1603,3483,1092,2772,0,284,5021,5078,0,3409,0,742,205,0,2433,1132,987,1722,240,975,1722,0,1158,0,2670,507,23,2774,1404,2,842,797,979,2262,0,0,748,863,192,0,0,8626,2005,2217,0,2173,1748,13645,1222,0,2196,2053,13881,2243,0,764,0,0,3070,0,0,1043,1238,479,542,0,2093,0,3540
139,1489,763,1324,1063,803,0,3,2538,1898,0,3360,0,392,191,0,1,1985,1802,3292,531,2304,407,0,341,0,2,450,125,822,876,0,84,33,686,736,0,0,32,0,2,2,0,6016,1091,4879,139,3795,866,7933,529,0,1783,1638,9982,1024,0,835,0,0,1455,0,0,186,320,23,349,130,943,0,886
140,5733,1817,1,98,2148,0,203,232,1336,0,1165,0,774,69,0,9,565,460,774,201,573,2077,1,248,1,1165,556,770,1958,1076,88,3820,1833,2109,1896,0,0,144,352,0,0,0,3296,287,0,0,0,0,0,309,0,0,118,176808,598,0,725,72,0,24,0,0,1405,181,174,4649,2531,1021,0,534
141,22956,3721,0,464,4124,0,167,1729,3295,0,272,1,416,0,0,222,2935,2052,4952,892,3949,5588,0,667,0,518,1489,5836,2083,1857,0,1990,4012,8132,3470,0,0,35,1782,158,0,0,9045,86,662,768,0,1,0,906,0,0,233,286136,2123,0,240,8,0,10,0,0,3351,1304,402,13502,2364,1681,1,2163
142,656,197,653,34,107,0,112,1028,997,0,212,0,170,411,0,0,345,169,825,199,449,300,0,450,0,0,268,81,323,158,0,75,881,828,542,0,207,198,1,214,0,0,2885,180,2200,43,273,63,0,78,0,178,87,153031,601,1,17,0,0,1127,0,0,111,251,25,170,83,349,0,321
143,10311,2502,4603,0,11514,1,3524,3104,836,0,60412,0,4669,1143,0,0,7059,2988,13442,1606,7749,30846,0,3954,0,4470,3979,13019,4309,3979,2,5692,4509,23397,9161,0,0,8253,1792,492,0,0,25717,1850,6,0,0,0,0,8533,0,0,999,742629,536,2,6433,0,0,0,0,0,6011,0,1038,4617,1754,5938,0,4218
144,4478,1372,0,0,693,26,71,551,619,0,265,0,357,26,0,48,310,234,491,75,463,1438,0,93,0,163,241,689,546,447,3,1751,1009,1122,474,0,0,112,145,10,0,0,3461,132,46,90,0,0,0,237,6,0,6,107487,623,2,375,0,0,0,0,0,601,167,71,4758,2767,471,0,192
145,8205,5105,975,0,1681,0,564,842,189,0,0,0,358,2083,0,4,4662,3237,6847,2132,4556,9361,0,755,0,810,992,3528,774,936,382,8015,1214,5557,1600,0,1,3,1692,1,0,0,17106,0,786,371,0,0,0,1071,0,0,0,421981,1351,1,1430,2,0,1063,1,0,937,802,0,15074,1094,815,0,2690
146,1029,292,809,478,684,0,34,1111,1890,0,1281,0,88,186,0,52,215,138,297,97,169,274,0,363,0,0,268,28,1097,112,1,21,236,397,330,0,5,229,0,156,0,0,4865,518,232,0,1453,132,0,312,0,801,1049,11636,721,0,349,1,0,640,1,315,97,29,95,121,40,408,0,237
147,2233,785,1698,397,1496,2,158,2198,1447,0,658,0,583,299,0,0,838,380,841,404,511,1303,59,830,0,3,461,156,2015,467,1,167,1037,1659,733,0,0,356,49,1088,1,0,10903,465,1665,3,217,612,12201,879,34,910,561,5303,1119,0,430,0,0,1756,0,37,528,332,141,893,293,702,0,661
148,476,108,336,306,345,1,40,591,978,0,474,0,41,118,0,46,122,84,66,29,104,126,0,93,0,18,142,36,407,40,0,49,141,208,154,0,0,129,4,114,0,0,1915,139,224,0,1324,133,11,128,0,389,387,2268,398,0,122,0,0,292,0,120,94,31,17,87,46,268,0,116
149,414,141,191,102,123,0,11,454,436,0,153,0,95,67,0,1,88,31,141,33,73,100,0,264,0,0,80,27,175,26,7,45,157,228,120,0,0,86,0,57,0,0,1635,206,407,0,179,40,0,74,0,122,156,855,200,0,97,0,7,312,0,395,81,61,31,26,17,193,0,87
150,5603,1449,2692,3600,3364,53,199,5832,11095,0,8540,0,637,508,0,176,1840,1247,2530,660,1460,1789,0,1893,0,0,1056,399,1543,1766,90,804,981,2211,1988,0,0,703,0,1281,1,0,24340,3264,1007,19,4508,1557,17305,2278,0,3416,2557,10268,2185,0,2039,1,0,4282,0,118,1447,606,1004,1201,250,1811,0,3062
151,4299,3722,159,0,4363,109,302,1174,2114,0,5299,0,2253,618,0,177,1894,980,2254,619,1723,7655,0,474,0,837,765,2140,2575,1488,0,3229,2543,2833,7630,0,0,140,236,182,0,0,1155,1397,0,0,0,0,0,1385,0,0,1,42629,202,0,3675,1,0,123,0,0,2919,285,0,5870,5874,1879,0,526
152,1692,590,1014,1910,1058,0,239,2700,3052,1,3058,0,421,150,0,0,179,493,618,89,435,453,0,467,0,1,531,152,1331,153,0,333,820,2012,564,0,0,408,1,324,0,0,18489,941,1797,0,1191,535,9239,300,0,1694,2010,35163,990,1,647,0,0,1615,1,0,411,92,238,176,51,749,0,560
153,240,73,305,242,205,1,17,410,674,0,489,0,41,92,0,3,81,62,84,24,88,85,0,86,0,0,43,14,235,60,0,10,77,141,146,0,0,7,0,64,0,0,1768,216,140,0,361,44,1463,138,0,281,261,5576,215,0,100,0,0,205,0,0,60,42,29,61,13,151,0,75
154,5477,2046,402,64,2856,0,71,547,372,0,2127,0,1172,1663,0,342,1433,768,2610,349,1019,5870,0,613,0,1018,426,1161,1631,1070,1,1273,2310,4206,2561,0,0,146,1337,410,1,0,958,472,0,61,0,0,0,624,0,0,96,113493,165,0,1390,1,0,5,0,0,1711,390,150,5339,1565,267,0,483
155,425,213,246,190,248,0,24,537,696,0,511,0,59,92,0,0,83,85,114,0,76,113,0,108,0,0,82,10,324,68,2,26,63,181,109,0,7,59,1,90,0,0,1458,367,168,0,459,160,2005,168,0,322,271,1800,189,1,95,0,0,246,0,0,71,18,41,36,18,161,0,83
156,4673,1216,1706,1971,2511,1,510,5197,9067,0,4312,0,1004,746,0,0,2449,1662,2922,504,2635,1147,0,1106,0,116,471,152,1015,1015,0,138,2254,1108,1781,0,205,551,0,469,2,0,15115,1616,959,25,2373,689,0,1610,0,2926,1117,19262,1593,1,696,0,1,1989,1,5814,1803,656,475,980,521,1599,1,1959
157,1624,229,1717,1304,1001,1,164,2088,1717,0,1630,0,296,694,6,9,807,376,1242,227,484,356,0,950,0,1,802,266,1699,226,2,149,761,2223,955,0,0,509,12,255,0,0,19937,1789,1399,0,1359,625,1,592,2,885,1608,133549,1184,0,173,17,86,1727,7,247,283,98,102,323,457,1027,0,569
158,8163,3882,0,71,4010,0,233,449,2363,0,573,0,874,146,0,121,1261,533,2078,108,969,5961,0,543,0,801,302,1506,2200,863,1,7193,1688,2357,866,0,0,299,243,164,0,1,4164,814,0,0,0,0,0,612,0,0,95,204899,1050,0,1066,0,0,0,2,0,1130,549,263,9886,6357,1571,0,601
159,3112,831,1342,2616,1319,0,180,2266,4536,0,3694,0,196,124,0,116,248,361,768,33,357,670,0,692,0,155,273,51,2157,787,1,226,761,1269,709,0,0,477,0,458,1,0,17903,896,834,0,2885,321,0,592,0,2156,2928,18642,1749,1,623,1,1,1945,0,2108,332,377,170,613,480,1029,0,822
160,12301,5410,0,26,5374,0,752,2255,2498,0,1290,1,1585,309,1,2,4043,2420,6785,672,3645,8551,0,682,0,2,1107,5305,2065,1761,579,5249,3286,6248,5424,0,0,2116,685,0,1,2,6300,1,0,1,0,0,0,819,1,1,1,384529,3710,0,839,0,0,0,0,0,4390,727,580,25787,5505,4449,1,2028
161,9321,4278,0,131,1089,1,170,817,1474,0,532,0,1140,0,0,237,1514,743,2040,363,1165,3667,0,0,0,147,289,1429,897,646,1,6803,1056,2402,1639,0,0,475,250,0,0,0,4769,642,0,0,0,0,0,412,0,0,0,133128,794,0,625,0,0,102,0,0,2123,261,20,8833,2920,1687,0,526
162,906,308,337,1062,260,2,166,526,1096,0,1435,0,161,93,0,0,753,375,1022,151,728,144,0,311,0,0,171,8,382,180,0,26,244,558,318,0,0,450,0,231,0,0,9880,310,1048,0,747,256,8295,281,0,614,370,31556,2025,1,8,0,0,554,1,0,249,120,3,14,140,302,0,195
163,2893,654,655,1900,1497,2,287,5777,10568,0,4554,0,844,511,0,4,1599,2047,3471,912,3167,2104,0,1149,0,0,608,0,572,1514,0,152,271,919,1775,0,0,1660,0,1380,0,0,45153,1687,2204,203,4540,1176,0,1331,0,3431,1790,14849,2968,0,1473,3,239,2493,0,4556,905,614,797,901,295,1761,0,2567
164,979,230,411,200,256,0,31,576,625,0,266,0,76,126,0,0,108,72,102,33,62,130,0,227,0,168,109,32,406,45,0,65,213,365,175,0,4,88,1,157,0,0,2473,273,301,0,281,252,0,258,0,413,420,27526,384,0,142,0,0,374,1,212,47,100,20,117,54,295,0,149
165,6910,1838,362,41,2482,63,232,263,206,0,4896,0,556,277,0,172,1511,573,2502,719,970,4183,0,346,0,4656,380,1224,2375,822,69,902,1393,3479,1275,202,0,962,4870,196,1,0,2382,111,0,94,0,0,0,1129,0,0,0,129017,583,77,694,253,0,0,139,0,355,303,2,3003,344,382,0,354
166,19299,12003,2423,1400,5644,0,732,1085,352,0,27929,0,5538,695,0,1955,5433,3005,4736,688,3772,23157,0,1276,0,51985,1679,6128,7368,2958,912,732,5091,13547,6898,0,0,2425,8854,3206,0,0,22496,1351,0,528,0,0,0,2851,0,0,0,535248,219,172,1796,49,0,0,161,0,2908,1,0,9743,4869,2925,0,1954
167,750,99,189,400,269,8,28,499,671,0,788,0,76,26,0,11,89,76,87,11,63,59,0,32,0,0,128,9,327,74,1,27,83,124,92,0,0,61,0,106,0,0,2757,162,119,3,284,220,1735,99,0,295,310,3480,210,0,154,0,0,237,0,0,56,39,13,59,42,191,0,97
168,1339,166,501,370,564,0,35,580,1090,0,799,0,125,114,0,6,151,109,265,29,118,151,0,271,0,0,58,47,570,115,0,37,139,413,284,1,0,145,5,123,1,2,3334,172,211,14,654,142,13,238,0,711,470,19262,454,0,171,2,0,385,0,1224,115,42,24,222,113,291,0,192
169,523,100,297,224,265,0,30,508,526,0,293,0,118,93,0,1,118,96,157,48,140,75,0,182,0,0,99,31,521,19,1,94,161,448,141,0,36,92,0,136,0,0,3298,373,382,0,179,196,0,102,0,292,328,17219,380,0,225,0,0,468,0,134,79,122,38,89,14,249,0,146
170,7185,3252,259,54,3632,40,277,1251,1107,0,10624,0,2111,591,0,0,651,576,1773,240,779,6067,0,737,0,470,476,947,2629,1033,2,1434,3887,4913,4716,0,0,1065,232,614,0,0,6534,410,0,0,0,0,0,909,0,0,3,284435,137,55,2949,95,0,0,0,0,1319,65,1,3252,2475,2121,0,374
171,1974,3427,2,0,844,28,71,234,738,0,169,0,399,125,1,385,1004,574,1434,192,1319,3296,0,128,0,547,286,778,575,633,1,3010,662,1209,2671,0,0,299,836,2,1,1,2724,166,0,84,0,0,0,496,0,0,5,83164,1319,0,242,0,0,21,3,0,584,543,432,3977,4154,700,0,510
172,1152,179,544,452,315,6,35,534,1487,0,1325,0,101,91,0,13,59,57,129,24,101,143,0,135,0,2,129,26,520,49,0,47,246,438,149,0,15,96,0,200,0,1,3130,464,247,10,1923,205,0,196,0,744,389,25285,489,0,176,2,1,375,0,669,88,19,54,102,66,302,0,129
173,3962,1230,2578,3181,2093,5,191,3557,5633,0,7320,0,468,299,0,0,463,238,797,194,459,866,0,739,0,0,492,239,3050,608,1,148,1106,2697,1097,0,64,511,0,353,0,0,30360,1618,1524,25,3674,1121,129,1484,0,2808,2585,21263,2452,0,768,0,0,3182,1,3352,479,225,224,966,176,1030,0,1154
174,17210,2969,1,52,8382,19,965,2323,1462,1,9310,0,2326,888,0,1,4565,1599,4530,1527,3383,9178,0,379,0,53,1405,4233,6070,3277,1,13217,5562,7000,6296,0,0,1002,1,268,1,2,11842,686,0,1,0,0,0,1413,0,0,61,587473,16,0,1961,0,0,104,1,0,5379,252,652,7208,10155,1511,0,2620
175,547,414,230,820,422,0,50,886,1374,0,1195,0,114,149,0,44,556,441,558,173,661,388,0,600,0,86,186,13,649,58,3,42,489,597,499,0,0,240,2,494,2,0,23522,159,2421,49,1076,191,0,434,0,673,711,4879,848,2,79,0,0,215,2,1152,102,26,242,279,0,348,0,290
176,511,117,421,217,162,1,16,357,612,0,442,0,38,44,0,14,122,38,95,28,77,80,1,90,0,2,77,8,284,39,0,21,161,250,161,0,7,73,11,123,0,1,1587,177,219,11,404,129,10,88,0,211,337,23007,331,1,92,0,1,304,0,233,52,52,12,37,46,145,0,116
177,490,119,331,340,274,2,28,331,787,0,603,0,44,9,0,19,66,40,86,7,64,83,0,101,0,12,55,14,251,47,0,10,113,194,138,0,8,58,0,98,0,0,1743,186,156,0,611,127,0,163,0,390,388,10237,319,0,122,14,0,306,0,144,20,19,36,46,15,165,0,89
178,4542,1712,3957,6686,5316,1,466,7612,8964,0,7297,0,687,1274,2,43,669,491,1179,117,1148,1970,0,1283,0,0,765,165,3926,1176,53,270,1977,4765,2827,0,0,499,0,1024,0,0,39718,2192,3107,0,9288,1772,0,2055,0,4140,5497,33579,4019,0,1589,0,0,4839,0,1350,616,542,249,1407,714,1836,0,1883
179,5054,686,1815,2616,1690,0,346,5500,6343,0,9176,0,368,0,0,2,949,748,1295,272,1637,1113,0,981,0,0,551,164,2491,354,1,483,688,1157,1352,0,25,217,1,81,0,0,45974,1089,2092,238,3951,1078,764,1052,0,3226,1850,33983,2821,0,1026,0,0,2614,0,2670,1521,158,149,123,219,1062,0,1011
180,10352,1987,6372,3577,3620,1,1010,15171,12215,0,14992,0,564,256,0,2,4860,3863,5457,592,4260,4818,0,2987,0,2,2985,535,4541,1053,0,471,1826,4752,2560,1,180,551,0,2650,2,0,62632,3506,4235,3,7737,3127,44422,1149,1,9829,7108,45605,3879,0,1182,0,0,5609,0,0,1988,1393,653,629,974,3041,0,4231
181,3716,592,3110,3098,1882,0,155,4110,6182,0,4651,0,887,341,0,39,676,261,892,84,246,1386,0,1574,0,1,932,271,2542,449,0,248,1545,3798,1002,0,0,664,33,1164,0,0,22514,1454,2205,0,3399,829,0,989,0,2575,2834,82326,1834,0,1712,48,0,3999,0,1259,514,803,544,551,502,1512,0,1041
182,256,56,213,121,149,0,23,171,280,0,154,0,82,36,0,0,82,54,164,40,84,84,0,106,0,0,85,9,205,32,2,14,97,197,78,0,0,40,0,125,0,0,1294,151,213,10,57,144,1198,72,0,100,211,17829,199,0,69,0,0,200,0,0,24,36,5,17,9,58,0,52
183,319,32,239,190,199,0,8,494,351,0,521,0,15,16,0,0,77,83,130,13,90,22,0,56,0,0,63,12,282,41,0,15,73,146,207,0,0,47,0,66,0,0,2624,170,280,0,335,91,1364,99,0,230,151,1118,136,0,91,0,0,260,0,0,37,22,32,27,17,186,0,93
184,8839,3448,255,75,5442,1,974,1292,1436,0,12132,0,3961,663,0,2,3317,1689,4110,380,1719,6462,0,1097,0,467,1799,3327,2834,813,2,1599,3970,11307,4643,0,0,1309,2464,2634,0,0,3814,753,0,298,0,0,0,1492,0,0,0,501161,180,0,2982,1,0,0,1,0,5454,469,0,8529,2401,1228,1,1725
185,480,61,403,287,348,0,33,611,695,0,711,0,53,62,0,4,68,49,87,39,59,105,0,174,0,4,98,14,296,72,2,58,41,214,71,0,10,84,0,96,0,0,2676,181,215,5,586,134,24,157,0,319,488,3480,295,0,197,11,0,344,1,197,33,72,31,108,49,238,0,139
186,13394,4865,55,166,7213,1,566,1843,2472,0,6806,0,2283,123,0,378,2774,1688,2245,637,3339,9925,0,454,0,1059,1375,4195,4181,2058,484,7416,5069,6141,4917,0,0,375,4409,617,0,0,6497,1098,0,216,0,0,0,1222,0,0,0,499719,375,243,2230,0,0,0,0,0,5822,103,0,9800,11569,2876,0,1161
187,886,40,603,80,560,32,52,563,596,0,808,0,52,32,0,0,127,39,232,39,117,103,0,92,0,79,101,41,381,43,82,106,312,281,110,0,3,117,0,73,0,0,788,305,258,5,301,356,17,84,0,41,71,17598,403,1,212,0,1,434,0,19,77,173,44,101,0,172,0,63
188,4246,1954,125,140,1965,2,474,845,342,0,6628,0,1140,602,0,123,1774,940,1170,456,1278,4403,0,261,0,12299,568,1544,3177,516,3,1081,2136,3651,2852,157,0,181,3006,804,0,1,3754,448,0,0,0,0,0,1140,0,0,1,254831,53,1,634,41,0,0,0,0,1251,243,241,2868,1057,915,0,365
189,4024,2004,222,35,1128,0,254,390,941,0,1964,0,543,217,0,0,230,419,620,49,516,1952,0,252,0,2033,398,709,1233,330,0,1581,1424,1668,764,68,1,890,1723,48,0,0,6188,396,0,38,0,0,0,342,1,0,12,203598,146,75,178,76,63,0,53,0,353,214,4,1428,1751,396,0,419
190,442,149,161,234,216,0,8,402,708,0,439,0,46,57,0,54,66,37,100,25,65,135,0,110,0,99,60,6,173,31,1,17,112,185,106,0,2,61,2,64,0,0,2088,174,173,0,529,183,0,106,0,251,274,2298,289,0,93,0,0,266,0,602,33,50,60,68,39,171,0,101
191,432,83,201,248,242,0,31,402,913,0,378,0,50,10,0,5,33,37,94,17,33,88,0,68,0,11,55,6,256,46,11,25,100,133,126,0,4,48,1,91,1,0,2267,211,192,7,671,136,522,147,0,254,238,5221,369,0,140,0,0,268,0,259,61,30,27,114,32,267,0,86
192,13663,4162,0,210,5238,4,614,2684,2608,0,6012,0,2272,1376,0,337,1027,1556,4692,1053,2364,10327,0,1300,1,1247,1920,3928,5252,2500,0,11668,6769,7586,5243,0,1,322,1326,483,0,0,9284,1019,4,197,0,0,0,2659,0,0,39,387050,82,1,2470,175,0,1,1,0,4620,626,193,8825,9651,4555,1,1778
193,428,125,240,340,403,6,27,386,892,1,576,0,35,23,0,0,74,82,132,24,83,71,0,145,0,2,77,8,265,48,0,41,120,247,105,0,10,86,0,53,0,0,2381,102,181,1,402,169,0,157,0,289,146,18646,399,0,194,0,0,208,0,966,61,56,13,104,16,175,0,97
194,570,100,238,242,368,0,20,338,552,0,441,0,9,28,0,0,86,55,133,35,72,123,16,201,0,55,37,47,313,64,0,16,137,364,135,0,20,104,4,117,1,0,948,198,237,19,379,46,0,159,0,149,266,4698,185,0,58,0,0,137,1,624,38,97,4,113,30,170,0,142
195,2206,800,1503,1501,804,3,182,2039,2394,0,1860,0,23,285,0,48,981,353,1255,136,670,417,0,914,0,24,372,193,1489,234,49,157,777,1228,706,0,0,302,0,1032,0,0,12853,1444,4165,0,1495,1076,0,590,0,1614,1540,29569,1337,1,488,0,0,2046,0,1183,599,292,196,726,245,914,0,839
196,680,180,489,256,258,0,56,594,825,0,467,0,71,66,0,0,163,138,185,33,73,181,0,173,0,2,119,18,400,74,0,16,272,426,125,0,4,90,0,151,0,0,2476,317,523,13,175,103,4552,121,0,251,337,22188,621,0,112,0,0,307,0,0,122,51,49,69,10,344,0,103
197,4137,1177,1585,1339,1149,0,218,2219,1370,0,2045,0,279,279,0,0,421,220,635,201,515,1082,0,1128,0,2,590,110,1721,352,0,94,800,2601,821,0,0,465,17,1196,1,1,11009,1423,2141,0,284,966,16956,1370,0,1728,1835,97129,1763,0,670,4,0,1727,1,0,852,755,426,477,132,851,0,574
198,4902,1373,1605,1533,2143,1,313,2588,3123,0,2992,0,741,747,0,76,629,389,852,103,336,1022,0,1117,0,0,377,154,1517,437,1,250,474,2423,1234,0,0,436,0,729,0,0,9235,1178,1327,24,1448,1229,10208,1079,19,2219,1730,7901,1787,1,841,0,0,1311,0,0,491,376,295,754,98,1355,0,1176
199,1054,156,839,783,185,0,94,2015,2012,0,1076,0,69,145,0,0,514,350,621,109,653,538,38,438,0,54,211,113,878,235,1,27,376,967,81,0,0,273,0,3,0,0,3066,557,1575,0,1435,342,15,142,0,626,974,24795,1730,2,85,0,0,1299,0,882,330,219,325,166,45,306,0,524
