,0,1,2,3,4,5,6,7,8,9,10,11,12,13,14,15,16,17,18,19,20,21,22,23,24,25,26,27,28,29,30,31,32,33,34,35,36,37,38,39,40,41,42,43,44,45,46,47,48,49,50,51,52,53,54,55,56,57,58,59,60,61,62,63,64
0,1165,3215,0,625,1,2377,3391,2383,3459,2459,1895,0,217,156,1461,6480,443,1052,5147,3562,79,400,692,1810,6548,858,589,2320,300,123,1680,376,287,4535,215,13,15,2000,3026,1588,2802,2,0,0,4501,0,2171,1445,0,0,2090,0,193,21890,2553,252,1481,1052,1306,3826,540,0,1175,317,1414
1,5988,3332,1,2,4,2263,5206,603,14311,5741,2917,2,1,2373,2648,6367,948,5696,187,9713,604,1388,707,5349,14980,0,3859,8512,1,542,533,1525,1413,8179,2,302,0,5892,5810,5033,5829,1,3,2,25208,3,9183,2148,0,18,910,7,118,316502,9502,5,2443,3793,4784,4117,1594,8,88,1471,4671
2,520,863,409,0,234,5,0,1129,1606,522,1180,1,0,570,346,2186,0,472,191,1553,151,431,73,865,2933,644,786,1662,84,101,350,0,109,568,0,8,501,499,406,746,466,0,0,0,2162,0,393,273,0,0,333,0,0,32490,1147,214,151,0,1347,0,116,0,213,521,107
3,1049,2638,0,139,3,1004,1679,340,4869,740,946,1,470,442,408,2108,70,899,1813,1384,165,515,142,811,1822,0,701,1153,151,98,540,603,332,1881,0,0,205,938,482,1186,1075,171,1,0,2293,0,1176,1478,0,2,365,1,0,16530,1398,0,877,511,602,897,138,0,477,427,306
4,5996,8024,0,681,0,7850,6779,7275,15832,6978,3667,0,2055,1399,4479,10454,678,4585,10537,2437,619,0,369,1873,4912,597,1226,3958,252,219,1007,20,990,6920,0,0,10,5949,3355,4725,4739,2120,0,0,25385,6,6253,10026,0,1,4491,1,926,358869,4110,0,2534,4044,6957,15123,1163,3,2412,1917,3201
5,2729,6721,0,737,1,5100,2939,526,5334,2299,1466,0,317,760,2079,4644,626,2075,849,2990,229,0,591,2127,4610,8,969,2490,343,156,1833,896,447,4435,0,0,654,3859,2457,2767,1522,1,0,0,9022,0,3564,1683,0,1,1964,0,155,287482,4764,0,1482,341,3488,3293,634,0,129,547,1238
6,4628,8172,0,1056,678,3333,4783,698,3470,3396,3717,0,787,3958,1785,4191,0,5803,8091,5621,983,0,509,5180,9674,96,2023,7124,46,899,1309,451,1892,3736,0,0,0,2789,5898,2146,1664,1,0,0,34451,1074,5020,6537,0,0,2964,0,3,48087,4165,0,973,1540,13751,3071,1203,0,70,1277,2908
7,6992,12536,0,2324,3,3861,16998,4003,17050,6600,2650,0,2808,1374,5763,24498,1,13272,58,13084,1818,2205,1374,5108,25242,397,1991,12547,3,380,2357,6,2642,7321,0,0,0,7673,7237,10115,5561,45,0,0,10634,1042,8208,4184,0,1,2005,0,2712,193087,8780,0,3693,6304,4842,5976,1,0,9386,224,2853
8,211,1742,1478,0,2,1358,655,0,309,2375,123,1,0,594,67,587,0,521,557,277,378,0,0,679,610,0,0,350,0,137,7,1,580,1151,0,0,0,276,1435,951,966,475,0,0,3724,0,1226,1281,0,1,1377,0,0,35211,1538,0,558,1286,109,2639,59,1,326,0,219
9,1706,2095,425,198,5,1441,3550,1425,4057,1895,2039,0,287,428,821,4614,7,1733,1799,1742,261,174,209,1139,4021,70,936,1928,357,93,1480,5,447,2499,0,0,4,1917,1963,1687,1734,250,0,0,5057,0,3545,1600,0,0,1046,0,152,60206,2883,0,800,2755,3184,1303,182,1,697,597,941
10,1635,3557,0,104,4,1005,2438,1532,4811,2853,2609,1,836,79,2166,4852,499,2649,5016,2211,258,0,283,2390,2817,244,589,2410,415,106,394,382,548,3484,0,0,87,1338,1633,1637,2805,141,0,0,6577,0,3808,1299,0,1,412,0,2,22926,4238,565,1640,2082,2666,2726,538,2,625,438,1778
11,4,762,1084,702,0,696,0,337,1728,1290,1464,0,0,358,739,4024,0,235,0,2489,360,0,201,2159,4735,977,678,2386,162,207,583,41,656,999,0,0,0,1585,1236,2220,237,495,0,0,9039,0,797,18,0,0,1033,0,0,41260,2311,0,701,0,5024,266,877,0,571,1285,439
12,1349,2891,10,0,0,2027,1638,870,3241,1193,1207,0,2,1179,666,2461,244,3331,780,1794,342,777,81,1186,3309,390,331,2838,76,291,481,117,466,2693,0,0,125,817,157,724,1546,0,0,0,4642,0,2079,604,0,0,926,0,1,38153,2312,438,999,2603,1794,1309,660,0,1453,62,924
13,1344,6711,0,1075,0,2640,2046,2100,4346,1278,2812,0,1314,48,4587,8375,76,1083,1307,3366,522,983,540,2689,4864,2216,1639,2940,694,335,1413,33,313,2374,0,1,0,2784,2095,3130,2061,104,0,0,4794,0,2527,5051,0,0,2096,0,0,12015,3167,0,1322,1819,5255,2154,1601,0,755,330,1048
14,238,1696,0,231,5,195,1108,578,2624,1175,507,0,837,0,0,3967,0,45,365,4015,408,245,523,3069,4006,234,819,2352,444,139,867,275,188,1510,0,0,0,921,1165,516,3,324,0,0,3128,1,600,3815,0,0,795,0,49,12557,525,421,843,0,778,0,280,1,126,82,524
15,1024,2788,0,200,3,1051,1280,1051,2200,1595,1050,0,155,61,975,1830,0,781,626,1580,155,177,159,1051,1974,271,736,1635,119,39,1108,673,361,1387,2,0,0,1395,1053,785,731,74,0,0,10587,0,1485,1380,0,0,276,0,1,155801,661,0,846,1790,1554,1568,0,3,205,0,1133
16,3509,8258,1649,67,0,1470,6690,4017,7853,5386,1458,344,431,689,73,9269,0,2111,996,6188,396,0,734,2166,7136,2252,1225,5175,211,593,836,938,750,8362,0,1,0,3566,5105,4896,1606,625,0,0,5724,0,8558,3446,0,0,2935,0,0,273526,5133,0,4948,0,4507,0,282,0,1261,1849,1964
17,3259,9304,0,1196,1,4202,8821,5808,17447,3533,2056,0,2117,2181,5634,10716,844,6946,220,10759,423,570,1041,4882,15594,6358,2960,10575,0,1445,3648,0,2124,10664,0,0,0,4974,2889,5870,6598,17,0,0,3540,0,6522,256,0,0,4614,1,1794,203085,7085,192,3470,1628,6957,3827,3158,0,1017,4304,2887
18,1808,4328,0,231,3,404,1195,1238,4770,3363,2782,0,907,216,1492,4340,178,2082,7561,3775,180,1,351,1560,2946,122,850,2026,224,184,942,5235,840,3124,0,0,17,2763,4229,2595,2444,0,0,0,8916,135,2955,2688,1,1,526,0,1,99602,3322,139,2449,2250,3218,1985,320,3,1426,773,1387
19,376,1816,0,0,0,397,883,31,664,2028,282,0,149,539,1261,1096,0,1269,390,2149,695,0,824,945,1728,0,645,2591,19,196,1,1,1,1150,0,0,0,2,1968,1357,254,206,0,0,5741,1,795,1714,0,8,101,0,0,110855,718,1,518,1905,1421,1434,418,2,694,0,391
20,538,1057,0,0,1,1,6040,353,868,4174,8386,0,0,7497,4407,862,1,6560,89,4113,2098,1,1741,3193,361,0,0,9541,5039,3034,552,0,3,5041,0,0,34,6863,13048,684,0,0,0,0,75794,0,10156,7574,0,1,1,0,0,177520,10241,0,0,3799,8490,0,1122,1,0,0,3014
21,906,4150,0,62,1,713,1992,2134,4785,3407,1621,0,1118,1875,2452,4372,0,1867,879,3735,263,0,150,1118,3821,95,229,3001,492,821,1312,0,560,3009,0,74,0,1240,2002,2644,2354,0,0,0,3381,0,2620,1000,0,0,1162,0,302,87898,3038,0,1516,1556,1160,2086,570,0,1444,1096,1195
22,465,0,0,0,3,3,731,0,1397,965,315,1,2,45,85,1272,3,418,1,180,160,0,282,1353,205,0,506,713,583,1,318,572,2,852,0,0,0,173,695,0,0,1,0,1,3727,3,810,1356,1,5,101,7,892,19498,0,1,18,758,0,29,1092,9,2,5,584
23,2964,7186,0,1271,1,2718,3885,3413,5856,2891,1130,0,0,2579,5107,4919,0,8179,107,8961,333,1,176,808,13294,11,2646,5424,740,641,923,54,1192,7834,0,0,0,6725,2669,4222,1354,0,0,0,7030,0,1798,3684,0,0,1772,0,4,428521,4766,0,41,2724,1427,2261,1469,0,1848,23,1793
24,151,1003,1,0,0,1142,1607,129,36,1271,692,0,593,582,1552,1511,33,1702,0,1310,777,0,0,2807,2139,0,778,2203,1,143,2,1,1,473,0,0,1,17,626,138,982,8,0,0,12889,0,1827,1822,0,0,1,1,0,58670,0,0,576,2946,383,1379,466,2,260,0,705
25,17575,9885,0,278,1129,5069,7721,4656,22194,8856,2343,0,3,3048,4825,19114,451,10700,191,6496,665,790,1067,2211,12790,556,3045,6395,713,936,2189,0,3234,17765,0,0,0,7597,9761,3592,6722,6,0,0,36264,838,11893,9351,0,0,2416,0,204,677434,13142,1,5111,6753,3146,9210,1997,4,2220,3137,5597
26,2817,1,0,0,0,9560,4954,230,2843,8510,1411,1,0,3013,9368,15032,0,11342,4281,8130,2621,2781,0,11855,6870,0,10996,11213,295,983,64,6895,59,4915,0,0,38,4270,3444,8531,4331,0,0,1,42306,0,3094,8748,0,1,5654,0,5,1323632,11657,0,2369,15670,2289,14034,214,0,11,0,6673
27,1647,4302,0,0,0,40,2589,1174,1,2963,239,0,2,341,144,1724,0,1532,1500,821,304,0,353,1274,1936,0,1,3684,1,0,679,37,218,745,0,0,1,837,1351,2352,0,0,0,0,8808,0,1402,1851,0,1,736,0,0,266609,675,0,2407,1607,1176,519,48,0,392,734,537
28,199,348,0,61,0,627,674,364,466,828,194,0,0,109,112,850,5,175,660,796,97,0,114,497,1040,225,105,1172,221,100,176,75,102,404,0,0,5,300,369,411,516,19,0,0,3745,0,832,1045,0,0,10,0,68,8326,1023,0,235,705,1521,574,42,0,100,55,156
29,66,882,0,2,0,1,1306,512,1205,905,139,0,0,469,1326,944,0,1426,2,1438,256,0,167,1092,630,1,538,673,0,289,4,102,1,277,0,1,0,769,69,154,852,1,0,0,2428,0,11,561,0,1,444,1,0,31167,277,0,1481,484,1930,1583,176,1,128,703,362
30,1733,6623,747,380,4,2602,3869,5817,12963,3221,2587,0,853,1073,3128,6189,645,2977,6910,2350,198,467,279,1756,3592,169,540,2069,157,181,1529,1,898,4621,1,0,56,1805,2169,3822,2227,10,0,0,4194,0,4171,786,0,0,2369,0,101,39272,4560,104,1841,3026,6134,2011,1241,0,1278,1326,1889
31,293,704,0,24,2,300,958,0,221,554,467,0,0,512,879,2165,321,1050,435,3187,723,0,1,901,2,0,1,1601,0,85,13,218,434,85,0,1,0,1097,11,412,920,0,0,0,8579,0,3994,2642,0,0,0,0,0,81959,1498,368,352,528,1844,127,173,0,1102,471,801
32,3415,7613,0,101,1,1477,134,2654,375,20903,1089,0,0,510,7783,6270,1,16769,1904,12224,2665,4886,0,3734,2487,0,1733,678,1,1317,7807,1,102,6342,0,0,0,10311,2869,1431,9167,0,0,0,43187,0,17188,6159,0,1,0,0,0,571335,3340,0,4314,14822,5272,5770,0,0,0,92,3323
33,517,888,0,2,2,458,1012,1046,5331,1690,1938,0,0,419,351,1573,0,1574,1942,2084,266,0,290,1044,1149,0,1,2708,0,201,17,227,117,1164,0,0,54,1260,2787,1146,847,0,0,0,11148,1,4016,1241,0,0,681,1,0,110858,836,0,343,852,1740,2338,7,0,508,85,1550
34,233,65,14775,0,3660,3793,1,3351,115,5353,3959,1,0,2074,0,4545,0,0,2719,30549,2047,4353,809,18048,52686,0,8976,18282,1383,2215,3,840,596,1712,0,0,1354,0,1146,1818,3113,6676,0,0,22709,8139,0,0,0,4,1,0,0,74921,6941,0,34,151,11098,2250,618,0,0,0,805
35,124,1980,0,0,0,58,2212,548,1980,1926,777,0,276,492,1536,3353,0,992,796,4139,646,0,734,1173,3386,0,0,1541,821,442,708,0,324,1000,0,0,0,1198,21,421,2045,26,0,0,10896,0,0,2184,0,1,119,0,1,61161,959,0,565,2642,2766,1665,0,1,202,746,1365
36,129,495,0,90,0,1341,1217,67,297,2242,1897,0,170,344,1056,1655,0,1527,2594,5768,355,0,598,3004,6512,485,1132,2971,679,736,25,1514,167,2344,0,0,187,167,391,1482,159,1,0,0,7919,0,1160,3238,0,0,145,0,375,231723,822,0,996,2367,1753,586,1031,0,686,0,874
37,242,424,0,2,2,199,705,7,198,609,275,0,2,937,852,2039,0,202,362,1789,367,14,377,1662,3848,1,458,2381,29,81,257,291,38,777,0,3,0,282,781,197,562,0,0,0,5404,0,374,349,0,0,186,0,52,36290,803,0,548,650,1151,474,55,1,0,0,380
38,1035,2446,0,0,2,1567,4812,993,5588,1835,1237,0,615,0,1802,4996,239,2113,3714,3202,459,123,417,2528,5324,1665,1979,3357,284,468,962,622,734,2318,0,0,102,1230,3102,1940,2367,230,0,0,7143,0,1738,1503,0,0,1068,0,0,134170,4607,0,1629,2015,2162,1659,504,2,1632,498,1320
39,352,213,0,20,0,0,827,417,1429,1289,1049,0,98,1225,888,894,0,654,63,1965,444,435,283,1064,4082,0,990,2677,29,151,7,0,401,996,0,1,397,449,291,1346,1021,356,0,0,3999,0,1403,1159,0,0,331,0,0,88896,1125,0,2,0,3625,0,594,0,1,429,354
40,3601,12165,0,993,5,4643,8601,7075,14147,3843,3828,0,468,629,2862,14384,2704,8056,5236,6026,376,776,894,2158,8042,0,1867,4268,374,437,3645,321,2134,10057,0,1,338,5885,8603,3300,4647,203,0,0,13577,1,11962,2974,0,4,4693,0,514,96256,4692,14,4858,3939,10436,7284,2211,3,1939,3026,5072
41,110,2235,0,0,1,1268,4225,2483,4389,784,130,0,0,551,254,1309,0,4082,628,3261,58,1784,494,1025,1006,1,198,2184,1281,821,512,0,0,0,0,0,150,982,1023,1039,64,0,0,0,11306,0,184,2723,0,0,0,0,0,40899,794,0,0,1328,1510,2244,42,0,2832,0,403
42,1712,6123,312,521,3,382,4123,3389,10995,8530,4795,556,757,143,3,12377,0,4770,558,4439,351,0,264,1110,2554,399,539,2883,159,108,1639,269,2485,5909,1,0,0,1006,1639,4388,831,166,0,0,16,0,9869,0,1,3,1514,1,271,24944,994,900,4828,1,5560,0,752,2,886,45,2146
43,138,135,0,0,0,140,2,0,0,118,171,0,0,101,4,163,0,115,362,1117,182,205,51,732,1639,490,476,850,120,41,0,0,74,258,0,0,0,133,319,7,223,99,0,0,2284,0,95,74,0,0,146,0,0,9045,423,0,272,0,1124,86,4,0,71,385,105
44,4552,3081,0,0,2,4112,3801,1112,1841,3626,1896,0,666,768,3117,8096,743,1609,5485,2633,404,1677,322,1832,4829,3,707,4570,222,397,3246,396,650,1840,0,0,654,2098,3479,3409,2684,187,0,0,13685,1,3150,2840,1,4,1228,0,425,110377,2245,0,1529,3341,4783,2766,1616,1,1393,936,1789
45,205,189,705,12,220,1,0,356,90,345,134,0,142,52,165,322,0,28,153,1205,168,0,138,1077,390,240,242,874,143,54,1,46,8,315,0,0,699,90,402,170,72,0,0,0,3548,0,52,46,0,0,41,0,0,20940,34,0,38,0,1103,0,109,63,0,26,103
46,52,3050,0,162,0,131,1363,0,80,495,276,0,0,124,866,1123,612,538,699,641,130,0,295,2415,175,0,780,1574,0,138,1,0,487,282,0,0,0,1941,849,0,175,0,0,0,7432,1,1593,645,0,0,6,0,0,30018,44,0,1965,1588,206,10,0,0,22,0,1544
47,1332,1047,0,74,18,409,868,541,2115,595,551,0,103,335,525,1629,8,1191,271,162,72,0,106,320,448,120,115,555,46,35,176,673,418,978,0,0,0,676,1127,475,698,17,0,0,4295,97,1020,1143,0,0,275,0,2,126033,1041,46,556,721,860,434,174,0,319,109,497
48,685,662,0,0,1,43,1073,388,224,1521,240,0,0,12,1699,3206,0,308,2,1309,274,0,507,2027,1508,66,683,285,0,437,2587,0,35,3,0,0,305,2180,1983,879,486,0,0,0,6180,0,2557,347,0,0,1057,1,0,30621,90,0,265,1065,144,1100,0,0,0,0,810
49,2652,3813,0,973,7,3951,4222,1500,6424,1249,480,0,40,170,2942,6847,335,2339,689,4006,285,11,296,1601,2657,616,1269,2377,377,361,1108,1562,246,3427,0,0,146,3087,4033,3217,1507,543,0,0,7514,0,4247,5009,0,0,2844,0,27,376333,2789,0,1690,844,2998,2893,1018,0,1321,1189,994
50,110,94,2,2,2,655,420,1,84,652,720,0,0,662,60,688,0,29,1,893,425,0,233,1027,1611,61,207,321,0,527,529,1,70,307,0,0,2,150,590,75,10,0,0,0,6372,0,58,706,0,0,35,0,8,137249,68,0,34,574,191,961,3,0,197,0,285
51,944,877,0,418,0,388,1014,417,1122,2724,1354,0,180,158,288,4258,0,1152,1498,4195,321,0,313,2475,4961,652,1632,3769,565,215,488,7,276,2042,0,0,46,1379,814,727,517,0,0,0,4585,0,2006,1287,0,0,503,0,195,19628,2459,0,430,1559,3447,578,167,0,156,134,818
52,6542,10199,0,684,1,10381,10490,5121,18130,5984,3440,0,729,3823,5038,11248,1445,6001,6544,2639,1435,1,548,3668,5796,1825,2565,4514,1628,806,3490,3521,2352,7678,0,0,7,5762,6480,6177,6843,1351,0,0,26683,8,4917,6436,0,2,2425,1,293,266793,6977,0,5701,6683,13541,3166,895,2,1155,1507,3296
53,5226,6362,0,1472,0,4309,6473,3443,10387,2546,1669,0,495,634,2419,9739,1080,3043,6793,1924,81,362,73,880,2419,165,286,2038,471,269,2235,544,590,6461,0,0,459,3248,3207,3328,3803,307,0,0,9450,0,8957,3161,0,1,3570,0,650,86173,3919,1,2410,1401,8726,4392,2567,0,2505,1861,2376
54,605,624,0,119,15,677,1173,238,428,631,410,0,149,678,203,753,0,599,594,1256,206,35,304,926,2060,0,225,1493,161,124,194,1,39,673,2,0,3,501,497,426,1483,30,0,0,2066,0,897,1641,0,0,348,0,167,41725,747,8,375,405,1739,318,213,1,219,20,383
55,780,6689,2757,0,1,5439,0,1,0,4039,6236,0,0,0,4820,7708,0,2264,1273,33046,4913,2709,2126,18335,27107,6614,8378,34393,4765,4987,402,0,2711,3745,0,0,5,0,5,2930,3975,3992,0,0,34281,0,5589,981,0,0,86,0,0,7277,4694,0,887,0,13630,0,3872,0,277,0,1222
56,2065,4629,198,760,139,763,3919,3616,6143,3626,4138,204,1488,238,299,4863,1,1998,2382,2414,568,227,373,1584,1886,95,440,3180,229,124,1223,0,816,4415,0,1,139,1903,1689,3551,826,108,1,0,3855,16,4685,3704,0,2,1427,1,223,45862,2026,326,2403,0,3590,0,342,6,521,29,1514
57,263,1,0,0,0,70,1739,1994,4965,2108,1437,0,0,185,424,1560,842,1694,1669,713,387,0,745,2374,1110,0,607,2394,821,0,510,0,482,707,0,0,0,138,1208,230,618,0,0,0,6828,0,2861,624,0,0,316,0,0,39561,1373,0,3,209,1804,1383,669,0,1057,0,747
58,5782,7173,0,1038,226,6189,6546,5087,8571,3825,2256,0,1147,848,6027,8022,961,3192,9729,2269,325,511,337,894,3537,384,518,1961,591,317,1367,119,900,7676,0,25,346,4908,7655,5457,1569,244,0,0,14702,285,7685,4978,0,3,4166,0,9,532701,2166,266,3478,904,4894,8047,781,0,2516,882,2618
59,1036,0,0,0,0,715,835,600,946,731,796,0,0,278,1220,2837,0,1221,0,791,241,0,165,1558,2982,0,2,3014,616,2,47,866,347,1036,0,159,1,91,311,600,1472,0,0,0,7111,0,0,933,0,0,263,0,0,185981,863,0,28,1382,2733,741,1457,0,773,0,640
60,2998,12936,0,689,3,7851,5295,1070,10803,5731,2908,0,936,3184,4408,18389,17,8194,3073,4915,1106,1040,583,3710,6995,2,2367,3978,718,627,1538,4876,682,7009,1,1,390,4326,7814,7362,4487,715,0,1,26760,1871,5773,10147,58,1,1502,1,2097,189982,4048,699,2456,1325,7268,8366,1056,1,2979,260,3874
61,1950,6129,0,2518,54,3750,7997,6209,12926,4367,2481,0,1001,2064,3145,8205,0,6008,35,11132,696,43,1134,2706,12490,3073,1011,6390,1,313,2906,50,800,4347,0,0,1,4907,5540,7559,3423,0,0,0,9879,0,1845,1597,0,0,2,0,1,279808,4038,0,3112,2241,5223,3008,247,1,421,0,1985
62,35,40,2599,0,32,0,36,27,6,38,45,0,0,10,9,70,0,13,26,7700,2932,2293,2157,7724,21145,1,743,8535,2976,24,28,43,24,18,0,860,1175,14,50,16,3,3,0,0,118,0,15,27,0,1,2,0,0,21584,3,0,2096,89,36,0,0,3,30,0,2
63,9106,10064,0,13,7,48,9616,10096,4,8538,13840,11,3,16,1815,17823,15,1751,5893,14380,3170,0,2629,3287,860,0,3209,3364,1,3192,7883,13114,6419,3468,3,3,228,4312,16416,3267,5,3,13,4,31772,19,4884,5041,0,45,3,8,6,1504918,717,6,1404,21940,12448,163,1,30,4881,13,729
64,837,1474,1,151,2,1444,1457,1020,2025,512,652,0,206,119,1239,2030,31,724,2564,382,70,81,48,599,689,184,151,706,130,32,536,86,216,1068,0,1,11,1053,1026,1378,781,69,0,0,1619,43,1433,1072,0,0,933,0,83,66312,792,82,420,163,1671,1048,363,1,192,130,375
65,8968,10867,673,2286,1,6972,13292,7303,21903,8254,6096,0,51,818,6641,21032,1539,6836,15445,6593,553,0,884,3188,8098,535,980,6140,16,547,6396,940,1606,14819,1,0,257,6220,7136,10613,4401,297,0,0,22820,628,19430,19213,0,0,6851,0,626,503714,10792,375,4934,4840,4313,14516,3180,0,5261,5137,3666
66,3094,13510,0,6,1,3541,7241,6591,19048,4737,3511,0,821,2008,9605,14698,548,4807,5215,7023,905,852,453,4160,8548,1348,816,7050,1068,409,3482,1,663,7766,0,0,58,2998,4182,6588,7385,0,0,0,5484,0,6980,1964,0,0,3103,0,365,58642,6521,0,2571,2792,8153,1749,883,0,1158,1432,2772
67,1312,970,0,0,1,594,2182,800,4880,1763,677,0,1455,45,2709,1491,0,946,948,205,126,0,219,1203,313,1377,509,1890,610,524,1175,0,195,35,0,0,0,1480,1311,961,61,0,0,0,8101,0,1104,712,0,0,0,0,0,53674,1973,2,1617,2576,1863,642,15,1,990,0,1001
68,8989,7632,0,1254,0,427,11160,4221,14023,11333,9612,0,0,5029,5526,6622,0,21122,12030,7734,1956,0,1665,7168,4394,3979,2432,4669,2,1631,957,1,3,2774,0,0,0,6443,4452,1860,7147,0,0,0,54678,0,9275,11734,0,0,2286,0,0,398382,265,3278,9718,5321,9118,5977,1492,0,2449,1,5658
69,497,177,0,105,0,1997,3245,224,746,796,264,0,102,1712,3604,912,12,1154,427,1463,908,625,162,2097,1897,0,456,2316,25,1276,73,0,405,184,0,0,75,1290,1894,1133,160,9,0,0,18836,0,2241,2107,0,0,387,0,511,103673,1813,0,622,4288,488,246,83,0,27,611,215
70,1112,4324,0,1756,0,2622,6649,4161,9876,3485,2984,0,679,494,4367,6431,372,3466,3242,2645,640,0,188,2102,4194,328,1614,4097,637,385,3095,1020,773,5290,0,0,7,2821,3741,3145,2151,398,0,0,3944,73,3699,1555,0,0,1587,0,920,49960,3066,278,1694,1067,9409,1799,735,0,1498,555,1676
71,18742,0,0,0,0,3017,0,863,5565,3228,7205,0,5370,0,0,0,0,1358,7,2442,292,0,386,1090,3556,0,1805,3491,833,188,5206,3174,2091,1538,0,528,0,3898,2624,3244,3281,2994,0,946,2124,0,613,1,0,0,3803,0,344,582924,0,0,297,0,0,0,674,0,3407,0,2421
72,3708,6957,0,396,1,8239,3368,3637,9211,3509,2430,0,1904,888,4519,9532,0,3667,47,5515,461,392,345,2903,6352,9,673,6119,583,352,3704,823,1024,5347,0,0,444,3963,7544,8126,1388,2,0,0,12477,0,2582,2377,0,0,1245,0,0,459151,7765,0,1371,1397,2888,2711,882,0,2166,205,761
73,2261,14378,0,0,3,1323,4911,5012,8153,9807,1237,1,8081,1666,6957,10330,0,12777,4608,5128,1261,0,3,7274,9177,6601,1,5732,1407,1650,29,102,1154,4367,0,0,402,8886,3938,2287,0,1,0,0,43586,0,4575,4869,0,0,2362,0,0,496297,11622,0,3260,8722,13954,3538,2702,1,0,2780,4494
74,9240,15245,0,1,7,950,10147,922,7048,5445,20880,1,0,2016,10415,14455,2,15492,16956,8762,3916,6472,3348,17516,340,0,7670,8210,4859,1195,4,3,1070,9092,0,1,165,10305,13487,3773,5685,3,1,0,91565,0,9916,24981,0,1,2,0,4065,311897,7182,0,4091,7935,5273,12419,1,3,2673,1688,6193
75,3479,7282,0,2003,108,6278,6719,4220,10016,4294,3815,0,340,1918,2096,3625,6,4477,7356,2168,319,297,222,1729,4076,185,1144,2610,265,340,2018,609,1015,5668,0,0,12,1464,5017,2598,4999,1178,0,0,5042,0,5689,1973,0,0,3748,0,327,52493,5391,108,1916,479,3816,3793,395,0,1373,1470,1662
76,1393,2859,0,0,0,2850,4167,2093,5459,3000,2869,0,5,2598,2129,10701,0,2955,13,8251,806,1,677,5558,11313,1673,2313,9379,1534,914,1684,437,797,4334,0,0,0,2636,663,1325,2505,132,0,0,18067,0,2533,5944,0,0,4316,0,97,275770,5282,0,629,3157,5072,2690,56,0,632,816,2250
77,2025,7742,0,14,2,7964,6465,3681,9251,6603,3187,0,131,6437,4233,14513,2,7706,8331,5544,694,0,1535,4650,12013,0,1979,5921,93,632,1458,8853,2673,9127,0,0,24,3909,8914,7308,5911,0,0,1,40397,0,7759,11317,0,0,1487,0,3,197351,5490,0,4879,4473,7968,4429,1632,1,2675,1073,2964
78,11147,6715,0,4631,0,0,9569,3819,9645,11731,5847,0,0,366,10536,9920,36,9860,3396,9686,782,3480,2535,5816,14957,0,3966,6400,0,2891,4244,3859,71,8506,0,0,10,2645,22157,5246,1553,1548,0,0,38820,0,7710,16374,0,1,5330,0,0,770368,17573,0,23,5166,8135,3051,39,0,2252,0,4945
79,17735,36,0,3725,3,2,9256,7822,8384,8409,471,0,255,4344,19528,8894,0,22638,8714,22214,2348,0,4136,12173,4902,0,4541,9922,5038,5191,17786,24,2,3920,0,0,3,13778,21130,4177,5146,1,0,0,65715,0,0,1601,0,0,0,0,0,1038564,1,0,4952,9137,7068,3,4607,0,7908,2103,10777
80,713,0,2413,650,5864,0,5117,0,7036,4257,5,0,1,3670,831,7396,0,0,3802,24953,3220,6014,3778,9951,25196,6268,14748,38470,3455,2330,552,0,0,2869,0,0,290,1583,3143,3677,5784,1,0,0,40690,1,0,41,0,0,62,0,0,79731,8094,3541,1787,0,8652,0,801,0,4263,0,1108
81,305,13,1581,0,0,1465,5326,0,2107,4366,118,0,0,2834,2827,7457,0,3593,934,6019,1288,2307,1290,1809,5776,0,0,4534,0,649,131,0,0,2981,0,0,0,5085,721,3046,40,0,0,0,25305,0,0,11545,0,0,1,0,0,161553,4430,0,2474,10230,705,2190,1108,0,25,0,1817
82,4434,5057,0,0,1,597,10436,5680,4524,6062,331,1,0,5259,1903,9943,1,5309,1517,2609,3037,0,955,3267,15409,0,14,6166,765,134,2837,3725,2036,2971,0,0,66,4603,8572,134,351,0,0,0,49445,0,6593,7464,0,2,708,0,0,300052,1711,0,778,2729,2029,29,0,0,0,8,8842
83,2611,2460,0,20,1,2930,4677,2330,8713,4505,2882,0,984,1794,2540,10225,0,6583,41,4933,763,1676,1106,3287,9434,957,3432,6411,510,1042,1206,1,2041,5169,0,12,0,2805,5243,1143,6001,0,0,0,16534,0,3748,1500,0,0,1530,0,960,266114,7691,0,1931,5366,4893,4434,1743,1,2583,3307,2530
84,148,4486,0,0,1,3056,6759,3171,3439,9855,783,1,1,1017,1905,4598,0,10520,1704,4930,1569,1,1927,7236,10819,1957,1654,5707,4,2381,1531,289,3084,867,0,0,18,41,13261,654,432,2,1,1,31964,0,7,6012,0,0,0,0,0,143689,2919,0,9778,12986,7193,1338,2726,0,3005,1394,2961
85,1407,3783,6,0,0,1702,4487,2383,3626,3591,1710,1,2481,4315,3284,4680,1,3628,3171,3877,928,677,671,3939,5670,2734,1110,3545,724,115,629,927,1649,3171,0,0,845,2856,2437,1765,2403,205,0,0,29002,1,2971,8005,0,2,1064,0,682,147616,3936,0,1470,2862,6730,4819,682,1,779,1329,1314
86,6652,6779,18,0,2,1563,26432,4370,17603,10117,3536,1559,2898,1780,986,11240,0,5684,3,9448,1339,1306,733,3472,12665,2558,1170,6850,1098,281,1900,1,675,11594,0,1,22,9351,3018,12044,2221,0,0,0,22817,0,14991,7733,0,0,6084,0,18,139211,5124,2758,6614,0,5851,0,379,1,1642,672,2671
87,3171,5668,0,0,0,1,7531,1836,607,0,1959,0,0,16,6711,994,0,8939,432,12907,0,0,3396,13726,10395,0,2886,10297,1783,5823,25,810,2,3381,0,0,0,406,5979,576,5956,0,0,0,37907,0,226,5176,0,2,254,0,0,245010,35,0,331,0,738,593,0,0,2709,1168,45
88,13044,2874,0,8,6,8304,4746,1940,14628,5796,982,1,1,3296,5850,4732,1,2438,8837,30,560,0,875,7992,17391,0,6907,16264,3171,1527,438,1470,3,1653,0,1,0,4981,4072,2827,861,348,0,0,41326,1,13209,12705,1,0,1076,1,4,717354,14636,0,2012,10480,2861,8703,3578,0,2185,0,3246
89,177,297,0,435,0,189,105,0,197,294,697,0,1,346,126,270,0,31,380,2524,259,3,163,1337,1928,159,499,1801,43,104,102,2,68,185,0,10,0,318,118,497,564,247,0,0,4773,1,154,0,0,0,281,0,0,19480,470,0,0,0,2711,0,1,0,21,498,161
90,1033,63,6,8,0,431,201,9,483,509,838,0,0,197,389,752,0,507,237,4980,570,0,269,2054,5493,1957,1702,4471,121,296,155,811,155,32,0,0,31,1221,1550,283,211,0,0,0,23875,0,408,4903,0,0,48,0,507,346030,306,0,480,1120,2521,220,13,0,147,9,438
91,3152,6173,0,572,1,6523,6848,4779,4613,5543,3885,0,234,390,7530,9506,1,4659,1027,15004,1061,2944,1097,4295,16686,4946,2813,12144,1263,1298,2655,1,10,13072,0,0,381,9932,6759,3465,5590,1111,0,0,9425,0,5186,10584,1,0,3682,0,1283,440370,6910,0,4942,3736,4918,6216,2124,0,2867,5098,3781
92,4,732,0,155,0,174,403,553,1371,569,726,0,0,600,572,1224,0,219,116,642,183,758,160,1214,2275,125,651,1750,503,257,1,0,251,464,0,1,0,326,1000,121,152,0,0,0,3475,0,377,216,0,1,1152,0,0,31667,643,0,435,0,2036,167,275,0,398,98,108
93,3664,16519,0,0,1,544,12372,441,8368,6078,5990,0,0,1056,12126,6922,3,6431,9123,6899,2035,0,903,9531,7638,0,4471,8324,0,836,2164,3,286,2710,0,0,0,6121,7536,2515,1035,0,0,0,41218,0,4629,4310,1966,0,2,0,1,145910,9092,2,475,6775,4774,5459,0,0,4359,2772,3674
94,200,435,9,0,729,410,148,298,0,360,59,0,693,316,238,288,0,198,1,2493,448,0,250,1596,4503,203,1011,2765,0,93,0,2,473,1,0,0,218,99,7,242,412,0,0,0,13187,0,0,1060,0,0,0,0,0,14320,644,0,489,0,1029,0,0,217,291,0,0
95,2049,8306,0,2343,1,5553,4951,3991,10356,3623,2480,0,1093,1431,2224,4849,442,2814,6142,3057,97,877,439,2213,5356,247,915,2867,259,542,3868,200,1283,6309,0,29,157,1867,2424,4102,5887,898,0,0,3524,0,3415,1503,0,0,4088,0,246,67063,5663,508,2267,1094,8693,2789,1404,0,2316,1693,1840
96,8232,7448,12,1066,2,3599,9464,4297,10530,12187,3440,2,1615,1181,5197,8649,0,10250,370,9073,745,0,833,4054,11087,0,3043,13033,0,817,4136,1966,1565,12263,9,0,3,12130,7079,8854,5155,686,0,0,19265,4,7798,11008,0,0,3801,0,3,215258,5919,1,6743,2717,6215,13377,1497,0,2301,725,6884
97,5097,19177,615,4164,3,9849,19171,12190,36555,9820,8590,0,6410,1198,8745,23047,2065,12019,6814,7310,1101,0,1439,3304,14905,3793,1790,3603,782,798,6636,1040,810,17461,0,8,177,8915,18341,18915,10410,2820,0,0,11025,0,15381,3016,0,0,7117,0,4,371641,22424,1607,3176,7461,19589,5295,1742,0,4581,0,6178
98,354,1720,0,143,2,555,669,307,2756,1604,2963,0,1,86,447,619,0,541,218,2771,304,1,667,3188,4117,498,1036,3698,169,310,335,3,29,416,0,0,0,98,1155,1291,1294,0,0,0,2883,0,710,0,0,0,223,0,44,51021,1694,0,272,0,5844,158,78,0,359,430,515
99,2408,5373,0,170,1,1123,2479,1713,9498,1631,3667,0,869,101,427,5780,279,2553,4872,1799,372,326,115,1545,2752,219,649,2176,0,171,2294,2171,969,2322,0,0,0,2057,4563,2231,1816,188,0,0,2111,0,4643,345,0,0,1469,0,2,133879,2170,0,1816,237,2796,4049,268,0,2274,956,1562
100,1659,0,6371,0,6202,0,0,0,0,1,1,0,0,17,100,8692,6027,0,2631,50105,3203,7502,4097,20454,41000,21090,13036,39667,6036,4869,0,0,949,3091,0,26,14978,71,1,0,0,0,0,0,1649,0,0,145,0,0,1335,0,0,31213,0,4789,0,0,0,0,0,0,0,0,5
101,9,0,0,0,0,1,0,0,0,390,0,0,0,426,0,531,1,557,0,12406,1835,2413,2400,6714,25255,1263,3953,11728,1135,1155,880,0,593,1,0,0,0,91,1,1,0,0,0,0,48,10,0,0,3,5,0,1,0,24447,0,0,0,0,511,0,0,3,0,1,241
102,21389,7863,0,22916,9208,202,0,2656,333,7499,12436,37920,20044,0,0,18539,25300,1597,2566,19173,1967,0,1264,15020,41300,4583,10535,22687,3084,778,33030,0,52669,2585,999,8583,15738,3395,3129,7455,5111,10191,20710,3953,46,75874,1,0,6400,35419,2103,140298,63830,22147,0,28361,947,0,0,0,3124,49448,71,20406,823
103,7,3,0,0,1,2,0,0,1,0,0,2,1,646,0,0,0,1325,0,10658,3258,4726,3472,9551,19778,7634,2837,15421,0,2112,6,1,929,1,2,1,1832,0,3,1,0,0,0,1,5,2,0,0,0,2,0,0,2,28000,0,0,1,0,0,0,0,1,0,0,0
104,42,8,1124,23,1804,12,0,5,17,215,1,690,19,1328,0,1652,60,4,7,16952,2842,39,1268,16948,38977,5122,7711,22537,480,2462,20,7,667,1,5,1,3226,9,2,5,10,8,9,6,85,40,1,0,12,151,4,28,17,36064,1,9,2,0,0,0,4,59,7,10,6
105,5202,9510,3268,21091,8442,1241,2,1442,3,2422,18,23773,15754,0,0,13830,27404,2744,14366,26500,1841,4447,2142,8012,40998,15,7040,17274,2387,2355,9211,146,30456,341,14124,9457,14347,4005,5266,7048,4120,6520,7100,7914,75718,65155,153,0,8030,60271,1902,184917,19834,244686,0,33956,1262,0,0,0,7272,16978,3827,7685,5252
106,22,1,2956,1,861,2,0,1,2,354,0,1,0,2294,0,737,1915,2424,1,19163,2533,0,2002,10262,21914,421,7475,7490,184,1826,6,1,7,122,1713,2,860,0,1,318,0,0,1,1,6,0,2564,0,0,1,1453,3,0,74297,0,1623,0,0,0,0,0,2217,0,341,414
107,13,1,4,1,14,1,0,2,2,452,1440,0,0,54,0,1,0,1,0,22696,3220,2595,1708,15044,24538,8902,4748,14960,1574,2452,4,0,7,1,0,0,0,1,2,3,1,0,0,0,2,1,0,0,0,2,1914,0,1,14853,0,82,1,0,1,0,0,3,1,0,0
108,1,0,20,0,1,0,4,2,2,1,1,2,0,1072,0,1184,3,0,0,20843,4065,1889,2439,16512,31893,2203,6615,23288,4798,1902,5,0,597,0,0,0,13,3,1,2,1537,0,0,0,3,1,0,0,0,1,0,0,0,46046,0,1,0,0,0,0,0,0,0,1,1
109,3723,894,57,11927,756,3226,0,774,1749,194,1206,5915,1333,0,0,3507,11827,331,4837,1767,219,241,252,1092,3776,0,926,1843,50,127,3868,3458,9561,528,4410,3899,2877,2844,7202,3453,2221,3060,13505,5265,4673,18831,0,0,3627,38061,2466,25821,6112,115320,0,5425,416,0,0,151,3049,17535,323,12432,778
110,2,0,5159,0,1235,0,0,0,0,2,0,0,0,8688,206,1791,272,4617,2849,10754,2554,8023,2713,13974,29472,23,7140,35031,2147,5036,1,2,4435,2159,0,47,3919,0,326,2,1,1,0,0,546,5622,0,0,0,0,0,0,0,20594,0,0,0,0,3,0,0,0,0,0,668
111,35981,15674,0,36941,1,16332,0,4092,7538,5651,2379,41418,10655,0,0,12698,64350,3072,13576,8164,1043,0,535,3112,7910,728,3540,6842,775,255,9128,8705,59166,10234,14686,11317,6734,12066,11598,6980,16935,13232,32101,27418,37351,53283,1162,1,12562,303182,6116,18950,15706,894459,0,11141,618,0,0,113,17145,103997,6116,17528,3115
112,38068,8140,0,22103,26408,2550,0,0,1776,1393,4429,77254,24904,2,1,13473,19418,4600,23635,21747,1473,1,954,11584,19919,1,6008,16064,693,3392,14141,55632,85920,2529,24994,18720,14989,7265,6536,5942,5355,8364,16257,18904,98516,31343,740,0,3339,106341,294,133636,50413,326836,0,26580,5233,0,0,0,3704,46224,3828,21837,5543
113,47,2,0,0,5139,2,0,3,3,1,1,2,24,2709,0,14,2,2,0,15917,4537,1,5442,19643,40780,3781,13174,21070,3944,70,15,4,796,2,0,1,197,1,4,3,3,90,0,0,10,0,3,0,0,1,1,0,0,46954,1963,1,0,0,0,0,0,0,0,0,3
114,2,0,0,0,1240,1,23,357,0,299,0,0,0,2508,10,156,0,137,0,6657,720,3,558,3632,11794,4542,550,5137,311,1018,75,1,1120,0,0,0,852,0,108,0,581,40,0,0,1,0,476,1,0,1,0,0,0,21594,463,0,0,0,1202,0,0,0,0,1,0
115,19796,1230,1626,26734,8400,5985,0,1024,5144,1108,594,15543,5830,0,0,9934,35663,1257,2727,6505,315,875,933,2438,7097,983,1119,3395,2273,656,5074,1055,16512,1047,10372,7398,8626,4662,2141,5406,3411,4261,12112,6412,12540,35799,1,0,7895,123165,3361,66861,20413,332998,0,9195,865,0,0,0,6648,50544,5728,40246,1174
116,34575,2436,881,10860,315,14936,0,3145,4606,1854,250,1,18179,196,0,10856,49641,1503,12406,3539,160,0,256,1093,3224,1768,579,1774,179,406,6398,1,552,3523,2820,0,1092,638,4148,4376,2101,10203,17084,0,56190,59252,473,0,153,100799,8760,3757,241,639060,5728,5289,1284,0,285,0,5258,1829,28535,53138,1863
117,6,3,0,2,5,0,1,0,1,4,1,0,1,1463,0,1315,0,0,0,17705,5733,2156,1654,17354,27577,1730,8974,17988,3532,2720,6,1,23,0,0,561,0,1,4,2,1,0,0,0,8,4636,0,0,0,2,1,2,0,23742,0,4,2,0,0,0,1,0,1,194,1
118,311,4,0,0,1222,0,1,1,1,68,1,0,835,98,0,0,0,0,2,2621,164,526,77,1370,3747,279,358,3001,324,178,4,1,1,0,0,0,0,20,1,1,164,24,0,0,5,0,0,0,0,0,124,0,0,13778,473,0,0,0,0,0,432,0,1,0,1
119,5598,273,1,11223,610,2582,0,276,88,608,177,3366,2188,1,0,962,12380,205,1884,885,404,11,250,1516,2342,0,562,1930,383,268,2246,3766,9967,368,2470,5093,3364,2091,4654,4107,1738,2329,7057,3129,7048,14485,339,0,3924,36601,2314,17220,3093,187910,0,3183,182,0,0,170,1744,13837,2770,12018,1171
120,95,1,204,0,4,0,0,0,1,0,3,0,1,2726,0,0,1,1,7,11480,2244,1171,785,8432,14187,3932,2844,13170,949,1850,2,1,777,0,1,0,2805,1,1,1,0,0,1,0,3,0,0,0,0,3,0,1,1,38510,0,0,0,0,0,0,0,3,2169,0,98
121,12539,4055,1229,25096,4123,11394,0,2097,2587,1543,798,21220,4497,191,0,8362,27050,1294,7378,3884,468,764,396,3907,10324,669,968,6174,231,265,6146,101,26106,2139,5646,11704,7594,4034,3549,6853,3699,6297,18593,8313,5427,27969,508,0,8508,99951,7008,33690,21856,155477,0,14105,1236,0,0,0,7479,57370,5231,24383,1812
122,6250,759,463,15097,1119,8022,0,924,2508,815,553,2994,3285,0,0,5231,16269,933,2168,1562,381,263,456,1239,2347,0,251,2173,160,182,3165,1000,16034,770,7098,8856,6442,4438,4221,3020,2969,4198,12516,8003,6035,18437,341,0,3719,54528,1401,34147,12605,253349,0,9067,1527,0,0,446,2952,24392,1054,12321,856
123,17531,3132,24656,1103,15517,0,0,3167,14456,5940,0,0,2064,0,0,17093,919,339,2826,14890,1352,995,959,10758,31965,0,6413,11582,812,1762,1865,2,0,7206,100,20,8347,0,1751,6815,3036,4873,0,0,54,0,2290,2033,0,0,1005,0,0,14236,4406,0,3354,0,0,0,3234,0,10127,0,4190
124,3476,1,0,5275,3,0,0,1,0,4239,0,1350,0,0,0,7118,6279,5,1,2,5,0,0,1587,8797,0,1,1560,0,0,2616,3068,10014,0,841,5922,1,2017,12409,5894,0,1638,1,10286,13148,58,2343,0,0,22576,1,9410,5441,217371,0,0,4490,0,0,0,6032,7514,0,4,1
125,1149,702,0,3180,209,2174,0,603,1070,207,159,949,1565,0,0,1346,5762,216,944,1463,136,188,89,756,2683,515,767,1499,5,123,1262,3246,3898,291,2015,1159,1310,1248,2607,1015,838,1273,2939,1853,4365,5942,0,0,1694,20044,430,2644,2438,68567,0,1966,259,0,0,0,1054,8336,354,2302,328
126,349,3,0,1931,1,958,0,0,0,93,18,2848,3853,0,0,3575,81,0,354,3017,214,0,60,230,2364,0,408,1298,420,244,3339,1255,3791,0,404,76,259,523,45,1030,1069,1925,2118,3396,33304,564,845,0,2461,13557,739,15346,2309,174305,0,1200,632,0,0,0,1395,2216,841,20,506
127,192,9,0,22,2,4,0,0,0,181,46,1701,7,0,0,2,69,152,0,99,2,0,11,127,134,18,19,354,11,118,9,0,1171,11,20,3,91,65,75,41,8,27,156,649,3633,394,0,0,257,299,0,0,0,7301,0,3,7,0,0,0,191,157,0,50,31
128,21,0,8480,0,0,1,0,1,3,1,0,0,1,419,0,1,0,1,1,20378,9553,13987,2987,32945,18360,0,10098,27504,1,3138,9,4,2,1,0,1,0,0,2,4,1,1,0,0,12,1,0,0,0,0,2,0,0,31623,0,0,0,0,0,0,0,1,0,0,0
129,41,0,261,0,1494,0,0,339,2,0,0,0,0,770,0,263,0,1,0,22203,2588,4395,702,10923,24881,5416,1138,13471,2243,3905,1,0,1772,854,0,0,2322,480,2,0,0,0,0,0,10,0,0,0,1,2,0,0,0,40396,0,0,0,0,2221,0,0,2,150,0,0
130,3738,429,369,7038,1059,2259,0,901,1145,202,727,2981,3808,102,0,4186,7234,738,1302,2062,420,86,227,1578,3311,248,538,2426,136,154,3186,0,9089,395,3987,2523,2710,1296,1877,2540,2691,2041,6667,4483,1565,13534,208,0,1515,28565,1707,32335,7836,66733,0,5909,365,0,0,1,3004,15170,778,2541,364
131,3454,1348,0,11100,198,4275,0,619,199,315,1113,5468,3083,1,0,2214,11589,407,2855,1765,540,746,149,1849,3460,731,576,2249,200,411,1805,1189,21708,1975,4211,4598,6418,3992,3806,3028,1747,4095,6495,6174,2329,19210,769,0,3798,42971,2044,4600,6119,148918,0,3116,388,0,0,0,767,30124,1795,9483,1052
132,139,0,0,0,57,0,0,0,0,17,4,0,0,74,0,533,1159,100,0,56,166,0,0,484,1859,0,1,206,742,302,778,2,1,1,0,2,1,0,689,1,2,0,0,0,7974,0,0,23,0,0,0,0,0,125106,0,0,9,0,0,0,240,0,0,0,1
133,12565,1948,0,16474,376,3780,0,2415,3552,355,1429,7612,7034,0,0,5046,34067,1323,4599,6226,482,2046,689,4117,7811,2345,1275,2246,1,545,7222,1,24831,2140,10744,10083,5763,6029,8118,4653,1905,4139,13716,8633,19338,41950,808,0,8507,53145,3573,38769,17714,103896,0,20256,2132,0,947,0,2590,35343,4042,13796,2414
134,4,0,0,0,0,0,0,1,0,0,1,1,1,348,0,0,2,341,0,14067,1227,2037,207,6290,15294,22,3913,13954,2309,1392,2,0,4497,1,0,443,4,1,98,0,0,1,0,0,4,5926,1,0,861,1998,805,0,0,83354,0,1,0,0,0,0,0,0,0,1,1
135,4893,904,0,8975,930,1758,0,161,578,465,335,3405,1298,5,0,2851,7898,324,2032,1695,75,632,173,639,2790,240,551,1657,172,139,1860,887,10376,286,1940,2803,1966,2228,1732,2131,1371,1926,5742,2594,2818,13835,333,0,1890,30073,1197,6511,3944,109210,0,3453,431,0,0,362,922,13920,1489,8487,788
136,31146,2218,358,58523,946,21649,0,9,3307,2939,1441,32811,7891,255,0,14867,33819,2135,7683,4048,783,582,659,3620,8977,528,2857,7153,138,490,9048,1,45867,4665,10509,40487,13994,6969,5372,6773,8742,10639,35494,10889,55297,39738,1977,0,13122,195063,3811,77351,26449,1190560,0,11971,1273,0,0,0,14072,155868,4605,35917,1260
137,2008,167,5,8432,2027,1202,0,375,892,380,1396,6613,2689,0,0,3530,10224,554,2031,1478,118,17,269,1201,3646,0,514,1655,156,349,3504,785,8842,470,2317,2553,3296,1728,4110,3880,1470,2408,5539,2399,3714,8245,126,0,2079,38461,2612,19222,6649,86051,0,4458,384,0,0,111,1515,20980,1232,4777,923
138,1740,6,0,0,741,1401,1,1,95,0,0,383,0,0,0,800,1475,2,0,45,346,1,217,207,92,0,11,821,0,208,2422,7750,2975,0,114,100,0,0,34,14,0,0,0,213,6549,630,985,1,1106,8341,1133,14085,178,107097,1,2753,748,0,0,0,736,4072,0,1450,0
139,17905,4381,1,30171,1438,10167,0,554,6071,1801,709,14573,8180,182,0,15089,29273,1336,4896,6005,572,604,339,2700,6691,630,1487,3014,27,272,5091,26803,20255,3389,7639,14380,5589,2265,5439,2277,3968,5719,22538,5193,11031,25779,0,0,6711,83749,3593,86098,17319,368576,0,13572,1310,0,0,887,8230,42922,8819,45026,1358
140,5533,1351,0,13799,2094,3981,0,414,2476,771,81,7398,6296,85,0,6298,13868,606,1982,1955,235,0,138,929,3117,143,414,1217,281,118,3025,1253,9694,936,1918,7912,4915,5021,5091,3549,2204,1983,5284,9377,4960,13486,209,0,4823,54085,2470,55925,5535,80759,0,6595,895,0,0,0,3387,12953,538,6582,1309
141,6,0,2386,0,0,0,0,0,0,1,0,1,0,567,0,0,1,215,3,17942,4197,1668,524,13450,29515,3863,5452,24296,4845,5481,2,1,1053,1144,0,2,1637,0,1,1,1,0,0,0,8,4,11,0,0,2,1,2,0,31139,0,1,1,0,0,0,0,1,4,1,0
142,6792,332,1051,6139,3438,2216,0,0,1111,325,657,7094,3985,34,0,3140,11722,1242,1044,1958,763,376,443,2879,3436,1436,840,2762,343,0,1971,0,13001,1145,2270,5700,4611,401,2620,1130,1529,3347,3765,2895,8632,8218,0,0,3122,31714,1588,17393,6498,143961,199,5141,1321,0,0,0,2978,13898,771,5209,351
143,125,0,5142,3522,3188,1218,0,1,4332,3443,2539,0,0,16673,1883,5,1,225,1313,29182,4055,1565,5942,14338,56736,0,277,31415,0,1679,4,1,1,2081,0,1,5150,1,1,12,3302,0,0,0,290,0,677,31,0,0,1,0,1,40685,0,0,0,0,1334,0,0,0,0,0,2462
144,2,2,0,0,1,0,0,2,1,0,0,0,0,532,17,0,0,249,0,7882,1155,0,868,4782,4501,0,2752,7835,46,772,7,0,425,0,0,0,2270,0,1,0,589,0,0,0,1,0,0,0,355,0,0,0,0,10344,0,9,0,0,16,0,0,0,0,0,82
145,848,225,0,3731,688,1357,0,149,128,60,118,2337,1524,0,0,1312,5083,156,651,841,192,149,149,749,1466,204,394,585,0,26,1067,0,1986,166,1061,1489,1773,907,1168,885,337,877,2752,1440,1202,5141,100,0,602,22015,645,3586,1682,53961,0,1384,430,0,0,6,536,7950,229,2525,323
146,7573,3064,1183,15480,1592,4306,0,837,1779,1090,518,6838,4839,0,0,1022,15166,721,2727,817,55,599,143,421,1995,3,147,1154,155,85,2457,1064,22714,3550,3325,3390,6028,2792,5242,4277,3133,6246,9410,2625,5324,15525,879,0,5001,79357,1591,228,2111,252196,0,2373,665,0,219,124,2782,53842,5315,13148,1303
147,33873,3799,0,30556,65,5998,0,1139,2710,1579,3912,22163,4440,11,0,3001,34731,2892,10110,3383,663,697,370,2959,7531,511,1421,5557,328,1092,4600,2860,44077,2975,7927,10888,7422,3574,5055,7201,6929,13965,16361,5388,36006,23071,31,0,12310,191286,4199,73,5722,910777,0,4980,1964,0,0,0,4700,95135,7624,23386,2839
148,1486,1204,0,0,6350,770,0,4719,4723,1916,297,905,1616,0,0,0,0,724,0,8985,918,799,806,3576,15011,1382,1341,11190,1823,890,12451,1081,4846,5651,0,1561,1,2745,4251,4631,2552,18,0,0,9186,0,3,0,0,0,1302,0,615,310255,0,0,275,0,0,713,0,0,43,1,4125
149,2367,0,0,3008,947,56,0,0,1,576,625,4934,587,0,0,750,6371,783,1275,713,116,1,475,1930,3211,0,825,1881,131,0,1221,0,3615,879,1661,1624,348,1824,1122,954,1018,1713,489,4318,19087,3987,0,0,977,16157,743,41386,2416,291259,0,3574,0,0,0,0,3622,3928,1234,2967,730
150,30364,5064,61,48777,573,23594,0,1429,2739,3504,1180,23144,9384,8,0,11137,33064,3468,6181,4938,1233,503,419,4478,10067,1898,747,10141,36,459,7470,905,39986,1449,11930,34000,7105,5340,10950,13062,7467,10181,39347,14984,34814,46875,2146,0,10355,227440,7666,37571,19290,1125248,0,13816,2403,0,0,0,12528,147299,1908,29753,1932
151,539,0,2621,0,1359,0,3,47,705,240,0,0,1,821,0,496,0,132,0,6118,450,35,540,3016,8101,79,2072,4088,684,283,0,0,557,670,0,2,1726,177,613,0,0,0,0,0,17,5,169,3,0,0,1,0,0,22000,0,1,419,0,1040,0,0,0,68,0,9
152,1576,469,0,4416,333,2007,0,520,601,55,105,2270,1256,0,0,1189,3883,294,2447,1031,91,12,161,726,1400,238,343,647,91,69,1409,79,3553,202,1976,1234,2179,815,1155,752,900,1609,3262,1259,2519,4599,100,0,1076,17024,976,8067,1975,53548,0,1883,247,0,0,0,627,9192,906,4155,221
153,8039,1174,0,3851,1216,1258,0,208,615,469,718,4349,1313,38,0,395,2779,391,346,570,66,62,89,426,742,191,297,517,8,26,439,27,9032,936,1255,1905,1215,894,851,728,1066,1080,2201,330,7969,5453,318,0,1331,11611,187,15,2116,182164,0,2628,457,0,0,73,631,11218,1869,4923,603
154,4140,0,0,0,2,0,0,1,64,1,71,0,1548,1,0,934,0,0,0,901,908,0,775,965,362,0,1185,2683,412,586,11,4231,987,643,0,0,0,493,1136,0,4,0,0,0,10344,0,1489,0,0,6,601,0,0,56307,0,85,711,0,2,0,0,2,1,202,680
155,276,120,0,419,75,155,0,0,54,105,0,351,714,0,0,8,265,133,60,90,0,151,0,20,355,0,77,78,6,26,117,1,383,50,24,190,72,184,193,69,4,87,272,832,405,431,57,1,316,1368,211,3910,1003,18582,0,406,0,0,0,0,316,859,83,113,169
156,2466,0,0,746,358,538,0,0,1,0,0,1238,3686,0,0,3277,2912,936,0,3592,632,0,79,878,1274,0,791,2538,0,283,3050,2947,2898,0,756,1352,1616,1,479,494,524,0,2184,1805,15740,1810,0,0,1026,10718,968,5010,1043,147402,0,241,614,0,0,0,1421,7869,1208,2976,57
157,43,3,0,0,7678,0,4,4,7,9,4,4,3,383,22,0,1,3,7,786,843,0,223,12406,7305,376,5,12497,893,8920,43,10,8,6,0,1,0,0,3,3,3,1,0,0,22,0,3,0,0,0,0,0,0,25675,0,0,0,0,0,0,0,0,0,0,3
158,15314,1233,0,21277,2847,14045,0,1221,1099,1475,1306,13087,9896,15,1,6204,47523,777,7868,7389,1149,1236,813,6880,11800,1296,643,7382,5,848,5128,6338,21053,1581,15134,12129,13316,3515,8427,6000,3063,3341,11259,15179,44287,29333,807,0,6324,143031,2959,70154,22159,730366,0,16655,537,0,0,710,9433,32297,2406,23637,2005
159,22097,2068,1814,33131,3273,10707,0,1489,1875,1174,1483,10876,8563,0,0,9383,28600,509,6288,6063,794,0,455,5190,12767,1,3145,5627,1734,249,2664,55839,28131,1534,10744,9778,7503,1674,1961,5425,2847,5451,18667,8774,51636,33792,46,0,9461,129854,8225,31746,9958,809377,0,14186,1124,0,0,0,8256,52483,9867,31611,973
160,6,0,0,0,4,0,0,0,2,2,0,1,0,122,0,0,1,0,0,21708,4058,0,1758,25216,9168,214,6096,18101,1,4407,14,8,1,0,2,0,0,0,1,1,5,4,0,1,3,0,0,0,0,0,0,0,1,16587,0,0,2,0,0,0,0,0,4,0,1
161,1616,317,270,8720,0,1966,0,600,496,568,381,3954,2939,18,0,4551,9316,219,2040,922,71,213,54,936,2523,146,398,719,52,65,1203,0,5303,545,2277,4134,1393,2266,2647,1541,1205,3536,5293,3334,5945,8588,26,0,1196,35300,1870,14304,4521,65611,0,5375,283,0,2,74,1520,13670,1645,4302,476
162,7125,1322,0,13124,1022,5103,0,378,1319,500,2208,16388,4229,0,0,3549,14696,298,2354,1737,469,1,216,1558,3998,0,849,1076,89,259,5266,0,14754,822,8463,10657,5653,1813,2316,2939,2175,4632,7947,4901,2945,13142,312,0,3797,73882,1951,11129,10011,94894,0,6573,1176,0,0,0,3951,57709,1189,3529,898
163,12943,1788,1,22670,657,7431,1,500,5,400,576,9342,4369,1,0,5306,23118,894,5174,4033,419,752,330,2179,11705,2346,864,4502,156,386,4270,1000,10332,943,7885,9353,4125,1329,1997,1987,3021,3120,13538,5911,8499,17199,111,0,4552,82578,2424,15875,7659,158269,0,9444,1501,0,225,0,6877,28747,4214,21804,920
164,10359,3530,0,38867,0,6848,0,4879,3217,1825,2666,35699,11954,1388,0,15947,32401,4478,28526,14884,657,1,228,7109,17082,2435,4253,7640,601,1223,18062,3,42888,673,18999,15089,14073,2570,2361,7315,6895,9124,18120,16775,34849,45295,0,14,3391,123589,5589,142360,39065,196693,0,19392,2728,0,1718,0,5498,107739,3488,24391,4615
165,9764,3307,0,15193,349,8402,0,1765,1586,775,985,13303,3670,5,0,8215,18125,312,4420,3070,204,753,142,1478,4122,417,855,2848,594,183,3889,240,11066,1307,5790,12385,4083,1658,4087,3610,4285,5590,13498,7390,7664,23309,344,0,5394,57012,2619,20373,12718,228305,0,5740,1345,0,0,0,3430,54266,2744,18642,400
166,1,0,0,0,0,0,0,0,1,102,1032,0,0,817,0,0,0,191,158,2891,208,0,408,1365,6404,1771,1462,2998,5,185,324,3,244,196,0,0,0,165,0,1,2,0,0,0,0,0,0,0,0,0,0,0,0,7880,0,0,142,0,1123,0,0,0,1,41,0
167,8625,1375,398,19130,129,4636,0,1200,2128,653,807,6667,4370,10,0,349,16886,487,5622,708,45,199,95,611,545,209,284,1004,135,110,2445,484,21597,2939,3866,3709,3204,1317,4371,4810,3194,5350,17630,2289,3394,25462,546,0,6628,76801,1553,0,4198,180816,0,4364,689,0,0,0,2434,62242,6941,19328,1057
168,578,0,2681,0,50763,1,0,5564,4694,3123,2,0,0,3049,393,5341,0,4380,1,19619,585,0,3600,9526,34666,1,7190,16326,2574,1371,2557,0,2,1,0,657,3644,6,0,0,2816,0,0,1,2,0,261,14,0,0,7784,0,0,21960,0,0,1277,851,7790,1670,0,2,0,0,2040
169,3123,677,0,5047,137,1752,0,327,486,266,192,2301,1349,0,0,1537,4807,224,1315,1599,89,109,139,975,1925,4,782,1070,117,107,1867,1512,6100,381,2266,4015,1174,1425,1923,812,619,746,2551,1946,3282,10688,0,0,932,18742,629,11328,2632,102686,0,2373,356,0,0,123,1438,12475,1074,4423,470
170,1815,208,0,680,52,524,0,1,292,55,119,1405,619,0,0,355,1674,74,1074,1289,101,43,63,719,1875,171,189,620,175,44,612,2987,2666,209,926,212,575,250,388,295,313,162,820,556,3280,3329,28,0,264,4850,20,2415,2200,32397,0,1510,0,0,0,0,265,1295,156,1532,305
171,3352,1459,0,12411,143,6330,0,617,1560,734,500,6356,2966,0,0,4206,10194,685,2231,1538,150,149,111,700,2499,398,951,2074,23,23,3571,1,11379,621,3871,5033,5108,1246,3238,3337,3887,4350,9037,2803,5825,10672,545,0,3925,44007,2254,18408,6299,125438,0,3960,706,0,0,148,1885,40266,462,6347,360
172,2534,622,0,8412,469,3156,0,604,1618,142,790,9636,5753,0,0,4097,17850,499,2507,4467,349,587,441,2803,4804,868,790,3517,154,168,3763,1,12625,327,6305,4536,4190,1599,3600,4000,2383,3205,4815,7981,2375,14863,537,0,1715,77229,2815,6592,10086,136605,0,5935,286,0,0,0,5650,28381,2646,7151,692
173,52,0,1378,0,4921,0,0,1,601,292,4,2,764,5,0,390,1,216,381,6839,503,0,976,4173,5080,426,1156,5377,210,263,10,0,1010,8,0,659,6107,403,250,4,537,407,0,1,7,0,2,0,0,7,814,4,0,41804,0,407,222,0,0,0,0,2706,2,0,233
174,2039,155,21,2871,106,1301,0,99,77,169,47,1847,650,0,0,485,2875,67,595,320,63,134,50,234,677,97,179,440,27,62,484,0,2665,180,1238,924,736,831,789,793,588,581,1781,894,1282,3221,0,0,897,12813,303,616,981,24759,0,643,259,0,0,68,647,5584,191,1655,179
175,10785,4211,0,19116,0,7181,0,2157,3024,875,1464,1775,5034,0,0,5193,22329,601,5593,7102,1013,1031,1186,4050,9388,1600,3000,4988,231,1183,4239,29699,18407,3078,6169,8971,5639,2277,4267,2982,4169,4425,17105,9424,7760,26521,349,0,3946,53376,4460,16787,5340,114190,0,7042,1346,0,0,268,3649,28570,834,15698,1384
176,1833,147,0,4020,154,1122,0,250,752,81,554,5533,1193,0,0,1532,5799,377,2057,1501,162,1,152,1205,1502,315,301,1381,240,162,2683,4652,4287,468,1958,1653,2119,1169,1992,1108,286,1290,4285,2345,2162,8332,134,0,950,15122,1492,8690,4554,46320,0,4487,236,0,0,0,836,8797,345,3126,266
177,257,2,0,0,14,2,0,0,1,2471,1,0,0,7005,0,1,0,6004,28,25995,1996,2016,2822,13206,35758,4077,7564,28423,1369,4949,2389,2,1763,161,0,0,0,0,0,0,4,2,0,0,821,0,1,0,0,0,42,0,0,158534,0,0,0,1158,0,0,0,0,1,0,450
178,4826,0,0,1253,1,462,0,1,405,1191,47,13029,5394,0,0,4056,6556,880,95,3691,943,0,1405,2842,7648,32,1980,7727,0,320,3692,1179,12728,0,5173,8911,2458,3360,7840,93,4894,0,1351,4920,24832,8298,2702,0,3819,32387,269,37208,3901,519654,0,7384,76,0,0,0,2705,33269,1342,16586,948
179,13894,1640,2579,19259,6103,10375,0,2328,5012,1405,1533,10280,7707,35,0,11582,23939,1033,3947,2779,659,332,196,1638,6040,1907,1406,3879,745,119,2979,6391,14510,1658,6365,16374,7027,2998,6351,2405,3890,5760,20326,5165,10217,21091,383,0,2787,78524,3228,40831,9343,190450,0,8170,1216,0,0,302,6630,63425,1528,23088,1059
180,1835,418,184,5547,843,2189,97,372,483,389,305,5042,1858,122,0,1932,4807,136,1977,1176,144,0,166,916,1442,141,353,1148,169,95,1417,523,5351,276,2112,3000,2917,765,1497,2135,1226,2007,5142,2249,2126,6694,109,0,1593,34575,1656,11125,3437,48990,0,1663,173,0,0,0,2098,17063,190,1064,215
181,1860,846,0,9654,352,1722,0,155,311,444,378,1587,1118,0,0,2151,7209,118,904,1737,101,479,221,869,2530,210,261,1745,60,124,2181,1,5253,500,1801,1733,708,2029,2390,2017,1270,1249,3185,2960,1991,6877,0,0,1840,31498,1218,21573,2488,118572,0,2964,519,0,0,0,834,12573,558,5996,570
182,8204,310,0,28282,5980,15351,0,241,3571,1023,1407,12600,6974,0,0,12598,23818,1530,3725,5657,964,1765,995,7111,10265,2026,3870,7352,327,1436,4334,5125,20974,1786,14366,35354,7344,7032,4639,5030,8519,7516,17769,8128,52072,21391,1,0,6495,119593,1796,60246,7721,739281,0,11608,994,0,0,796,9143,33830,732,7340,1200
183,792,164,30,1340,251,391,0,18,108,31,43,465,284,0,0,284,1376,60,40,3187,551,751,269,2760,4916,85,873,5434,18,469,289,15,1552,88,343,217,160,351,437,250,100,106,829,525,744,3146,56,0,708,5378,174,1741,619,44336,0,546,57,0,0,6,365,1852,168,1087,109
184,5542,511,0,13,6,213,0,1,32,266,326,4162,498,0,0,394,292,446,150,2555,336,734,572,1958,2836,1,2726,1351,284,172,43,34,10841,608,330,442,375,1333,584,264,335,162,6,3375,10937,1382,0,0,919,12679,0,791,3759,123233,0,1104,234,0,0,0,262,1995,399,948,582
185,12394,5541,0,820,3499,1,0,1,281,2630,0,42545,3817,0,0,8664,6650,1999,8268,9943,1151,0,1644,9817,15388,0,9322,11629,202,2580,2,11,45549,3596,8081,7677,1804,19310,4558,3,7136,0,6733,10970,65169,22557,0,0,11628,69741,5999,103146,19815,1149271,0,20322,5375,0,0,0,14723,19376,853,13102,1584
186,30782,3410,1,37188,434,15582,0,1463,3988,2061,1417,28421,7060,3,0,8849,25443,1624,2566,5560,410,2,458,2371,8870,2107,1908,2210,1529,393,9141,3,34282,2714,9728,23552,9248,3405,4880,5962,6946,7538,16188,9757,13203,37993,361,0,7811,182474,5723,28336,23127,337349,0,11621,2308,0,0,0,9153,90852,5701,26865,1030
187,2199,239,196,3123,235,391,0,197,295,293,866,8390,1014,1,0,1360,5834,240,1116,1671,165,319,93,773,1768,175,194,1119,178,116,2796,2,5374,288,2043,914,2222,615,999,725,861,719,1709,1505,611,11275,266,0,1670,28777,1,6363,4143,4744,0,2427,532,0,0,170,1231,5873,742,1365,686
188,9824,2373,1,42074,3733,18070,0,3409,545,2538,140,19321,10458,705,0,15510,39100,961,12797,4456,1508,0,894,4254,6009,167,3525,11097,729,1511,10884,965,31357,459,14158,15109,7204,7546,5271,7452,7347,9950,9076,21404,30457,37805,0,0,8044,157467,2721,39333,18962,855288,0,24367,1442,0,191,437,7702,45290,4938,15777,1673
189,14,0,0,0,2,0,2,0,2,2,1,0,1,21,0,0,1,2097,0,25788,2338,3958,1746,14162,35128,3844,7363,19633,2928,1064,1,1,15,0,0,0,0,5,2,0,1,0,0,0,4,0,0,0,1,2,2,0,0,22189,0,0,0,0,0,0,0,0,2,0,552
190,25340,629,0,35668,2583,16803,5,2542,4378,2769,996,10378,23702,0,0,11413,40722,2021,8615,5364,1293,1758,1499,5321,6423,55,3248,6401,1554,1048,5582,946,29976,3307,7148,19595,6479,7040,4866,6443,6878,8803,13806,29323,111003,39623,1771,0,14812,169540,8569,74181,16459,1017878,0,14888,990,1,0,0,3800,40297,5608,29544,3219
191,23319,1757,2205,40371,697,10458,0,1359,5055,2305,2205,9742,9162,0,0,5089,37323,1850,6662,2338,323,0,318,2074,3030,235,1338,2217,236,154,7400,23,33410,2783,9201,11876,6328,2513,5410,5444,6625,9253,37361,5048,13645,51005,298,0,16597,136765,5309,0,7102,179710,0,5208,1598,0,0,780,4818,197386,8928,32081,2259
192,2,365,367,0,103,0,0,0,10,6,0,0,0,540,0,151,0,88,0,2737,552,248,807,2313,5591,1699,1456,4698,879,364,1,1,0,26,0,0,451,1,6,274,42,27,0,0,164,0,0,0,0,0,9,0,0,35767,0,6,1,0,104,0,0,256,1,3,1
193,79719,1008,0,13106,3979,7030,2,362,3796,2367,6121,19817,4825,0,0,16437,6979,5429,56,15108,1352,546,1112,4769,10296,2093,3053,8710,1047,1783,3233,1,73889,3975,3671,18430,10074,8670,15747,1041,6337,3690,17083,8256,51716,13875,1323,0,27132,56128,1334,67522,24234,841984,0,13162,7137,0,0,534,11792,36366,5506,32119,3021
194,21303,5220,10,27454,4111,2055,0,3622,5462,4269,5747,16850,16957,0,0,8692,19342,1721,36258,12677,392,0,1229,7230,22396,0,437,5372,691,606,14430,54141,50952,3747,6400,10613,9065,7804,15831,4060,11677,12312,37075,4162,77144,69630,0,0,6280,93894,2632,111766,25205,195830,0,22678,2884,0,0,0,6868,44487,8732,31201,5212
195,6869,1571,0,16393,2279,6298,0,304,561,668,451,7845,2826,0,0,3934,16295,761,2151,1471,100,0,93,700,1890,2,31,1468,56,105,2822,6,14011,1018,3294,7173,4882,811,2815,3159,2727,4216,10198,2555,3594,15195,408,0,3955,57609,1252,23929,9099,129313,0,5523,922,1,0,0,2820,40800,646,7632,794
196,15866,1126,328,27663,2166,5049,5,422,2739,286,1401,9080,4715,116,2,6860,13670,797,5007,2918,373,950,428,1930,3939,576,389,2576,276,108,6592,4730,13675,1205,8575,7091,7545,1533,3129,2759,3079,5287,19346,4582,13409,22121,258,0,4084,71433,3819,45269,6787,220732,0,7362,246,0,0,113,5382,42724,4958,26587,1342
197,13,2,0,0,1,0,1,0,2,1,0,0,1,489,0,1,0,4484,0,36310,2189,5340,4717,28165,870,0,6577,12665,389,5408,4,9,0,5202,0,0,0,0,2,1,3,1,0,0,20,0,0,5,0,0,1,0,0,28235,0,0,2,0,0,0,0,2,1,0,1
198,3,1,0,0,1,0,0,0,0,0,0,1,2,0,0,0,0,1,1,10724,4340,0,453,26199,25553,114,9137,34074,0,0,8,3,589,0,0,0,0,0,1,5,5,1,0,0,4,30780,0,1,3237,0,4,0,0,25316,0,0,0,0,0,0,0,0,1,0,0
199,36688,8639,0,13237,2,5796,0,1,10229,1,575,22764,11878,0,0,6980,342,7055,7230,7938,2695,1,1665,19188,16808,93,4262,4957,969,3082,214,1,88216,0,665,43534,21322,7007,21870,7891,11224,8363,2817,13680,60705,38378,1,0,16621,146725,5914,38801,42522,1788550,0,9041,347,0,0,0,14539,73823,7926,11303,5486
