,0,1,2,3,4,5,6,7,8,9,10,11,12,13,14,15,16,17,18,19,20,21,22,23,24,25,26,27,28,29,30,31,32,33,34,35,36,37,38,39,40,41,42,43,44,45,46,47,48,49,50,51,52,53,54,55,56,57,58,59,60,61,62,63,64,65,66,67,68,69,70,71,72,73,74,75,76,77,78
0,1224,382,0,234,645,98,374,3017,174,0,533,358,1,0,2570,0,320,10,0,0,151,785,922,797,1551,261,740,583,0,962,263,241,207,178,262,96,1,917,73,191,1058,388,2582,682,173,130,933,2020,0,111,1542,1,0,0,453,103,0,2418,162,1,2,91,33908,0,567,19,18,2363,189,696,1348,564,0,761,0,1471,355,0,884
1,903,390,0,4,187,36,94,3689,456,1,167,64,0,0,783,0,262,6,165,0,84,797,421,493,1744,118,743,209,5,394,193,1022,133,521,7,5,0,511,124,24,172,51,744,315,120,199,845,564,0,11,2238,34,0,0,518,93,1,1360,9,3,59,0,16575,0,79,48,13,317,57,181,347,75,0,464,2,822,182,0,135
2,2550,123,0,659,36,1102,905,7898,1391,543,2032,160,0,0,3394,3,940,72,987,0,152,195,1627,946,2820,764,1470,1589,0,812,3185,3,951,1154,845,268,0,1882,774,259,941,393,3365,2042,5,562,3801,5042,0,140,10268,0,0,0,860,322,1,7432,351,1,0,229,184361,0,3628,389,196,3135,1076,712,1585,1723,100,2043,1,1194,568,0,1002
3,14056,3644,1,459,3897,2219,1629,13051,1746,196,5856,1525,0,0,11156,0,2343,221,2865,225,1,13096,2077,555,3700,635,1446,1866,0,3957,3558,6075,787,1038,1686,1225,0,2775,2141,641,1774,2547,9402,1125,8900,2213,4665,7423,0,1214,6701,0,0,0,1394,256,0,10956,456,0,179,547,643123,25,2786,264,245,13545,3517,2981,8307,2215,0,1898,469,1337,1479,0,4121
4,5193,2372,0,190,2041,580,1214,9037,980,534,3721,1695,0,0,8981,1,921,14,944,0,137,1665,1590,744,1938,562,1740,1469,0,3870,2235,165,415,1044,435,541,0,1093,527,211,1494,1335,5892,2018,2672,353,4034,5067,0,42,7899,1,0,0,1205,582,1,8307,41,1,437,367,106611,328,1175,1,1,7182,2243,1746,3625,917,0,1379,2,3719,1171,1,1484
5,543,97,3,133,231,3,43,2234,158,0,429,0,0,0,631,1,235,0,84,0,125,882,479,513,1083,168,877,145,0,110,114,107,65,133,44,2,0,179,139,50,178,64,655,245,459,1,443,1012,0,105,1598,0,0,0,178,20,0,1039,6,0,59,1,18014,0,100,0,4,166,29,225,251,133,0,226,0,464,179,0,114
6,414,118,1,162,57,132,135,1626,221,94,373,80,0,0,525,0,136,0,129,0,140,103,355,314,628,80,425,241,1,141,138,0,135,141,25,27,0,101,39,85,140,94,591,238,34,54,565,798,0,6,1047,0,0,0,93,23,0,670,4,0,38,1,19243,1,151,48,1,157,9,124,439,208,0,429,1,548,90,0,158
7,1457,88,4,1,537,447,623,4603,314,0,791,834,0,0,2712,0,716,7,0,6,23,1192,660,619,1511,255,731,941,20,768,506,3757,131,351,78,198,0,970,231,340,383,577,2237,464,1111,196,1364,856,0,291,1828,0,1,0,282,0,0,2771,174,0,73,101,48121,0,976,143,22,2390,1141,691,2446,288,2,1214,1,1277,32,1,1249
8,7400,1609,0,2,2259,642,40,4376,420,0,1980,1728,0,0,6770,0,1125,244,926,0,0,2952,3695,1266,5188,848,3301,1757,0,1221,3126,1391,86,387,774,118,0,3473,910,870,1778,2367,4786,1397,10629,1580,1110,3362,0,1,3718,0,0,0,492,63,0,7289,1538,0,0,77,542072,76,1495,10,1079,8447,0,720,5673,2817,0,1748,0,3981,266,0,4747
9,6239,2586,266,2594,2129,2912,1377,15456,1886,468,2492,606,38,0,11129,78,1906,313,4819,0,19,4481,2002,1399,1952,661,1127,4130,290,1783,4388,8560,657,1019,1749,810,7,2839,1129,497,4851,2827,12036,1773,7158,904,4343,8331,0,530,9070,1,0,0,2359,735,0,14513,1839,0,25,305,575357,132,7196,533,0,15474,827,1887,5580,6876,1,3341,0,6317,474,2,4911
10,1526,509,0,341,390,172,156,3564,609,42,400,211,63,0,1371,1,494,13,364,0,134,1109,535,587,1263,281,711,467,1,162,234,1192,140,300,42,110,0,918,71,203,336,141,1965,574,46,46,1251,2195,0,37,4345,0,0,0,474,119,2,1291,49,2,65,25,30738,1,320,30,1,181,384,649,794,474,0,789,1,755,184,0,248
11,485,0,2,104,3,149,25,1323,304,1,69,18,0,0,157,0,57,0,207,0,1,7,822,547,1049,188,1033,152,0,177,137,0,24,65,2,0,0,89,74,11,238,18,342,88,1,27,583,701,1,22,662,1,0,1,57,78,3,390,0,1,0,40,11430,16,11,0,0,149,207,308,146,185,1,275,1,106,72,0,44
12,301,239,0,131,26,220,146,2272,316,155,220,105,0,0,750,1,314,47,222,0,144,217,606,883,1185,306,800,387,0,235,85,1,86,105,19,44,0,609,62,113,188,13,2256,412,27,61,438,1816,0,15,1443,1,0,0,351,168,0,1251,141,1,134,17,26039,0,170,114,0,390,208,98,624,203,0,705,2,875,245,0,329
13,528,253,0,24,60,38,108,1953,108,46,353,334,0,0,329,1,278,0,75,0,64,621,418,445,672,367,694,222,0,155,145,2740,97,478,22,179,0,298,120,23,248,36,526,61,210,12,230,522,0,17,1710,3,0,0,142,96,2,1254,7,1,60,7,11297,0,79,0,1,111,72,289,354,39,1,398,1,514,152,0,101
14,753,201,0,240,0,59,68,3627,302,24,752,310,2,0,1451,1,565,0,36,0,114,17,498,494,1145,122,733,91,4,349,220,14,105,232,111,2,4,321,94,33,279,46,1586,298,43,46,442,1591,1,0,1408,0,0,0,204,168,0,1818,12,1,46,64,14881,1,199,58,0,155,5,168,732,313,1,716,2,496,118,1,97
15,1338,720,0,257,456,5,103,3161,310,0,199,30,31,0,528,0,55,5,157,0,75,215,727,445,1193,232,504,211,0,204,189,480,146,162,5,12,0,98,152,119,544,52,830,170,134,40,679,1537,0,0,1330,0,0,0,422,137,0,1318,28,0,0,15,12401,0,225,0,8,89,88,180,434,611,0,410,2,800,169,0,282
16,839,210,0,117,307,147,153,2935,512,0,242,125,0,0,1465,1,329,14,181,0,154,170,469,335,533,152,492,434,0,279,694,285,234,222,50,66,0,132,165,68,226,181,740,346,421,36,696,1209,0,22,2121,0,0,0,157,30,0,760,13,0,1,62,39226,17,369,177,37,310,141,285,224,260,0,800,1,585,248,0,190
17,3330,1039,0,0,1654,997,443,7738,479,215,1421,829,0,0,3071,0,985,201,1805,0,22,5394,1156,617,1684,598,1305,869,0,591,1466,2326,314,399,737,127,0,855,636,232,557,645,3673,694,1938,420,1814,2360,0,50,5223,1,0,0,883,149,0,5804,646,0,334,651,112981,1,1140,0,213,4078,694,460,1154,1622,0,903,0,2052,32,0,1018
18,4638,2676,0,696,844,3755,1022,8051,3244,0,0,1034,3,1,5919,10,2273,3,7265,0,260,4791,4757,2588,5059,963,4478,2639,3,1501,7298,5404,910,194,413,1397,0,2172,552,134,2583,2069,5543,2607,3128,680,7781,20344,0,2286,12133,0,0,0,2641,881,1,7531,3430,0,0,124,802623,0,4302,0,523,8535,2477,3445,2464,1659,0,1143,2,7026,2961,0,4311
19,12722,1905,0,2,0,1365,765,13514,559,947,6957,2104,0,0,7660,1,1378,144,1166,0,3,3056,2766,922,4077,565,2343,3738,0,4553,3065,147,219,1163,2770,474,0,4467,1014,874,3788,2790,11790,2591,5849,2986,6430,7801,0,2192,3444,1,0,0,979,438,0,18730,1087,0,413,190,587846,0,806,323,761,13532,6671,1610,7466,858,0,1586,2,2873,2266,0,3830
20,587,113,0,78,415,3,47,1377,158,25,539,104,0,1,804,1,244,3,85,0,58,436,543,422,1139,50,422,93,0,74,123,53,66,74,56,0,0,87,46,13,161,32,774,217,18,15,775,117,1,22,1002,1,0,0,234,19,3,223,7,1,0,4,815,0,49,0,0,144,11,233,214,173,0,407,2,180,249,1,124
21,2517,1450,0,303,1251,498,614,4910,832,90,1377,276,43,0,3148,0,481,0,198,0,158,3410,680,341,895,334,880,1056,1,600,843,6323,304,443,212,165,0,853,136,69,582,1171,2149,564,2030,57,918,3196,0,45,1988,0,0,0,1164,109,0,3034,535,0,59,28,88556,0,292,0,150,2947,373,1068,1370,669,0,684,0,1718,659,0,851
22,9362,2480,0,1582,1307,2508,991,18676,1714,335,3858,1900,125,0,7611,0,851,4,11989,0,0,2567,4452,1193,5302,1438,2374,2071,1,2297,3580,8516,530,67,1281,1415,0,1928,1572,27,1395,5558,5806,3807,2000,503,1651,5643,0,247,10266,1,0,0,255,308,2,20169,536,0,0,37,597763,1,950,1192,1193,17739,2323,1573,3973,3939,0,488,1,2881,2267,0,8288
23,1310,989,0,0,492,344,0,1324,295,0,41,179,0,0,714,0,164,0,137,0,20,1177,1116,1106,1789,755,1699,836,104,248,467,3708,209,100,0,472,0,520,217,118,482,366,3258,557,2196,195,809,1641,0,0,2669,1,0,0,934,4,0,1162,152,0,0,4,83409,0,145,0,152,960,1202,395,163,318,0,252,0,453,0,0,0
24,5652,3816,281,1382,1077,2855,2314,20092,3388,0,3493,3072,592,0,7054,0,2591,0,5390,402,2112,2406,3243,1062,3304,417,2743,3412,0,4589,1922,2,796,1529,2203,304,0,2498,1364,1259,6688,1916,4092,4209,2678,1304,5865,10264,0,1931,7881,0,0,0,1070,799,0,10891,1455,0,44,6,189653,13,2890,1888,0,20497,2997,1684,4452,3600,267,2954,1,5503,1740,777,4835
25,539,433,0,16,84,201,124,979,603,0,1,219,0,0,2176,0,739,25,0,45,237,221,712,486,1021,139,600,947,3,533,79,80,295,350,0,97,0,2121,436,68,209,275,27,610,99,190,1618,2663,0,39,2221,0,0,0,150,123,0,982,90,0,0,0,8008,1,325,0,8,69,247,624,179,1,0,427,0,812,38,0,0
26,501,183,1,183,0,68,105,2518,206,103,740,57,0,0,1202,40,134,0,0,0,86,2690,839,501,850,183,739,636,1,260,121,1435,97,142,67,4,0,275,380,48,212,104,1432,144,642,64,362,550,0,12,1167,0,0,0,730,0,1,939,21,3,2,6,15656,0,304,0,0,205,24,113,646,143,0,689,0,849,149,0,259
27,865,95,0,96,202,49,32,1654,210,0,63,0,22,0,217,1,56,15,132,0,106,289,452,513,1002,106,864,324,0,108,98,118,1,55,31,2,1,273,51,110,256,90,606,108,89,0,259,366,0,1,738,1,0,0,149,114,2,482,20,1,32,1,14898,39,67,0,0,160,64,165,396,145,0,372,1,472,31,0,2
28,1151,406,1,255,643,15,190,1135,212,2,172,109,52,0,507,0,250,20,127,47,147,1773,656,537,976,41,674,317,33,209,145,2175,134,74,73,127,0,169,55,29,92,197,680,234,965,3,160,463,0,0,1845,0,0,0,340,54,0,1435,29,0,30,31,20686,0,193,0,22,391,394,347,432,148,0,143,0,391,18,0,530
29,1406,271,2,389,24,645,517,4543,1066,1,491,319,1,1,4749,3,1560,1,1905,229,31,14,1631,1391,3021,853,2145,483,1,1428,3003,832,244,466,262,402,0,196,288,0,670,293,3512,697,74,290,131,1651,1,8,4781,0,0,1,421,13,7,3184,376,0,0,572,94621,123,549,69,0,2336,784,571,410,1272,1,932,6,841,624,1,1482
30,2768,1380,0,1,2716,521,787,3865,336,1,296,1066,0,0,1135,1,369,5,662,0,39,2286,1374,846,2852,356,953,1097,8,1074,1437,3022,216,487,225,625,0,187,395,195,646,688,1431,587,1444,190,296,1709,0,0,3396,0,0,0,1334,350,3,1675,81,0,121,143,79755,0,469,0,3344,5375,1894,559,1826,1352,0,454,0,833,583,0,0
31,303,361,0,305,17,46,141,1692,97,139,827,168,0,0,683,0,295,0,54,0,31,301,407,357,662,185,322,292,0,430,218,3,71,220,103,61,0,228,265,4,238,122,1175,345,318,19,662,736,0,19,791,0,1,0,75,16,1,1086,78,1,46,5,17540,0,224,3,0,372,13,324,876,348,0,436,1,686,135,1,253
32,6243,1777,1,1,905,2022,376,6940,283,0,1456,532,0,0,2166,0,840,290,1441,0,57,5305,1381,864,1343,275,1357,1816,0,837,928,5161,210,397,0,277,1,608,402,187,1686,549,3705,771,1525,441,852,1597,0,49,4438,0,2,0,1437,180,1,5067,415,0,176,191,92403,0,866,132,118,5308,347,586,1269,180,0,1251,1,1815,98,0,1050
33,11021,2830,1,835,828,4391,3205,14251,1096,30,4747,1998,1,1,11088,0,2420,354,15037,0,54,909,4082,1265,10068,2548,3325,4589,0,2970,5124,885,704,791,130,2069,0,2483,1229,23,2237,4540,14066,1492,9815,2872,1478,7876,0,892,8559,0,0,0,2229,1274,0,19258,3227,0,102,33,574507,0,4323,992,1297,14079,3076,2286,5121,7159,0,1504,1,4001,2069,0,5781
34,2450,1104,1,391,1068,1134,292,2828,1007,1,0,492,63,0,1394,1,828,1,308,147,117,2250,1419,933,2726,568,1352,1253,0,717,506,5350,250,517,15,1613,0,410,224,24,1071,774,1440,586,594,229,1154,2366,0,1,5653,0,0,0,801,98,4,934,88,0,0,378,58707,0,359,0,162,3554,2054,585,1,214,0,294,237,687,482,145,349
35,188,59,0,215,76,89,19,1296,246,32,96,145,0,0,472,44,115,0,69,0,0,165,501,454,776,49,576,327,0,240,69,55,51,144,55,30,0,260,125,0,146,107,842,119,31,25,464,926,0,5,58,0,0,0,151,33,0,247,27,0,0,1,4982,0,128,58,14,53,32,152,555,127,0,472,1,363,41,0,109
36,721,338,1,436,165,90,391,4029,593,51,224,273,15,1,1841,1,596,12,37,1,154,947,532,552,727,53,628,427,0,846,106,70,210,260,62,15,1,99,159,230,328,271,1054,436,142,115,1041,2179,1,55,1379,2,0,0,512,218,1,2261,16,1,25,67,7283,0,402,2,25,614,322,416,549,212,0,822,4,598,77,0,801
37,310,126,0,49,36,134,1,1832,196,6,217,92,0,0,581,0,149,28,38,0,2,170,515,324,933,151,415,122,0,175,166,0,47,34,20,6,0,337,120,30,129,50,621,186,45,0,1179,796,0,49,1075,0,0,0,60,0,0,514,6,0,0,46,6756,0,173,41,0,190,150,192,168,325,0,626,1,271,45,0,371
38,294,126,0,34,0,15,64,1212,183,0,651,159,0,0,889,3,186,0,50,0,33,38,763,587,1129,257,827,153,0,150,94,0,49,167,76,1,0,139,63,21,158,38,1287,266,25,26,425,1297,0,93,1139,0,0,0,138,86,0,1660,15,0,0,1,12112,0,45,0,0,66,13,389,136,151,0,269,0,253,35,0,127
39,6998,3504,0,2196,3369,3227,833,32113,3071,434,5800,2003,225,0,14871,0,2847,177,4917,0,391,10768,2087,1420,1484,1151,3304,4475,0,3154,4379,5382,1189,2138,3022,1009,0,1573,5578,342,6927,4095,18982,4885,6628,1747,11316,15787,1,774,5989,0,0,0,4930,1275,0,18767,1662,0,0,1733,447061,0,12226,919,376,25480,1238,3436,3348,6122,0,4730,0,8935,1570,0,7335
40,3324,347,2,0,1168,270,1558,7609,181,0,2304,381,185,0,5371,159,1413,161,415,0,0,1260,2267,996,2979,543,1317,1582,0,1100,3203,1,177,477,42,2,0,527,765,2,451,588,4985,405,7,407,2603,3495,1,97,527,0,0,0,1120,177,45,5481,1440,0,0,181,696762,0,82,0,389,1621,930,147,3241,3293,0,899,2,322,230,0,424
41,4279,1959,1,352,613,1121,815,6799,447,159,806,452,0,0,4014,0,797,51,347,0,101,662,1686,1128,2394,601,1685,1496,0,913,2334,232,549,757,297,416,0,615,880,457,1586,637,3273,1794,2694,51,2490,3106,0,256,4402,0,0,0,936,325,0,4058,125,1,412,606,107983,0,1922,0,61,2828,398,875,1579,962,0,1469,1,1195,613,0,1626
42,2282,628,1,897,1057,896,155,5828,372,216,621,399,88,0,2810,0,393,0,914,176,101,3099,1533,560,2628,169,1093,1273,5,1206,1451,488,284,383,453,175,0,950,279,36,345,1260,5480,632,3593,292,295,2916,0,86,3895,0,0,0,1228,22,0,3223,215,1,89,87,89870,0,2091,14,76,3260,1307,161,1796,1593,0,560,0,1428,1036,0,1936
43,920,182,0,63,242,279,0,754,249,1,74,192,0,0,161,1,603,0,51,0,141,260,1096,445,1533,173,571,127,0,0,266,1075,60,163,0,128,1,0,106,66,325,189,842,195,562,16,99,404,0,69,2165,1,0,0,560,3,1,740,24,0,0,142,30853,0,194,0,73,369,2,160,428,223,0,202,1,783,74,0,15
44,8531,4220,288,3013,6038,5795,3525,12614,2274,476,1,662,0,0,7748,413,1454,309,7769,351,24,11149,5052,2622,5860,612,4446,2512,0,1815,4663,21547,1984,403,906,1240,0,1723,254,795,2637,3846,14586,1593,7865,0,5093,13484,0,1167,10792,60,5,0,1254,455,4,4825,641,4,0,59,812761,0,2215,2,39,6332,1673,2831,3688,4701,0,1630,918,8855,489,1,3119
45,638,473,0,597,0,9,165,3223,473,0,285,144,40,0,2322,0,368,23,0,1,24,507,934,568,641,191,902,513,0,511,220,144,244,253,73,10,0,665,28,311,196,271,1522,598,220,1,1275,626,0,22,1098,0,0,0,617,132,0,1565,48,0,56,79,7717,1,896,0,15,473,12,50,500,56,0,679,4,507,1,0,213
46,13610,3443,7,3893,3191,5110,3464,26070,5500,63,4979,1443,129,0,8587,5,4000,7,8199,0,175,9620,2837,1284,5177,449,1773,4531,0,5862,5109,15197,1080,2570,1220,1454,0,3931,1451,1036,8474,5136,19676,4598,7859,814,14524,12958,0,1962,9129,7,1,0,1482,1815,0,23927,872,0,10,176,714674,26,2542,1,793,23446,5942,2553,5509,3171,0,4979,3,5959,3595,0,8439
47,606,250,2,80,405,32,0,1904,532,0,0,152,29,2,816,4,312,11,52,19,136,122,282,347,779,200,516,114,0,392,21,20,67,92,2,111,0,323,129,40,130,31,231,138,96,11,1065,1248,0,52,397,5,0,1,294,24,11,822,49,8,1,1,2806,1,314,0,1,255,72,380,59,29,4,197,5,494,92,2,311
48,12599,5224,0,451,1922,2192,1544,30277,3066,187,2787,1451,149,0,12112,1,6276,183,15830,0,57,3690,2370,2509,5709,1223,3207,3900,26,2750,5577,11832,1237,2541,349,985,0,3116,1282,143,6069,3310,13373,3393,2010,625,7025,20964,0,1160,7204,0,0,0,2278,517,0,16949,1584,0,150,659,608699,0,5914,595,792,11915,3847,5269,4541,4458,0,3236,0,7312,3426,0,8631
49,258,259,0,43,36,26,168,1048,393,46,363,48,0,0,1004,0,128,68,2,0,58,379,547,489,821,213,691,260,1,435,25,203,151,157,9,6,0,464,60,33,225,205,855,233,88,71,481,477,0,0,921,2,0,0,83,71,1,993,24,2,0,0,2620,0,1,23,0,88,30,175,558,0,0,454,1,761,150,1,161
50,735,776,2,490,203,22,149,2750,508,115,505,298,0,0,1284,0,331,83,195,0,253,1978,510,376,816,160,517,439,0,336,264,1793,154,604,70,13,0,875,276,0,385,324,1097,260,504,14,408,1960,0,66,1867,0,0,0,719,67,0,2211,15,0,1,56,10295,0,367,113,32,625,76,338,815,32,0,727,0,1676,48,0,602
51,538,483,1,386,214,314,189,4480,1038,76,906,363,0,0,2955,0,750,7,539,0,36,1099,1371,1224,1457,613,929,1371,0,508,398,504,155,173,303,291,0,513,719,136,840,453,3529,597,1128,194,2103,2341,0,224,2041,0,0,0,1378,258,0,2369,241,1,152,41,16878,0,1577,0,0,2156,303,425,1627,502,0,766,0,312,362,0,1157
52,56,151,1,156,76,178,59,1673,280,89,123,79,0,0,981,1,227,0,139,0,0,328,499,443,964,228,623,254,0,117,143,0,110,90,8,9,1,172,227,131,107,155,566,261,122,37,798,626,1,27,681,0,0,0,23,198,1,657,65,0,33,4,7957,0,168,1,0,339,103,219,201,26,0,250,2,377,54,0,382
53,568,419,31,50,126,45,290,2144,275,0,363,131,0,0,786,0,222,31,233,0,0,1101,559,499,843,291,711,432,1,265,385,731,34,116,8,24,0,82,427,1,303,132,876,334,394,101,341,647,0,1,1740,0,0,0,181,154,1,529,58,0,1,6,5620,0,89,72,51,529,102,108,730,142,1,404,2,640,127,0,297
54,239,34,2,171,238,21,105,1974,225,0,35,70,6,1,268,0,221,0,229,4,110,246,577,410,511,132,444,83,1,270,117,59,84,100,0,64,2,147,47,112,85,47,706,219,117,40,1207,1079,0,96,2040,1,1,0,179,20,7,442,5,1,0,20,16534,0,182,1,0,206,97,190,151,129,0,427,6,342,2,0,80
55,464,337,0,147,3,94,154,2880,195,29,81,114,0,0,820,0,101,0,215,0,31,417,545,344,816,141,337,535,27,220,216,703,81,93,27,102,0,118,184,64,417,135,1034,235,827,63,368,942,0,0,1263,0,0,0,269,51,0,672,37,0,19,35,25195,0,184,0,163,850,111,259,710,178,50,303,1,720,101,0,427
56,15311,6408,0,1900,2126,1847,2640,16157,4492,3,680,847,62,0,4547,520,5634,0,26123,0,2,2819,3698,3040,8436,2580,4598,1376,0,2141,5229,4464,1271,2500,674,4195,1,1811,1757,322,5060,3743,12373,2223,4665,2243,9223,19400,0,2179,11773,0,0,0,2287,562,0,13511,1553,0,369,396,641442,117,6997,7,27,17500,3522,2942,8142,1389,0,2304,0,3161,1665,0,8169
57,14926,5825,0,945,4502,2201,1701,18537,1830,457,3775,3184,113,0,4758,0,3309,380,3142,0,220,12490,1622,1153,3347,491,1900,2779,0,1732,4013,13886,354,1570,2787,1006,0,3511,2027,761,2772,2201,7827,2204,8603,540,4435,10959,0,396,2757,0,0,0,1827,316,1,11353,830,0,0,1109,245346,0,3597,721,310,15288,1984,1524,5983,2002,0,2681,1,3260,3785,0,7368
58,2323,1221,1,69,1466,2973,1931,9625,246,0,1508,414,0,0,5156,0,873,278,10028,0,3,2847,2005,678,2938,419,1849,1661,0,1695,4296,5977,422,651,535,1736,0,589,1039,654,3776,948,6446,1486,4779,1535,2469,5691,0,81,8147,1,0,0,461,389,2,12184,661,0,648,126,552479,0,887,0,957,7903,5335,1048,3857,596,0,785,1,2140,407,0,1041
59,3063,993,0,726,1043,1167,684,4372,733,296,1238,169,247,0,4764,2,557,147,443,0,107,4042,1536,665,1731,180,1270,1005,0,1272,1104,6117,399,874,151,502,156,432,570,92,1417,918,4162,734,3092,0,786,3877,0,284,5927,0,0,0,1404,452,3,6562,526,0,82,127,138329,14,431,147,675,2886,1185,1584,1309,708,0,1154,0,1996,1340,0,1262
60,5506,3529,0,707,300,4644,3013,20555,2038,708,2631,2123,1,0,12427,0,3889,292,1534,0,296,1465,2770,3181,7217,1045,3943,3726,1,3563,3810,2789,1643,1966,591,2103,0,1334,787,1080,6579,1947,11834,4473,3583,3207,9305,13365,0,429,20828,0,1,0,2997,690,5,17940,2576,0,375,716,494446,23,3405,0,533,10553,6867,5517,6289,5664,0,4665,4,8807,907,0,8147
61,186,161,0,39,19,112,36,1280,142,72,164,39,1,0,241,15,306,0,155,0,68,122,293,226,289,80,292,148,0,345,84,0,88,124,75,23,0,398,188,60,150,77,760,255,47,0,336,1024,0,13,838,0,0,0,85,34,0,387,30,0,47,27,2006,0,142,0,48,263,110,114,206,96,11,288,0,197,72,0,176
62,1000,203,0,110,2,106,403,3860,510,14,593,242,0,0,1311,0,482,0,465,0,128,90,383,392,823,94,344,631,1,436,526,2,199,270,128,116,0,569,249,52,589,190,2523,489,104,38,1163,2110,1,115,1535,0,0,1,213,193,3,1619,70,3,49,21,43893,11,484,0,156,958,565,444,1645,230,0,1246,3,563,277,0,567
63,13832,5343,20,2964,747,3353,3018,22192,4312,152,4148,2295,89,0,14370,0,7327,98,6622,66,83,3355,4685,2607,11045,1686,4059,4393,0,5221,4304,5919,1241,4189,1222,292,2,2252,2827,1334,5588,4237,14397,4886,5227,1094,5571,14856,0,3639,12715,0,0,0,2762,1894,1,30073,2312,0,1058,178,1457211,158,5032,199,2707,21822,4408,2404,6528,2667,21,3751,0,2258,1988,10,13267
64,1249,479,0,91,296,250,469,3818,621,51,519,261,0,0,1478,0,326,20,336,0,320,725,404,493,856,97,523,716,0,349,272,2843,164,188,127,33,0,945,327,15,697,343,935,619,619,107,484,1754,0,127,2897,0,0,0,597,200,0,1751,74,0,0,19,41850,64,1128,0,82,1334,167,224,606,715,0,710,0,1033,364,0,621
65,1770,1523,0,2020,3081,2822,443,17403,1592,0,2009,1334,220,0,11078,1,434,69,6207,0,178,1820,3001,1458,6067,1496,2712,4213,6,1282,3796,777,297,1019,900,366,0,2449,2074,1359,1617,1549,13783,2738,669,578,2728,8949,0,621,10540,0,0,0,1180,259,0,11434,1420,0,0,791,339785,5,631,152,806,13450,1427,1910,5802,5644,0,1745,0,3667,1754,0,6238
66,795,345,0,87,83,15,180,2276,107,85,221,212,26,0,674,0,300,0,256,0,184,1170,404,271,525,134,400,547,0,422,233,2387,67,137,82,11,0,262,219,8,199,275,687,193,601,40,262,400,1,73,1145,1,0,0,632,13,1,1346,51,0,23,27,17059,0,645,32,183,912,167,204,112,649,0,232,0,525,118,0,448
67,1273,264,0,379,281,325,42,2034,851,53,0,446,0,0,1278,1,438,0,43,38,125,461,799,340,856,78,483,334,0,99,315,10,408,69,0,227,0,620,274,33,195,308,1047,563,71,37,1182,2158,1,111,2125,67,0,1,413,11,1,521,35,0,38,64,60111,69,486,7,0,1128,348,757,414,101,0,1054,1,2154,99,1,333
68,4649,1301,0,32,775,1251,776,7228,1099,0,642,827,872,0,2680,0,668,88,1390,0,320,946,1672,536,1809,371,744,1008,0,1298,486,72,278,377,419,266,1,1832,221,607,1884,716,1641,737,635,83,3129,4811,0,255,5395,0,0,0,341,260,0,4344,820,0,160,105,105360,56,422,5,145,5103,1597,408,2958,1602,58,1165,0,541,831,0,1433
69,917,305,0,47,44,166,38,1945,345,62,350,121,46,0,1330,0,166,0,151,0,90,643,730,618,742,181,724,790,0,317,442,0,112,209,49,90,0,179,182,89,190,68,1602,360,204,91,670,986,0,0,1610,1,0,0,136,82,0,1179,109,0,60,114,23740,0,174,0,1,668,360,524,814,174,67,757,1,181,159,1,219
70,14262,6222,0,2249,6727,1503,1221,21756,1582,149,3796,1003,135,0,14595,6,3263,257,3995,102,76,15575,3671,1598,3593,1026,5036,5889,36,6196,2360,29786,2520,1636,1306,965,0,3663,3208,829,4096,3780,16087,3205,9738,949,6931,7151,0,1438,10191,13,4,0,4175,571,1,11822,1603,0,904,184,834680,3,6181,10,1728,20367,2862,1676,7406,4378,0,3674,1,4609,327,263,4326
71,348,68,1,60,0,166,122,3137,323,45,267,153,0,0,692,0,388,23,151,0,106,83,304,518,784,131,518,277,5,518,176,28,98,111,5,101,0,372,76,309,241,63,884,484,174,120,338,1045,0,99,696,0,0,1,53,73,1,1655,25,0,0,25,2573,0,293,0,0,377,113,298,355,81,0,309,0,349,1,1,234
72,217,82,1,608,0,105,408,2673,106,91,172,282,0,0,520,0,109,0,53,0,0,222,1040,813,1460,723,986,1153,1,97,228,0,164,190,0,0,211,482,76,35,218,335,718,525,0,108,340,637,0,0,1,0,0,0,490,151,0,937,0,0,0,3,2841,0,281,0,39,778,184,294,272,466,0,441,0,112,237,0,394
73,657,328,0,0,499,73,292,700,173,71,172,179,0,0,777,0,241,78,37,0,1,1134,380,361,999,126,649,378,0,53,367,1404,19,106,48,59,66,327,85,97,411,152,267,275,358,148,302,443,0,25,1679,3,0,0,415,77,2,1150,47,0,0,14,20166,0,140,0,0,565,135,439,316,186,0,299,1,468,174,2,20
74,5495,3344,0,1192,7632,1713,354,9591,918,0,230,755,75,0,3700,0,609,238,19307,0,4,14967,3069,426,7405,616,2532,1714,0,122,1872,9242,435,987,4,4479,0,570,287,425,1327,2139,5621,1787,10861,2740,3171,3624,0,648,6036,0,0,0,867,179,1,11272,1020,0,161,435,600309,0,5164,0,2763,13927,1723,1248,2158,1575,1,549,1,7484,2610,0,5529
75,841,472,54,50,595,345,0,2500,167,1,128,0,0,0,1466,0,402,0,174,0,126,1546,703,666,936,285,900,594,0,291,224,2001,72,201,145,289,0,409,439,35,686,496,623,167,758,59,276,508,0,193,1917,0,0,0,398,72,0,1284,55,0,9,41,23911,0,892,181,71,2602,522,314,688,440,0,265,0,1234,72,0,496
76,12792,7242,0,1046,5449,2849,1700,10514,3446,0,0,1524,88,0,4785,0,2226,369,3805,122,59,12373,1369,698,2489,576,1186,3603,99,2721,4543,16765,1263,889,0,2542,0,2497,1084,260,4353,2942,2119,1977,4432,711,7739,15932,0,652,8676,4,0,0,1939,592,1,6253,983,0,52,110,496927,130,5106,20,1362,14236,2635,2442,1784,1198,0,1555,0,8380,1290,0,3801
77,976,77,1,108,92,6,0,1077,296,153,5,20,0,0,188,2,218,0,283,0,39,0,627,867,1346,578,888,163,1,74,472,1,103,148,246,65,0,242,0,57,77,318,176,127,1,1,677,533,0,7,1071,0,0,0,166,0,2,92,18,3,1,142,3283,0,257,0,1,935,74,131,338,67,0,222,1,753,0,2,77
78,342,231,0,55,146,91,178,1191,156,0,0,318,18,0,526,0,233,0,55,0,427,1270,385,290,535,84,379,237,1,163,247,1278,245,136,0,112,1,451,120,43,281,88,371,175,80,0,579,1058,0,11,1096,0,9,0,127,32,1,475,18,0,51,16,11400,0,305,0,64,1021,371,215,394,89,0,241,0,792,88,0,59
79,373,224,1,131,644,35,53,1073,132,33,346,216,35,0,427,0,102,0,160,0,0,818,388,182,700,167,358,606,0,257,179,1152,46,121,114,75,1,220,140,0,144,57,587,184,599,65,201,527,0,51,1054,0,0,0,148,22,1,590,75,0,16,1,2743,0,234,0,196,427,160,203,212,24,0,360,0,881,156,0,223
80,187,102,0,142,0,197,157,1055,159,107,148,1,0,0,783,0,192,1,357,0,0,13,594,396,484,108,723,147,0,321,232,74,125,148,12,61,0,105,60,53,27,51,701,211,0,9,618,795,0,0,590,1,0,0,280,59,2,416,1,2,0,18,1379,0,290,10,11,151,171,261,196,78,0,371,1,125,191,0,168
81,255,135,1,36,0,137,42,916,75,149,166,45,0,0,706,1,232,0,48,0,17,119,567,313,607,128,437,116,1,173,232,57,124,136,100,12,0,293,119,22,240,114,576,44,127,0,456,371,1,18,1347,1,0,1,158,4,1,564,62,0,0,0,13674,30,215,0,0,237,74,230,197,226,0,267,0,230,103,0,257
82,1503,1297,0,216,2489,1150,419,3621,432,0,547,414,4,0,3055,0,717,75,1056,0,266,4905,583,516,1144,79,290,579,0,339,1315,6267,182,230,130,662,0,1153,637,226,879,1053,2986,662,2825,239,950,2509,0,187,3206,0,0,0,724,185,0,3291,274,1,40,61,62394,12,756,0,664,3984,1155,1008,1882,360,0,584,0,2132,385,0,1563
83,9038,4220,2,3996,4154,2834,2570,19091,6310,154,0,1817,52,0,14537,1,5455,368,3934,35,18,8619,1408,882,2900,427,2028,5999,381,4426,4527,2515,4010,3174,502,4427,1,5786,1666,723,6546,6074,7516,4383,447,345,15441,27780,0,2403,16551,1,0,0,4972,618,0,9298,3559,161,312,425,434072,35,18589,238,853,31113,5789,5335,2863,3053,11,3072,1,16318,1522,0,5297
84,2084,1711,0,1280,1169,617,449,6592,517,94,122,300,40,0,2931,206,1130,0,1985,0,150,3465,1012,649,1408,334,1116,629,16,890,1682,3422,493,678,402,64,0,1006,620,73,705,987,3230,248,4931,3,1314,1595,0,79,4254,0,0,0,893,147,17,2271,278,0,98,62,120885,0,879,234,1,3657,20,268,982,1664,1,1192,0,2518,141,0,1197
85,5176,1875,40,970,334,1870,1562,13160,2058,118,1406,743,80,0,9037,0,2116,532,1278,38,34,4039,2015,1726,4663,515,2539,2932,10,1847,3931,7211,1371,1669,423,841,0,2794,294,370,3783,2012,5530,1564,4192,253,5784,8546,0,673,10876,14,0,0,1930,355,3,8431,1320,0,259,72,727565,0,2033,105,67,6790,1755,1919,3478,2041,36,2531,0,1616,1042,11,4703
86,1399,740,0,386,1577,316,417,6608,1237,0,873,237,0,0,1421,0,899,14,1340,0,40,1767,1096,375,1675,706,1443,347,11,933,1593,1641,634,603,123,698,0,1870,485,74,850,1489,3164,1040,4706,644,1070,3915,0,118,5423,0,0,0,573,24,0,5411,128,0,0,109,97003,15,1087,0,505,4181,2263,998,2005,878,1,814,0,1184,139,0,1789
87,3946,1443,0,6,787,1095,419,6297,648,189,653,506,9,0,1989,0,647,0,1744,0,73,4367,893,496,1362,472,723,1240,0,1800,2635,1592,231,490,548,115,1,762,924,502,955,851,2971,1052,6543,8,2661,2159,0,640,5597,0,0,0,313,447,0,5157,250,3,68,9,216876,54,1526,111,956,4236,1646,735,796,872,8,761,0,1341,652,0,1890
88,6435,2489,0,2323,978,3591,667,11460,2428,1,712,1848,191,0,5041,0,2187,236,3961,348,1117,3890,2898,840,1963,549,1316,4247,660,2766,4071,3667,1877,1723,543,1232,0,2994,1358,534,3552,2894,7623,5805,3208,2111,3487,7665,0,740,5365,0,0,0,2290,660,0,6215,1354,0,0,486,282978,239,2132,1197,750,16517,2250,3626,2369,3976,101,3181,0,5383,1260,260,4083
89,3730,2796,0,19,2172,795,17,3110,708,0,106,750,0,0,504,0,690,5,220,0,242,2439,1050,980,3342,838,1360,638,0,547,1363,7615,784,294,215,134,0,813,976,122,704,808,3078,60,1326,67,1059,2030,0,0,3730,0,0,0,302,429,0,1921,25,0,0,0,98955,0,986,0,58,2422,1980,388,1214,1245,0,93,1,1295,426,0,452
90,2624,627,0,330,394,1520,447,3032,175,0,265,126,0,0,1898,1,918,2,752,0,10,1110,959,525,1192,352,1046,274,0,164,1019,2373,22,308,0,1027,0,341,0,3,236,250,2982,688,3826,0,849,1848,0,6,3515,0,0,0,457,113,2,3004,149,0,34,534,96711,0,1056,0,194,1325,821,278,1398,597,0,445,0,1418,6,0,690
91,3273,1043,0,425,2326,1075,571,5340,924,60,1071,888,42,0,3755,0,903,30,1495,0,7,3237,883,303,1502,319,477,845,4,742,2382,3500,258,442,835,508,0,1039,287,99,604,878,4160,1081,3293,324,1616,3804,0,337,6553,0,0,0,1343,184,0,3784,152,0,68,487,174280,65,979,0,711,3098,1654,845,1770,1427,0,770,2,1229,341,0,1559
92,9871,6372,0,413,4865,1137,1168,11173,1827,0,1182,1122,31,0,4761,118,761,364,5744,3,226,6060,3678,2685,4909,2355,3457,2192,0,3178,2462,9952,1050,817,1494,1426,0,736,782,855,1715,2915,8241,1757,6222,693,4919,9854,1,59,8369,0,1,0,5417,408,4,8323,2194,0,739,251,484910,310,2041,0,344,8453,3071,3579,416,2372,2,1344,0,3442,1584,0,4523
93,7507,4678,0,2,6670,1662,2483,5956,1191,0,905,1932,0,0,5028,45,1603,447,2059,160,1241,4914,2792,1927,3423,1735,1664,2197,648,2754,1180,6877,710,1006,422,1016,0,2870,1691,294,1797,1469,3031,1580,1183,212,9897,10793,0,266,8094,0,0,0,2337,426,0,7827,1217,0,0,44,66048,0,482,0,1264,11552,3874,2128,3294,908,246,1640,0,4797,2569,0,2782
94,2607,1918,0,3,2885,1375,1304,13284,160,0,423,859,1124,0,12343,0,1666,19,8845,0,3,2758,3349,2116,6081,1661,2873,817,0,3586,6966,3436,499,2505,0,3089,0,2177,1104,283,2664,4019,7190,2097,3880,447,4478,2580,0,0,3305,0,10,0,851,515,0,6103,2276,0,0,46,385417,258,1020,1,269,5454,2551,4137,5054,4812,0,946,4,8589,1357,0,23
95,13640,5110,0,8958,17944,9441,5511,24278,3502,0,3843,1771,0,0,11776,0,1952,2,15091,479,72,32796,6059,3468,9843,2258,4225,5429,0,3357,9596,27788,1330,1564,833,5424,0,5572,421,1042,7697,5587,30545,5310,18516,78,6379,12144,0,153,21136,0,0,0,5608,1,1,20592,2609,0,214,1197,1061130,184,6863,7,1477,20800,3233,2537,15070,9796,0,4517,2,9994,3604,0,10289
96,1454,903,1,178,5996,1021,3,2648,253,0,352,0,0,0,1637,0,162,127,1683,0,0,8265,826,1094,1466,839,1483,2775,0,307,1511,9156,199,296,198,200,0,1365,892,161,1796,535,1847,721,2331,42,212,1674,0,25,5075,0,0,0,3189,59,0,2042,458,0,0,597,93228,0,499,4,333,4301,827,627,1359,1097,0,728,0,851,1034,0,1438
97,1868,538,1,365,216,811,221,5038,366,107,761,285,0,0,1504,0,50,0,1193,0,138,2108,713,751,1487,363,800,324,225,1133,1067,4380,160,153,284,9,0,565,447,22,208,902,2259,720,1333,220,1177,1622,0,63,3358,0,0,0,827,73,2,1505,220,2,99,0,77044,120,735,175,121,2379,552,710,1049,1769,0,841,1,711,397,0,744
98,1422,382,0,90,0,838,1,3355,434,0,532,435,0,0,1969,0,403,57,0,47,0,1075,1376,743,1420,550,1278,805,0,401,807,230,222,713,348,148,0,591,115,36,875,374,2922,874,475,203,1488,1235,0,285,4076,0,0,0,374,244,0,4057,147,0,94,137,76650,0,599,0,259,5846,1002,374,649,451,0,250,0,959,191,0,340
99,3867,1774,736,487,1082,1730,828,11239,3270,144,283,398,0,37,3780,0,1688,258,2324,4,506,1,3657,1847,3096,1316,3047,3023,0,2697,1488,1211,3370,1943,768,1060,0,1041,1910,190,1949,1609,8113,1379,1807,1067,4583,7150,280,810,2179,3587,627,0,1275,332,2093,8222,654,1051,449,516,71784,1,2905,12,429,10040,1429,1819,3686,978,0,2279,2,4939,1413,0,1598
100,16010,890,18815,6229,2,2095,743,298,1501,12126,0,6028,7652,5070,0,21388,1,4045,1,6916,4419,583,8816,3651,7086,937,4741,4915,2792,2,0,310,21142,1168,5651,2333,1905,11,1173,2992,5765,5771,0,3240,275,4786,4,1,12846,8518,9865,27022,6621,6002,238,1528,90388,0,3153,42732,12249,1294,196795,3230,455,10726,4869,1362,36,1,6,2,3882,1490,29652,0,5621,13507,0
101,4,1,136,19578,0,0,0,329,1559,0,0,0,682,0,0,1,0,60,0,166,0,1,9701,5113,13684,2352,8313,1620,0,0,0,0,5240,941,813,1584,1732,0,0,0,0,431,0,2037,0,0,0,0,0,330,558,5640,2712,0,0,0,1806,0,1028,1,2442,465,220816,213,1066,207,0,0,0,0,7114,1907,0,214,0,0,0,0,0
102,8663,1409,14252,963,0,8717,1360,31,590,4855,0,5142,4552,7780,0,21172,0,3889,0,1358,68,0,1846,808,4213,915,1310,1613,5160,0,0,1,8841,1878,3643,6782,2863,1,599,1517,3298,3581,0,3045,364,3912,0,0,5170,5771,8920,15213,5659,3185,983,2487,67140,0,2640,11726,7289,483,643700,3928,2307,9229,1854,718,0,0,68,0,5322,1014,28291,0,729,12789,0
103,8054,111,6766,4451,0,1745,439,192,194,6638,0,1461,4406,1720,0,9955,0,2576,0,1753,1802,0,2895,534,5509,1233,3089,1562,248,0,0,0,7739,2092,2541,3325,1415,1,477,867,1910,1626,0,1456,206,784,0,1,3234,5281,10177,19269,2078,2539,0,1965,28459,0,910,7463,7015,609,169569,1795,1078,4079,1667,371,50,42,1,17,1645,518,14716,0,2676,9687,222
104,3610,334,10410,1402,0,3178,504,106,918,5476,0,3551,2275,3178,0,12108,0,682,0,2322,2882,0,3137,1896,4819,548,1718,3270,2396,0,0,1,8846,367,3544,2221,5223,3,975,2431,2433,1069,0,845,1,1730,0,0,3388,3089,3070,13219,2351,649,219,1033,43117,0,319,6737,4655,2109,94701,1912,2013,2691,5075,0,0,0,164,0,3158,428,19329,1,1454,7194,0
105,8216,0,16510,10318,0,13457,3890,613,768,17387,0,4567,5267,2270,0,14404,0,3779,0,3540,172,0,6397,1772,13996,1201,4006,5617,11964,0,0,0,8512,1127,8022,5742,1478,0,1545,2641,2293,2598,0,2003,0,2939,0,0,16421,7809,21977,19530,3054,3282,0,4137,81921,0,3016,24987,11062,2743,583821,3211,1,9589,9350,1681,915,0,0,0,8250,423,26508,0,3704,24729,0
106,2190,305,3486,581,0,720,951,58,119,3613,0,1584,1618,561,0,3528,0,552,0,814,308,11,391,290,771,407,512,895,405,0,0,0,2238,420,1014,1036,596,0,230,394,586,393,0,456,333,477,0,0,2290,1674,3041,3371,1451,1734,0,845,10120,0,261,8455,2153,494,70275,862,0,1915,490,181,153,0,0,35,1235,117,6949,0,1227,4801,68
107,13810,1309,22948,2138,0,7029,2326,317,851,14498,0,7775,4879,5499,0,28596,12,3550,0,4156,4866,1,1233,422,2433,660,1218,4203,5093,0,0,255,16709,1513,6750,4539,4777,84,1578,3628,8599,6140,0,4308,70,5225,0,0,11992,9873,6639,23309,7399,5713,522,2681,74379,0,2739,24707,8806,2982,235660,3510,1160,7514,9911,685,0,1,1,238,4311,1205,44123,0,4581,27832,0
108,3365,190,5561,8401,1,2431,598,0,135,2324,0,3171,1819,1510,0,7733,0,2389,0,717,802,1,994,1186,1951,437,953,1886,1973,0,0,3,1981,193,2125,5033,673,2,130,758,975,766,0,1244,155,1249,0,0,2973,2061,8268,6175,1419,1860,351,1751,18219,0,1121,23597,5533,1696,120607,749,0,4091,2048,0,187,0,1,0,2092,263,5435,0,226,2311,0
109,890,11,0,1,38,63,599,14,1323,0,758,13,0,0,0,0,1079,0,0,385,171,4,8960,2861,9795,1004,3630,1102,0,138,0,5,234,24,0,0,0,0,171,476,1062,2,0,540,0,66,0,0,0,0,5580,0,0,0,975,0,0,0,345,0,0,18,873663,6,15,0,0,0,11,0,945,701,1,413,0,9,236,32,0
110,6294,786,16427,593,0,4440,1783,110,276,9535,0,3398,3324,4211,0,15508,0,2397,0,1880,1501,0,3052,1442,3394,1245,2369,4196,3960,0,0,0,7852,1156,3729,3421,2058,562,1366,2150,3894,1512,0,913,1,3717,0,0,7096,5233,4738,18659,4071,2437,167,1469,49119,0,1392,40028,6522,1605,133478,4035,297,7946,3161,0,367,0,1,48,2603,587,30238,0,1988,19459,29
111,5918,276,14241,997,0,5665,1104,108,133,6825,0,3232,1947,3346,0,13647,0,2278,0,3837,4238,5,1875,1070,3847,776,2018,3416,2123,0,0,7,14398,522,5316,6131,2882,33,733,1710,3628,3244,0,4138,5,3224,0,0,4471,3433,2326,15594,5338,2900,399,1960,55376,0,459,139,4779,2651,144280,1517,3723,5455,6263,604,595,0,97,5,1762,692,38733,0,2516,11045,0
112,2017,73,2887,1307,0,1359,55,196,132,2295,0,901,1143,1669,0,4448,0,952,0,538,1315,1,764,572,1302,344,1114,974,1004,0,0,1,4727,512,1490,1603,1185,0,68,786,1025,403,0,661,0,1254,0,0,1360,2599,4125,5195,1545,987,0,488,18481,0,276,6597,1830,1004,78365,1086,0,1964,1015,1,18,0,67,0,740,405,5035,0,328,2260,0
113,4838,774,15299,351,0,6434,1498,0,172,4678,0,2601,1459,4760,0,20588,110,1724,0,1711,604,13,1060,603,2970,483,1804,2822,5517,0,0,82,8364,664,3518,6291,3633,1,734,3560,3164,2188,0,2227,759,3606,1,0,6154,6135,7713,17730,6523,3357,1,1873,71941,0,2640,6038,5523,600,484896,3356,3014,5895,3573,727,53,434,0,47,4096,567,49033,0,3984,22135,0
114,5259,202,16901,3,0,5710,1970,123,674,12398,0,9876,6117,10168,0,28110,0,3907,1,2321,4427,730,2443,1413,3235,864,1010,4473,5991,0,0,355,10499,678,4088,6812,4721,4,470,2587,1927,3612,0,3880,247,5782,0,0,8382,20000,7225,16096,7351,5046,237,2333,93221,0,3094,30648,9242,2857,215681,5269,0,8303,7363,503,0,0,1,2,5243,336,43006,0,4054,19391,0
115,30,0,0,6037,1,71,0,0,1092,0,0,0,3,0,0,0,0,0,3,1,7,0,13193,4987,27775,4958,18119,3184,0,0,2,0,3949,0,0,75,7,4,1,28,0,1,0,2,0,15,1,6,0,0,10,2985,0,0,0,0,0,0,0,1,23,0,220615,1,3,1,0,0,0,0,3,520,0,1,2,0,1526,0,0
116,5,0,1284,1690,0,0,2,0,980,0,0,1,89,0,0,218,0,249,0,0,0,1,16924,7048,27830,8629,14575,3,0,0,0,3,4429,619,0,10,0,2,1,693,0,0,0,1,0,1,0,0,1,0,15,15186,0,0,1,0,1,0,3,0,0,0,234216,0,0,149,0,0,0,0,0,4924,7,19,1,0,1,0,0
117,6834,578,11812,1,0,3314,1543,117,1573,1936,0,12103,5667,9126,0,38283,0,2493,0,2284,3671,195,1848,916,2470,184,1850,4270,1680,0,0,2,9078,1014,3163,1770,3569,0,644,4753,5861,3723,0,1751,433,4506,0,1,11062,19734,15159,18158,11821,7439,0,3275,100102,0,3476,24749,5334,3044,213790,1028,1,7646,3646,932,0,568,1,0,7135,1052,12887,0,1089,19935,0
118,304,296,965,117,2,219,256,34,86,1703,1,649,569,134,1,1789,1,244,0,503,119,0,720,509,1066,77,576,352,117,0,0,2,1881,74,1168,253,476,1,286,201,304,533,2,547,1,421,2,0,515,1127,112,2002,618,288,106,255,3864,1,36,645,560,93,2342,177,574,878,294,0,0,0,8,17,81,349,3759,0,376,1297,0
119,245,153,0,0,0,0,27,25,5,0,0,1,0,1,0,0,0,0,0,0,1,35,490,416,611,117,584,1102,0,0,1,86,122,167,1,0,0,674,571,45,92,167,0,40,71,3,0,1,0,0,344,0,0,0,329,0,2,0,10,0,0,0,8460,0,1,0,0,12,25,1,2,0,0,335,0,50,51,1,0
120,5856,1212,9744,5420,0,3541,902,224,536,8466,0,2161,2788,1760,1,9114,0,1677,0,2761,2709,2,1029,1012,2422,546,1423,2307,2018,0,0,1047,8250,1635,4168,2713,1954,153,318,826,1285,1135,1,569,2608,1697,0,3,7038,3788,13403,9538,2945,2276,377,1946,30368,1,1019,8293,6570,1862,162945,1850,0,5064,901,44,313,0,0,13,4274,767,13195,0,3217,6319,0
121,16313,1641,10521,35,0,2422,4291,261,817,11770,0,4022,3122,4652,0,12314,0,3167,0,4904,2163,9,2022,1298,4556,746,2317,2472,2671,0,0,3,17277,983,2677,1967,3430,1,682,4078,4407,1090,0,2565,425,2760,1,0,10481,7483,24443,14259,4860,5570,312,1777,43150,0,1011,4625,6836,1300,294886,3065,3220,10823,726,328,440,0,0,1,2019,1893,41009,0,6909,21302,265
122,2523,375,5322,190,0,1062,523,52,469,976,0,6432,2772,2474,0,15876,0,946,0,1217,4538,112,528,412,692,179,475,968,349,0,0,133,4661,393,1041,21,1465,10,483,1796,1869,1100,0,956,97,1975,0,0,7275,11624,14317,13420,3565,4458,92,1710,31929,1,713,10790,2252,1308,84774,710,2,4497,199,167,85,563,0,9,2397,690,4573,1,570,3320,0
123,532,0,336,2156,0,0,430,0,0,0,0,277,518,0,0,314,0,0,0,0,1,0,4400,1800,7524,1336,4495,1,0,0,0,0,732,0,0,710,886,0,0,0,0,1,0,539,0,0,0,0,0,0,6,1611,119,0,0,0,1,0,0,0,3,108,28984,66,0,0,0,0,0,0,18,132,0,0,2,1,0,0,0
124,10455,1050,16553,2,0,4321,3140,353,1248,3786,0,9426,6249,10666,0,36830,0,3111,0,2166,288,0,1641,747,1674,550,1233,3628,9757,0,0,537,8534,1259,1985,1940,2279,10,1047,4137,5584,5495,0,867,430,5381,0,0,20717,16325,30924,21600,8340,9408,9,4364,107495,0,4578,13459,7076,1390,473826,3572,0,7059,604,340,589,668,0,0,6602,1319,22667,16,3624,30425,0
125,21268,861,15790,1,1,6570,3056,818,1456,3846,0,2372,877,6068,1,15757,198,835,0,5613,417,0,4413,1586,4042,541,3668,3603,6229,0,0,6,20506,1601,7471,3485,5380,1,1144,1346,3254,4700,0,5201,709,3009,0,0,9909,4405,18382,19828,11648,3903,636,3857,77028,0,1208,188,2164,5634,677834,4036,6479,2548,1134,380,99,0,394,0,4143,2312,49419,2,5069,24173,0
126,3,893,0,6937,0,0,268,0,567,844,0,255,1403,0,0,0,323,528,0,863,0,0,5728,2642,16916,1803,5849,19,0,0,0,1,2989,41,1,5355,173,0,0,188,0,1,0,560,0,0,0,0,0,0,1,0,245,0,0,0,0,0,0,0,0,17,416708,0,1,0,0,0,0,0,1,5280,0,1,0,0,0,1,0
127,18849,1205,31765,1,0,6612,4586,486,2582,10930,0,22261,11092,15579,0,72825,273,4705,30,8752,7265,581,2458,729,2799,638,1423,3240,5171,1,0,3644,43013,3044,4347,5125,10822,3,3139,7459,7691,6657,0,5640,217,14688,0,0,31211,40784,30048,59296,19838,13055,1532,5154,220962,0,6810,32206,12350,4595,376583,6016,4934,21867,10522,1749,291,364,563,68,12222,4581,60173,31,8102,22896,0
128,5556,234,6751,136,0,1848,479,93,367,2680,0,407,285,2373,0,6701,0,1316,0,2194,201,0,867,434,1307,528,1124,536,2131,0,0,61,9559,57,2432,1075,1382,31,451,397,2076,555,0,506,92,1622,0,0,4252,1516,6496,6575,4511,2028,0,710,27983,0,769,0,1748,819,184586,1074,924,1516,798,251,86,0,0,1,882,492,12375,0,1790,6229,0
129,18339,1560,15645,461,0,2879,2374,57,1251,8453,0,4140,3145,2335,4,12493,0,2214,0,3835,2223,0,2860,964,4974,1373,2329,2387,603,0,0,0,21385,1845,7422,7001,4969,1,818,1419,1566,2022,0,2914,69,2836,0,0,11904,5485,14329,20028,4266,3956,272,3286,42776,0,1989,2007,7393,1488,278085,2359,2170,3985,917,0,18,214,2,33,2725,1866,41294,0,6546,25361,0
130,10401,1095,14425,10444,0,4786,628,586,1292,9641,0,3460,3172,5572,0,16071,1,3938,0,3002,1188,33,796,613,2805,352,1658,3419,4197,0,0,1,13409,1191,6365,4705,2487,86,1116,3509,3144,2105,0,1709,840,2400,0,0,5544,7977,18131,10982,2475,1581,383,3560,58578,0,1463,18854,7323,2553,295268,3718,110,7308,1885,718,278,0,94,1,2796,1609,24140,2,2612,12283,0
131,13227,1227,15194,164,0,3007,2743,344,1281,9462,0,4980,3875,3752,0,14913,0,2003,0,6601,1947,0,1788,784,2130,1280,2123,2779,952,0,0,1,21086,1031,4991,4999,3284,0,150,1625,2429,2319,0,3098,0,2727,0,0,15296,6357,15519,17082,2860,6034,320,4606,45677,0,1429,138,5759,1791,292399,4961,1982,8460,1638,512,16,0,1,356,2396,1332,64700,0,5435,17780,0
132,15499,1210,27038,2310,0,10962,3354,237,210,9130,0,5513,6886,4975,0,26396,0,2427,0,1941,56,0,4050,1582,8999,727,1985,6001,5626,0,0,0,19861,1866,5747,22965,7247,0,1518,2920,3993,4806,0,2967,0,4514,2,1,11263,5598,8978,23293,3406,3283,328,5526,83859,0,3469,25168,12283,2164,597911,4232,6065,9803,6397,73,55,0,508,21,6233,948,45649,0,890,17479,0
133,1,589,0,1218,0,0,0,0,549,0,0,494,0,0,0,0,0,0,0,0,0,1,4509,2872,5293,3443,2309,4,0,0,0,0,1636,0,0,1102,523,1,0,0,0,0,0,172,0,0,0,1,0,0,3,0,0,0,0,0,200,0,0,0,0,202,34986,294,245,0,0,0,0,0,0,1277,0,1,1,0,386,0,0
134,3010,380,6309,265,0,1823,806,112,679,6201,0,2741,852,2030,0,10062,0,1020,0,2569,1132,0,964,557,1863,476,1121,1768,2322,0,0,0,7225,391,2113,1485,1789,0,263,588,937,1508,0,1358,23,1978,0,0,4652,2135,4554,8462,2567,1208,0,873,27421,0,920,45,2636,1037,90244,2164,3123,2489,5308,387,372,0,0,0,1455,526,20259,0,1319,4535,19
135,10236,826,12392,3922,0,3746,2515,719,789,5746,0,5595,7650,2432,0,18296,0,1885,0,3283,1145,0,4081,4720,8719,2438,4998,3931,2161,0,0,2,11910,1181,5264,9786,6401,1,1294,1944,5276,2799,0,5094,98,2817,0,0,10882,8040,24604,30504,5295,5395,0,3919,59349,0,2323,13910,23564,3235,525882,4504,819,16036,1588,50,986,0,0,1,4876,1033,23469,0,2802,28645,0
136,3182,247,6810,3234,0,1946,1586,153,376,7734,0,3497,2915,1099,1,9457,0,1999,0,2251,4933,1,2013,1335,2965,375,1705,1931,824,0,0,1,10667,1259,3175,763,3360,92,727,1211,1682,1173,0,2092,75,2030,0,1,4394,6077,11087,15964,3470,2704,5,1572,23357,1,762,8316,4199,1165,64046,1646,1111,6083,811,463,0,0,0,438,1479,991,13474,0,4315,14788,0
137,3567,412,7868,2987,0,2416,691,27,110,6816,0,2312,2810,1737,0,7115,0,1614,0,1083,2841,0,2084,710,1688,974,2063,3482,2344,0,0,0,6019,372,3276,4054,2598,0,571,1261,1515,1230,0,1983,58,2186,0,0,3000,2474,3793,7820,1529,1852,329,980,24062,0,697,33409,6406,1252,111500,1362,2461,2699,1691,0,0,0,0,495,1169,445,13231,0,1768,11450,0
138,981,1313,5323,1197,0,767,532,65,755,1038,0,672,892,988,0,4459,227,1123,0,950,1838,1606,757,643,1557,519,932,893,369,0,0,12282,4571,668,1838,253,1306,203,623,586,1392,1569,0,1313,1104,1272,0,0,3146,2519,2397,6215,911,472,180,550,15402,0,441,2158,1563,906,7412,98,183,1402,183,191,63,112,0,0,463,480,5666,0,1270,1540,1
139,4647,182,5010,2435,0,2823,954,120,383,4874,0,1657,330,1877,0,6365,0,1309,0,1957,1141,0,1060,801,2124,241,918,999,3321,0,0,0,7527,542,3126,2111,1833,0,532,696,1326,939,0,1399,120,1453,0,0,3902,2153,8181,7205,2834,755,120,668,28609,0,1163,1803,1951,1649,123037,1141,971,3991,1497,265,214,0,1,0,1507,532,15171,0,784,4369,0
140,4754,341,8836,6882,0,3021,750,0,263,8662,0,2892,2787,2360,0,9571,0,3154,0,1446,1864,0,1210,692,2556,1101,2313,1573,2775,0,0,3,4797,627,1164,3559,1000,0,300,798,1638,848,0,1765,1,1363,0,0,3304,3531,19767,13652,1391,988,380,1528,31591,0,721,18746,6853,2393,138462,1908,0,4554,4582,426,281,0,0,115,3295,489,16788,1,566,4875,2
141,1787,476,9699,1312,0,1364,549,138,1107,4282,0,2053,2618,2886,0,15990,0,1103,0,2261,3489,0,2211,838,3906,928,1567,4738,4806,0,0,34,11433,351,2953,2075,5870,2,376,2025,6429,1279,0,2147,110,1966,0,0,7893,5052,3220,16672,3456,4515,521,1304,64447,0,2064,895,3280,3112,79840,2598,3433,2135,4361,0,0,0,365,231,2897,616,30681,0,4455,8189,1
142,13057,2452,16972,3285,0,6169,713,371,372,8380,0,5658,4295,5401,0,18919,0,3759,0,2881,252,0,1960,990,6344,908,3114,1396,7491,0,0,0,10581,679,4261,1390,3020,0,285,2249,3786,3591,0,3889,0,4734,0,0,7764,5695,11173,16785,4198,4187,1,2136,86500,0,3038,3702,9895,1217,510076,3020,2582,4080,1540,1869,1399,0,173,0,3226,833,47265,0,3522,13962,0
143,8616,1053,22840,5041,0,2831,1611,0,643,8231,0,2887,6883,4703,0,26703,0,2319,0,2016,2893,17,3055,1376,2113,1270,2428,3585,7429,0,0,1,13643,392,6770,5115,5434,416,2202,2200,3143,4768,0,4229,639,6733,1,0,8621,6767,7218,24003,5028,3739,791,2401,79096,0,365,30369,11451,4085,157084,3434,1616,11095,5079,0,1,0,129,33,4905,1162,30774,0,2583,22371,0
144,4015,305,10056,740,1,5164,1737,182,109,8356,0,4005,3194,4109,0,13378,0,2660,0,3279,4404,168,1954,1313,5415,693,2180,6776,2999,0,0,0,7284,883,4473,4307,6044,0,442,5025,5335,2026,0,2371,0,4609,0,0,3918,9975,29394,14720,3293,2266,24,1095,56201,0,1935,42592,7394,4552,149216,3761,0,10034,5140,0,25,2,200,1,2580,416,24181,0,1218,8695,0
145,1873,329,5186,2739,0,2889,534,1,436,910,0,2220,1618,1724,0,7486,0,1451,0,1569,776,7,1538,894,2167,509,1281,559,3244,1,0,2495,5714,557,2005,2378,1592,0,256,487,1484,853,0,1196,730,623,1,0,1766,1560,7673,7518,2491,636,1,402,20482,0,1048,5874,2770,630,94700,1917,1685,3789,2633,214,6,2,0,0,263,185,12958,0,934,2041,241
146,8661,1081,23447,392,0,7991,2215,416,963,10534,0,4218,2321,5153,0,19494,0,3279,0,2986,587,0,2739,914,2347,488,2880,4318,12495,0,0,1,10360,489,7606,9677,10216,193,1226,1910,2185,2614,0,3198,1046,1170,0,0,12131,5390,13163,18044,3409,4660,199,2621,102133,0,1729,20110,13868,2755,281363,6605,0,6110,3760,33,502,6,0,0,4154,723,40164,0,1365,27906,0
147,38,428,0,425,0,0,124,0,84,0,0,0,687,0,0,0,117,78,1,0,0,0,978,654,1101,199,855,1247,0,0,0,85,154,122,1,0,0,0,0,132,232,954,0,78,0,0,0,0,0,0,153,0,0,0,0,0,0,0,0,1,0,0,32621,0,0,0,0,0,0,0,1,102,0,1069,0,1,241,0,0
148,4158,458,6658,3844,0,2342,988,47,354,3739,0,1885,1982,1309,0,7943,0,1391,0,661,1613,12,1237,674,1937,676,868,824,2528,0,0,580,6021,769,1824,4106,1621,0,395,697,1234,1100,0,909,138,1451,0,0,3070,3340,5527,8644,1112,1043,42,892,25986,0,990,44168,4197,1747,111255,1432,0,3246,478,304,230,0,0,0,1925,275,7538,1,1697,7010,0
149,4921,1069,9014,3282,0,2821,510,21,169,4989,0,1953,2113,1880,0,9051,0,1279,0,979,946,1,1416,687,2812,478,1167,1727,2619,0,0,2,5189,381,3270,4192,1634,5,888,991,1314,774,0,1632,0,1769,2,1,3276,3509,12636,9075,2874,1890,194,1263,28288,0,1061,18206,4970,445,108883,2317,304,2093,1373,233,144,297,236,1,1361,437,9947,0,186,4164,0
150,1060,272,4355,1024,0,705,573,99,266,4791,0,989,566,777,0,7901,0,1410,0,1813,557,0,869,523,965,231,664,2201,799,0,0,1491,6850,466,2057,794,1712,13,409,1214,1354,1750,0,1601,69,1126,0,0,1941,1330,4075,7868,1925,1790,60,501,27119,0,367,3051,4218,714,13885,358,859,2484,932,205,0,82,41,0,1159,700,14406,0,857,1827,113
151,5321,276,14550,2774,1,2931,2348,7,752,10619,0,1952,2916,3308,1,14972,0,1400,0,4607,2655,0,2186,1539,2798,1018,1615,2519,2166,0,0,3,17472,727,4940,3252,5475,1,884,1333,4212,2534,0,3585,44,4224,0,0,4567,6079,4099,16607,4101,2765,0,788,38799,0,1797,7147,5220,2239,180079,2570,1312,5501,5924,0,1,0,294,16,1857,734,26217,1,1988,7528,0
152,1112,901,0,9,0,2,174,0,301,0,0,1,0,0,0,0,0,0,0,0,7,770,573,391,588,86,567,1566,1,0,0,75,382,136,0,1,2,2250,829,140,367,360,0,286,2,1,0,0,0,0,354,21,0,0,478,0,2,0,13,0,0,0,5684,0,1,0,0,44,0,0,3,0,0,1093,25,46,35,0,0
153,3455,586,7057,1332,0,1419,900,280,390,3639,0,2299,2082,2104,0,8781,0,1839,0,1875,1958,267,1434,930,2416,591,1207,1851,1410,0,0,124,7958,531,3164,4356,1735,3,935,1032,1303,1337,0,955,0,1584,0,1,2515,3126,5201,7406,2657,1182,0,1100,24840,0,866,5603,2398,2772,103352,1669,767,3066,2388,267,0,0,0,273,2138,340,13010,0,1497,5105,0
154,10546,552,22606,2872,0,9692,4266,137,833,4986,0,4672,6969,6369,0,29375,0,1916,0,1557,187,1,3255,785,4268,594,2878,4444,8513,0,0,0,10641,1403,5627,3958,3427,0,1652,1873,2378,1914,0,2917,559,6090,0,0,16161,7862,10477,21196,5627,3494,0,4858,98683,0,3784,20878,9184,492,778775,6193,1191,9121,1077,1636,0,293,0,0,7422,560,39396,0,7039,37498,0
155,4496,373,7629,3916,0,2266,1590,252,705,4329,0,2630,2058,2011,0,8344,0,1877,0,1122,1434,1,873,874,1760,406,1514,1088,3710,0,1,1,4513,494,1517,1599,1820,1,659,778,1692,1538,0,1077,92,1580,0,1,4172,3889,10983,8582,1591,1649,3,1029,33103,0,1007,23402,3353,1695,114249,2425,0,2945,2012,0,0,185,1,0,1263,496,9480,0,1246,4993,0
156,5396,651,10110,2329,0,1716,698,225,399,7172,0,3680,2147,1751,0,11098,0,2013,0,962,1156,90,927,430,1487,317,754,1476,1567,0,0,0,7134,1135,2628,2735,1784,0,414,1129,1866,785,0,1051,0,1766,1,0,4757,3961,5251,8971,1437,1681,495,1905,26767,0,1586,20782,4337,596,123294,1873,172,4418,734,0,116,0,1,4,2466,495,13672,0,1959,10131,0
157,160,53,0,0,0,0,65,0,38,0,0,1,0,0,1,69,0,23,0,0,0,134,546,333,917,79,609,1079,0,0,0,0,209,122,0,0,0,453,832,13,70,109,0,1,10,1,0,105,0,0,331,0,0,0,328,0,1,0,20,0,0,0,7831,0,18,0,0,2,0,0,2,1,0,151,0,1,63,0,0
158,2094,536,3629,258,0,1039,246,67,260,996,0,2078,929,830,0,6328,0,654,0,810,3215,1,799,465,1346,370,658,1197,844,0,0,6888,3907,193,2659,341,1545,0,237,486,953,943,0,460,336,1419,0,0,3555,2689,4708,8746,1099,737,116,449,15602,1,670,2194,1840,728,31646,572,0,2409,737,225,108,0,0,0,714,217,4351,0,815,3866,26
159,7343,845,17982,386,0,7814,1243,398,985,8142,0,8320,5111,11543,0,28493,0,3696,0,2023,132,0,951,836,2394,1035,1349,5012,3846,0,0,1,8394,730,3005,6847,3185,0,806,2563,5783,4000,0,5079,15,2363,1,0,7571,13279,26570,20641,10566,4970,257,4022,101248,0,3993,12240,9938,1740,493884,4572,2,7407,6638,770,0,0,37,118,6090,833,22684,0,1189,24427,0
160,439,50,3451,976,0,1574,234,29,525,3277,0,2047,1566,721,0,4895,2,894,1,571,2434,2,1030,914,972,395,1009,2158,1195,0,2,3,3120,188,1680,949,1364,90,424,582,1309,494,0,546,44,437,0,0,2154,2697,10190,5941,1429,1248,4,1086,18257,1,779,11793,4890,1681,61683,772,19,1841,483,17,3,94,31,153,1227,620,3546,0,190,3246,0
161,776,36,2458,313,0,429,271,58,138,843,0,320,338,390,0,2448,0,263,0,530,205,0,263,143,782,66,344,644,225,0,0,0,1804,41,756,285,378,1,77,324,354,563,0,298,55,509,0,0,1094,1369,304,2542,353,337,60,183,7204,0,151,1289,911,241,23509,368,223,674,843,87,1,0,0,0,515,76,3569,0,172,888,0
162,2318,127,5231,2377,0,1077,896,156,288,3062,0,1975,1588,913,0,8274,0,1018,0,1930,2851,170,672,877,903,291,680,1786,1609,0,0,4114,3699,472,1391,449,1447,82,310,729,1493,1288,0,1334,106,1979,0,0,3152,3751,13378,7680,968,2360,254,624,23129,0,1353,8904,2532,1152,47967,1977,0,2954,642,0,397,440,56,18,1554,198,7401,1,927,4093,0
163,6511,9,21209,1506,0,5525,1943,367,1523,11049,0,8727,7196,7487,0,20130,362,2093,0,2455,4972,237,2108,1040,3778,1734,2065,3717,3611,0,0,883,13886,1550,3568,3515,4674,0,190,3690,5096,4593,0,3174,523,6722,0,0,9208,16028,18495,17734,5721,3027,424,2622,72755,0,4092,81471,9808,2446,241564,3576,0,9702,4679,0,321,0,139,136,5520,993,19339,0,2718,26785,0
164,6148,849,13388,1079,0,5482,1601,56,206,2583,0,3787,2504,4223,0,17221,1,881,0,1915,76,0,975,1038,4809,1361,2464,2617,6538,0,0,0,7464,631,3125,8181,4536,142,842,795,1101,1252,0,1856,878,4367,0,0,8945,3626,10074,8612,4622,1782,259,985,75578,0,3006,14413,5550,985,590888,2325,176,5432,1677,365,616,0,0,0,2692,221,25169,0,1414,13939,0
165,16668,1778,24412,1371,0,6787,2150,395,1108,17145,2,4137,5945,7688,0,12903,0,5295,0,2909,957,91,4637,2338,6601,1438,2969,2164,12586,0,1,0,26369,1485,7409,14963,5368,158,1099,2817,1523,5193,2,5136,457,5083,1,3,12139,10293,23820,26339,12105,5212,129,2540,108888,6,2802,9316,8885,5527,487428,5872,6073,8418,6836,1603,407,1,1,0,6305,1851,46729,3,7729,31197,0
166,7308,366,9941,2980,0,2413,1438,609,606,8022,0,4449,2728,2974,0,14541,0,1853,0,2705,2833,1,2721,1531,4144,903,2689,4122,1049,0,0,2,12235,1328,2848,3052,4842,0,230,3480,4490,5846,0,3149,1,3193,0,0,4936,4080,2669,19343,4281,3110,1384,1257,39542,0,2464,5090,5666,2997,182147,1077,947,3683,1831,278,0,268,1,0,1304,594,35381,1,1113,12340,0
167,10884,992,9095,13890,0,5704,923,132,1243,8281,0,6357,8546,6109,0,17125,0,4291,0,2562,1361,3,2344,1546,4044,1415,2593,2983,4291,0,0,3,9316,1397,4253,3732,3677,1,420,2710,4175,2144,2,3091,1,2418,1,0,8189,6377,39000,22157,6303,1824,0,3928,69082,0,2484,85939,12884,1893,399363,5825,0,6007,5156,518,0,159,697,432,2995,1478,13332,0,2285,18780,0
168,3817,724,9683,572,0,2553,674,178,273,4401,0,2289,2770,1783,0,13543,0,1481,0,1157,2049,0,1405,761,2451,311,979,1408,1967,0,0,0,6519,309,1860,2741,1790,1,245,527,1765,834,0,1011,476,801,0,0,9612,1912,7969,12736,2083,3643,175,1405,31721,0,529,8184,5589,407,179972,2040,1193,4165,973,194,0,0,252,0,1218,631,20377,0,1540,10683,0
169,5947,591,10371,677,0,5949,1341,139,731,12119,0,4384,2234,2131,0,13837,1,1705,0,3429,1317,0,2723,1807,4606,890,2526,1477,2316,0,0,0,11593,1175,4498,5493,4382,66,726,1226,3720,1852,0,1901,100,5329,0,0,7203,2583,11616,10075,3632,3127,0,1689,48485,0,1766,514,4505,1240,291801,3052,3776,4695,2804,544,474,0,0,1,3218,494,30980,0,1276,6109,1
170,3909,237,6853,2612,0,5684,948,359,737,4445,0,6790,2427,2464,0,12401,0,2671,0,1877,1195,2062,2127,1481,2968,397,1833,3381,1323,0,0,50,8862,812,1788,3690,1905,809,855,3282,4165,2298,0,1514,0,2620,0,0,5325,6755,10733,8795,2406,2792,234,1793,41764,0,2798,34846,8816,1656,118481,1822,0,7625,2266,468,0,546,0,0,3910,458,13065,192,1158,12265,0
171,25732,4938,17983,9318,0,2541,2967,612,608,5770,0,6069,8123,798,0,17624,0,3906,0,5698,1183,84,4102,1804,5176,2497,5834,6907,346,0,0,0,16841,915,9126,7091,3788,1,1380,1870,4006,3643,0,2123,68,2917,0,0,11138,3893,38302,29458,3284,3710,0,4262,32798,0,1353,49204,23536,2676,701254,3533,1,11770,1649,0,0,0,2,0,3532,838,22867,368,1021,10779,0
172,13082,612,12812,607,0,4951,2209,83,852,5755,0,1707,2761,3636,0,12043,0,2291,0,2607,1568,1,1651,778,2706,171,1434,2908,4123,0,0,127,12539,757,4652,8139,2481,0,584,1490,2049,2097,0,2432,352,1565,0,0,8184,3922,11607,12164,2638,2720,239,3480,54634,0,960,2237,6444,4261,237315,1718,817,5092,2268,271,308,1,0,38,5616,957,33468,0,5292,14653,1
173,6319,1337,13674,12,0,4095,1049,0,189,1485,0,4793,1324,7472,0,26004,0,1285,0,919,167,1,1084,179,1337,263,121,1812,3828,0,0,0,2905,216,1396,1013,908,0,714,619,1998,2104,0,1648,436,4795,0,0,5635,7466,8245,8793,10655,3519,45,2062,66453,0,2053,2454,3592,597,697682,2357,759,4650,2302,219,1254,0,0,0,4909,116,16509,92,891,10909,0
174,5698,451,9238,1524,0,2761,1840,0,210,5963,0,3328,2929,1861,0,15851,0,1476,0,1028,3126,29,2125,1704,5159,521,1608,1560,4374,0,0,1200,7042,508,3132,4504,3341,479,743,2874,6970,1803,0,2803,101,3703,0,0,5085,5818,5992,13828,3143,2965,242,1230,46749,0,1159,26200,2717,1545,101114,417,0,6470,1520,0,1,0,0,0,2468,253,15849,1,900,10935,0
175,5303,253,12591,198,0,6255,939,192,293,5174,0,5484,4502,5713,0,17105,0,5056,0,1466,1417,55,1585,1076,3361,115,1252,1874,2271,0,0,268,6672,784,2577,8453,1600,1,505,1210,2556,1252,0,1549,3,3121,1,1,6576,6483,26096,11585,2947,3690,187,2725,56172,0,1251,53547,6523,1885,217416,4696,164,5746,2057,261,158,128,33,2,3838,347,15710,0,1152,6473,0
176,6181,405,7458,2206,0,2356,460,11,275,3014,0,1720,1847,1898,0,7694,1,1741,0,1553,929,0,1837,834,2124,199,1863,1082,2913,0,0,3,5049,652,2803,904,1641,2,299,469,712,1071,1,1376,61,1257,2,0,2728,3491,11209,5513,1116,2130,0,300,33064,0,1382,6007,4746,2145,126069,1576,64,2398,1502,410,14,56,259,44,1811,909,7872,1,2433,10892,0
177,11780,506,23015,2334,0,14890,2172,201,834,7053,0,7921,6198,6239,0,21706,0,1877,0,1759,296,1,6373,1037,5151,2535,4275,5001,5441,0,0,2,10070,1157,9539,12272,1655,2,1235,2109,3769,2285,0,2592,0,4725,0,0,20492,5539,12859,14520,3807,3524,390,3771,73387,0,3417,21054,10651,905,349977,4289,0,11045,2422,861,102,0,1,0,5408,886,51916,0,2195,30468,0
178,1854,322,3494,1459,0,1136,277,0,105,1161,0,783,441,709,0,3504,0,550,0,403,659,0,971,341,1280,225,812,669,1084,0,0,0,3328,164,1579,968,417,157,85,532,845,567,0,446,10,797,0,1,1600,1944,401,3439,937,261,258,290,15264,0,296,3935,1895,348,23895,550,690,1982,589,138,0,0,0,0,545,110,7225,1,333,4147,0
179,15601,2067,32607,1909,0,8102,1156,434,753,11462,0,8329,4893,8319,0,22696,0,2129,0,2306,1280,1,2264,528,1598,656,2138,2362,12114,0,0,1,9546,546,5054,10773,2401,10,981,3368,2116,4400,0,3016,478,9045,0,0,6176,4727,2778,15681,8423,3265,628,2322,133068,0,4710,7182,13225,333,445163,1808,3108,6696,7803,1029,546,0,3,785,2494,295,47654,0,2762,19149,0
180,3508,222,5634,929,0,2453,133,40,395,2699,0,1411,2056,2329,0,7826,0,1074,0,1836,2822,160,1307,846,2058,172,1416,1375,1257,0,0,0,9673,524,2309,2952,1689,0,362,1763,1265,1330,0,745,0,1754,0,0,4343,3355,2152,6359,1475,1403,116,1187,23002,0,1214,4261,3151,829,65797,657,0,2074,2775,409,1,0,0,0,2502,1004,9936,0,1415,5882,0
181,1420,404,2527,909,0,1213,454,7,98,2286,1,2320,1044,1149,0,6905,0,748,0,751,2916,409,697,460,895,76,378,539,1017,0,0,3,3937,110,1742,58,1531,3,455,931,604,905,0,1168,94,1580,0,0,2596,4048,3678,5366,1389,1095,0,592,21559,0,457,1547,1332,925,25218,1215,85,1795,1049,181,0,0,71,0,1494,282,7301,1,247,1436,119
182,16236,1788,25292,5515,0,9436,1218,242,1068,9367,0,5218,7033,9162,0,30856,0,5346,0,2451,572,0,3408,956,3135,680,1896,5512,10725,0,0,1,11616,1130,6646,9511,5862,0,1419,2425,3926,3576,0,2192,10,5817,0,0,14444,9916,25918,29322,5677,4231,349,3550,127102,0,2579,42071,11390,1244,248992,6233,487,8722,5248,1673,336,568,1,69,7519,859,34428,0,6078,41834,159
183,5000,1340,6716,318,0,2865,1185,221,479,5947,0,1864,1321,1955,0,10900,1,1084,0,2183,1790,5,1357,721,905,42,995,1910,2366,0,0,0,5983,193,1662,3160,3003,245,276,1154,1150,1561,0,1029,768,2041,1,0,4073,1948,6033,13828,2937,2676,133,901,31311,0,1273,1814,2369,2906,105981,1734,1044,2943,2711,243,0,37,0,1,914,543,13281,0,1208,3293,0
184,6453,470,12554,4955,0,3379,1218,112,553,5481,0,2937,1897,2793,0,14892,2,2643,0,1548,3017,241,2927,1673,3657,1009,2581,4428,8151,0,0,27,5933,664,6264,4984,2152,1261,956,3053,2699,2726,0,1737,293,3792,1,1,5494,7214,3012,11992,1774,1832,12,1123,51138,0,595,23581,2324,2354,81559,1062,415,8457,6139,0,1294,0,335,0,2911,538,20095,0,2632,9758,521
185,3261,343,4597,2686,0,1150,165,16,137,2197,0,2391,1964,1173,0,5657,106,1221,0,983,977,7,450,490,1031,343,507,1192,1794,0,0,2,3086,254,1449,718,1874,2,719,529,1137,882,0,1323,24,1102,0,0,2446,3168,5546,5143,1137,816,288,568,21859,0,703,6718,2420,471,69766,951,134,1760,1518,200,151,54,2,204,1058,305,6980,0,1894,6513,0
186,18491,1650,14188,0,0,5312,1846,168,693,2878,0,10596,4703,14741,0,46914,1,2353,1207,2004,363,552,1530,447,2097,270,1139,2417,5109,0,0,1793,7030,1012,3769,949,1569,0,1027,1812,3923,2095,0,2010,438,3909,0,2,19270,22910,17366,18235,16636,11511,200,4767,158409,0,3310,8030,6808,1054,348536,6649,2,8736,2251,515,201,847,1,0,7109,676,18583,0,3421,17628,0
187,9073,3,10962,1247,0,3166,1123,174,845,7054,0,3211,2472,2514,0,11054,4,3131,0,3368,2630,1086,2307,1460,3680,1519,2707,3819,7770,0,0,583,9952,414,5082,8892,3575,3,711,1129,1181,1492,0,2120,478,3706,1,0,9858,2564,2608,15692,4111,1314,321,947,41822,0,733,10037,6681,2952,88346,2624,9,3091,6110,0,17,0,1,0,2262,1194,23165,0,699,4492,0
188,2195,224,2610,570,0,1573,142,32,351,2341,0,485,635,440,0,3520,59,577,0,639,1031,202,726,408,673,60,463,739,1209,0,0,251,2121,174,1134,369,752,58,123,830,436,301,0,400,0,1167,0,0,1143,1305,2742,3984,802,640,16,302,12070,0,693,1605,1051,541,40039,784,0,1931,464,125,2,0,4,142,166,209,3775,0,625,3571,93
189,15936,2374,17892,17542,0,9890,1383,901,873,8893,0,1074,3882,8661,0,31001,0,2143,0,2764,575,4,5218,1225,6355,1347,4883,3824,8125,0,0,0,11139,555,3909,1873,3654,1,624,2341,2615,1103,0,2975,166,4110,0,0,8192,3542,16740,21682,7765,6000,487,2588,85506,0,3240,33256,12800,1701,302734,4067,0,11962,9487,780,918,0,0,588,4432,698,23507,0,5146,41664,468
190,5456,173,13379,2059,0,5481,2041,427,758,7548,0,3638,3410,2417,0,15834,95,1218,0,3699,3423,0,2365,982,3138,439,1897,4489,4070,0,0,1,20749,696,5953,8056,5817,2,1309,3526,5355,3513,0,1153,143,4366,0,0,8787,3343,4076,21690,5519,2947,934,756,54798,0,1492,3679,7455,3946,201490,1860,3989,6880,2617,0,0,0,0,14,1125,1191,40629,0,4538,10413,0
191,2529,253,4702,634,0,1242,582,67,251,5311,0,1535,975,671,0,5636,0,852,2,1238,2861,0,881,526,1139,288,806,2101,734,0,0,1,4227,186,1693,664,1394,55,278,352,1229,1004,1,675,4,1407,0,0,3497,2968,3692,11266,1074,1094,0,535,21698,0,557,0,2505,1151,33915,747,1003,2274,735,0,10,0,2,0,694,470,7759,0,803,4199,0
192,7632,982,16586,727,0,5439,3746,99,229,4979,0,2610,2425,2622,0,14787,0,2934,0,2622,3420,1,2814,1127,2794,1216,2416,4038,2287,0,0,0,9279,741,4251,6851,4507,453,1177,3165,3989,3514,0,2330,0,2933,0,0,7488,4888,3598,19434,6070,2014,184,800,45937,0,1068,15269,11322,3408,116407,3444,3145,5135,5905,6,11,0,0,0,1370,733,33075,0,3388,16845,0
193,6,1,0,19027,0,0,3051,437,1559,0,0,2500,3097,0,0,1,0,0,0,0,0,0,35211,13405,21884,7985,14240,1307,0,0,0,3,27,1052,0,4064,8,1,0,0,1177,1,0,2594,1,0,0,0,0,0,30,0,0,0,1,0,2,0,3,0,0,1,182594,201,1,0,1,0,0,0,1,7876,0,1,4,0,0,3309,0
194,9972,1942,15477,7891,0,3285,3108,427,766,6776,0,5302,6763,5325,0,23132,67,4385,0,4107,5668,1158,2213,1182,3630,595,2026,3800,5672,0,0,7745,20688,1080,9806,2320,7083,318,837,3950,9744,3812,0,2702,223,7433,1,0,9108,10056,3066,23940,4468,1446,399,1432,57311,0,6117,30300,9454,2142,171862,2391,1913,8297,5564,7,24,0,412,0,4478,1176,31674,0,6449,18859,308
195,5063,331,4474,586,0,2192,756,0,204,4765,0,3159,3007,4853,0,13874,0,1774,93,2104,1643,8,1358,492,1162,445,695,907,2949,0,0,6099,5364,477,1421,3203,1724,2,904,780,1099,1608,0,1313,1335,1932,0,0,4308,7129,13574,8522,2552,2333,0,845,39771,0,1530,8186,2597,1419,97161,1892,555,2689,2402,0,256,0,0,0,2100,590,10457,0,1133,7895,1
196,2659,948,13796,4178,0,3421,1184,569,302,2511,0,5672,2158,3994,0,14092,0,2087,0,3846,5651,0,3843,1220,6365,1068,2838,3256,8497,0,0,0,7512,866,3780,3573,2246,2,1009,2956,5851,1870,0,2275,0,3715,0,0,8000,4189,2409,17410,2754,2513,639,2580,43863,0,1025,30447,6404,2870,124469,2389,447,5159,5715,1730,1,408,1157,372,3566,975,28231,0,3813,21656,0
197,10355,1592,17105,8569,0,5671,1922,126,1774,6927,0,8367,8911,7225,0,29613,507,4493,6,2645,5550,4017,2055,917,1500,342,1947,4320,4012,0,0,17013,16675,1491,5878,2780,4453,0,1374,5156,6101,4788,0,4601,4572,5811,0,0,11475,17882,15858,25229,7280,3280,144,2329,102159,0,4051,29585,6537,2858,255910,2962,3,9904,6887,914,47,490,4,0,6067,1170,24198,620,2825,14592,30
198,12430,1743,10092,912,0,4801,2235,73,471,4008,0,7820,6841,7954,0,32501,0,3415,0,2469,3100,0,1182,514,1181,307,1706,2511,3511,0,0,6392,9375,967,2098,977,1522,0,467,2869,3890,2798,0,1400,2587,2346,1,1,11688,12041,33369,20522,6615,3885,1,3425,66040,0,3725,15444,5350,1388,329232,1682,247,6846,112,239,1,600,157,55,6489,1404,16189,1,2946,9167,0
199,10359,237,15299,2457,0,5094,1882,0,147,2133,0,3213,5534,3635,0,12959,1,2059,0,1073,648,1,3564,2018,7182,1290,4586,3491,8305,0,0,1150,11618,1791,7113,7657,691,0,695,4544,4659,1210,0,1966,85,4169,0,0,5782,5759,35416,10522,4390,4115,2,1204,52884,0,3012,14559,12059,3056,540830,1574,6,7315,2757,2,1,0,3,0,3330,701,21901,3,2571,27285,0
