,0,1,2,3,4,5,6,7,8,9,10,11,12,13,14,15,16,17,18,19,20,21,22,23,24,25,26,27,28,29,30,31,32,33,34,35,36,37,38,39,40,41,42,43,44,45,46,47,48,49,50,51,52,53,54,55,56,57,58,59,60,61,62,63,64,65,66,67,68,69,70,71,72,73,74
0,1174,36,0,22,146,173,36,13,566,490,1547,0,35,2,251,0,403,183,14,17,305,149,121,167,700,475,67,178,438,8,79,89,0,15,240,207,248,489,16,33,0,18,502,88,487,203,114,2,1,1592,3190,330,0,54,1128,0,0,1317,0,44,6,0,0,5674,60,18,143,227,566,3283,0,146,13,0,65
1,2029,1164,0,79,287,1740,2054,270,732,6035,450,282,222,0,4146,1,674,1614,30,3506,994,99,1,13,585,1106,359,462,1298,82,87,1761,1,1361,594,3254,198,561,984,437,1,1045,1939,1155,612,4113,969,2786,642,1757,5839,834,1,388,4060,0,0,800,2,4055,46,0,1,110161,3571,113,7832,1737,1671,880,0,1746,739,2,1157
2,284,0,0,176,103,159,120,2,115,1087,182,121,138,1,1051,0,0,0,0,0,1373,232,0,263,1025,2277,0,403,1279,68,132,226,0,9,20,2,42,290,0,0,0,132,388,91,51,677,151,0,1,266,616,0,0,37,175,0,1,706,0,91,0,0,0,1972,216,135,52,107,140,641,3,218,0,12,117
3,1204,0,0,0,302,199,277,0,1239,5582,835,250,81,0,3833,0,678,948,59,1,2679,250,288,448,3110,4705,899,404,3580,914,290,188,0,261,652,2,202,690,185,1,0,96,904,27,324,1318,1670,462,17,4284,4003,1060,0,300,2056,0,0,188,0,1446,1,0,0,86807,374,0,1736,882,485,1099,0,36,339,0,801
4,4075,4112,2,1,2482,402,7,2173,626,15587,2806,0,3842,1,1896,2,3628,4628,168,2470,5891,1007,0,1514,5373,5431,50,1883,5457,853,477,1796,1123,3246,551,2,1364,525,1,2895,0,3079,2112,2722,8376,8562,2609,488,609,16986,17139,2900,2,2011,13449,2,2,1524,4,16020,1292,1,0,119606,1694,2,21808,6930,3585,2408,1,2594,1420,3,9584
5,3270,4057,459,33,690,1466,3221,47,1628,15102,1667,0,1259,301,7849,0,1565,7516,6,1125,5019,1041,298,548,2480,6768,713,1594,4508,998,347,3144,813,4508,2221,7063,473,1690,2389,1479,0,3393,1982,2870,2229,7679,3940,11237,1418,5844,9610,2795,0,1491,6257,0,0,1,0,10696,1395,2,603,459992,2378,4,6070,2716,3034,1240,1,2593,3626,0,3282
6,11760,4721,2,1392,9,381,8170,2575,6070,22847,1546,620,418,2,10443,0,1841,0,1,2050,8389,574,0,325,3879,20996,0,1855,5258,0,856,6055,498,3238,1718,0,11609,3553,1972,364,0,10200,8131,1802,6049,32300,1072,0,1681,12810,8247,3662,1,1263,13745,2,0,5423,5,11314,3041,0,1853,527318,4038,1,22694,1192,8776,6418,2,4729,2292,1,3127
7,784,214,0,123,81,7,190,75,774,4310,975,0,63,57,1060,0,127,69,0,11,2810,339,22,197,1162,2921,206,1123,1475,165,175,710,0,627,376,1,3,425,24,11,0,372,183,106,413,1917,468,0,29,1739,1659,460,0,0,4,0,0,334,0,1109,2,0,0,3754,194,0,173,135,589,2240,0,566,412,0,46
8,5327,3059,1,51,439,2325,4223,1998,8422,21160,5923,12,5695,95,17271,1,6182,4485,1090,5677,2405,236,528,332,1611,2447,1373,940,2272,614,254,5090,359,7938,3209,1377,4634,5171,101,3767,0,21908,5122,965,8468,2940,5007,4823,2377,20063,37618,11198,0,2748,21613,0,2,5472,1,13166,2148,1,423,45088,4640,0,23748,6165,7225,2928,0,6398,994,0,4820
9,28792,22743,1,678,2,1609,1393,4566,8934,10250,11002,0,8447,9235,5608,0,7442,565,0,6340,11740,755,0,641,3101,10586,1487,3379,8026,2978,375,3401,325,5377,3138,4211,1371,2261,0,2162,0,13304,6057,2375,3198,2182,6505,1383,2493,40724,37926,8985,1,1837,16866,1,0,4324,1,7937,2833,3,0,351589,1915,0,3098,15969,4467,3117,0,6294,6514,0,1322
10,6999,1931,2,0,2472,623,1061,292,726,18761,1156,79,1094,4,2504,0,1519,5132,0,68,6617,499,1047,1063,3788,11965,2571,1686,4586,756,441,2992,0,3498,2138,0,518,1436,481,391,0,1887,2338,1225,3387,6820,1383,475,897,5461,12469,1669,0,695,6649,0,0,2213,0,5922,742,0,732,24397,5050,377,8129,4261,2844,2537,0,2149,1963,0,4069
11,7323,2808,0,0,4755,3756,3453,0,384,18955,5536,3,4016,390,16536,0,1590,5889,2,1903,20836,1896,2018,845,5139,17996,1973,4528,16756,3462,2066,7111,1,0,3869,19027,1719,217,66,646,0,5231,5688,8436,4713,16484,2379,9687,1446,4443,9917,3292,0,114,12403,0,0,4323,1,12158,4223,0,0,559542,6404,0,13373,6400,4156,4007,0,10076,1,1,7699
12,1699,168,0,2,541,343,2479,362,2695,3976,942,1,1010,0,5286,0,527,146,130,1125,1901,308,370,327,933,5097,260,797,2558,257,189,1540,0,2579,3002,4654,454,1380,83,7,0,4132,343,262,1736,5566,1404,74,92,4733,9165,1667,0,1467,3000,1,1,818,5,3737,258,0,7,139340,1529,0,2581,1999,4520,1186,1,1497,361,1,1561
13,1198,516,1,0,145,729,143,1,496,2460,638,0,308,0,1527,2,143,26,68,7,2439,284,176,491,1784,3506,374,977,2258,202,220,574,0,352,308,0,59,339,137,34,0,282,430,413,537,1376,248,21,0,2611,2163,5,1,0,2872,1,1,1340,6,1196,1,0,0,36871,217,0,496,502,157,1241,5,521,104,1,256
14,9090,1232,0,535,2286,515,1185,1383,4017,12893,928,373,51,0,10243,1,644,0,168,1849,3852,457,5,727,2441,6471,369,1204,3010,669,316,5740,0,3057,3423,2629,6075,1258,85,212,4,8113,4328,1468,3073,11104,2704,5145,746,15905,13404,4799,0,1122,4759,0,0,648,0,9559,1476,0,353,104351,3571,0,10538,183,3727,3975,0,4541,80,0,2258
15,55,128,0,12,72,71,38,2,493,434,392,0,0,0,402,0,0,11,0,40,1158,69,266,332,1778,2828,37,896,1779,78,104,129,0,326,746,1,318,77,0,0,0,58,315,163,0,179,50,0,43,160,903,92,0,3,40,0,0,218,1,251,1,0,0,3140,18,0,499,178,417,819,0,210,73,0,15
16,2040,49,0,0,80,563,415,41,623,1806,673,0,2,0,1120,0,217,19,141,411,2511,448,683,183,1672,4341,416,1395,2134,153,85,584,0,177,252,1647,321,368,0,90,1,458,309,349,101,1153,260,166,1,292,1428,183,0,39,3469,1,1,552,1,1103,11,0,0,67146,214,179,419,320,3,1107,4,586,208,0,0
17,14,289,0,0,3,295,132,213,598,1511,496,1,283,69,454,1,443,124,0,38,1971,462,137,368,1677,2622,1,706,1802,336,118,91,0,0,88,152,89,412,27,217,0,1120,289,129,509,247,117,0,2,2064,1248,525,0,101,5,0,0,799,1,1367,15,0,0,5628,293,0,236,78,866,335,5,1091,71,0,30
18,508,25,0,0,258,740,36,58,669,1301,1048,0,54,1,1291,1,387,33,58,15,1850,213,470,197,1487,1472,327,285,1453,191,115,51,104,90,515,0,161,267,5,52,1,702,37,136,612,677,107,0,70,1578,3079,478,3,374,3429,3,0,135,5,332,150,0,0,3823,328,27,485,349,386,1158,0,385,254,0,132
19,3429,558,0,0,559,391,1044,394,494,3597,522,0,435,1,1158,0,729,892,227,133,984,110,117,87,766,1682,0,311,595,0,106,633,0,487,693,1076,363,257,164,1181,0,885,1378,742,538,3741,313,574,332,1512,2929,588,0,104,2530,1,0,278,1,1986,306,0,68,49079,952,1,4298,322,738,579,0,906,307,0,3174
20,459,1495,0,0,57,1455,115,229,375,1463,493,0,164,0,2112,0,337,123,89,1075,1911,116,0,73,583,1734,1,559,1212,14,65,424,0,148,294,5533,172,269,2,82,0,309,100,350,468,858,606,889,23,537,2448,192,0,27,3343,0,0,1916,0,808,127,0,0,18425,74,0,633,115,1042,992,1,1323,126,0,172
21,6042,2976,0,1,164,3156,621,405,420,4747,1828,0,1053,58,1929,0,2138,300,47,1103,1095,133,0,257,717,2146,581,186,1129,11,146,1399,11,2353,997,4151,299,303,0,528,0,1887,1178,499,1541,1656,893,281,123,4325,7818,709,1,702,1013,0,0,375,2,2087,477,1,2,104684,3962,0,3707,1840,1153,571,0,3266,2313,0,494
22,949,479,0,0,576,1234,564,231,167,2679,142,1,340,130,1344,0,791,803,95,1812,882,183,501,295,1489,2386,0,583,1734,538,213,372,0,262,928,4443,134,541,220,491,0,643,655,1304,798,1734,634,1116,415,565,3290,334,0,180,949,0,0,413,2,1918,377,0,0,33677,990,0,3065,611,974,275,0,1297,387,0,1203
23,1857,112,0,134,107,1294,445,479,915,2163,742,166,282,0,2375,0,535,247,115,270,1934,196,4,366,1553,1816,164,528,1199,115,46,877,0,722,531,0,466,288,0,382,0,1452,685,267,588,636,157,195,386,3119,5163,357,0,147,2955,0,0,517,0,2145,40,0,2,14239,323,0,1632,378,1435,1015,12,298,511,0,194
24,2873,513,2,0,561,1083,1031,141,510,8328,1644,238,336,0,4446,1,1080,2697,4,548,3206,430,296,470,1865,6602,1046,857,3059,617,154,931,0,1284,2225,283,64,78,507,75,0,416,904,451,1532,4854,878,806,285,2135,2522,1146,1,174,3183,3,0,874,4,2591,97,1,1,99025,521,12,2819,1663,1542,1023,4,1920,1209,1,596
25,1933,1300,0,468,3567,0,900,986,957,15132,1146,465,866,0,5186,0,490,0,251,1505,4521,605,0,697,2545,9670,792,2807,5840,1526,615,206,0,1959,625,1200,654,1662,603,200,0,1206,1277,1795,1185,5285,3118,2350,484,4141,5366,1609,0,1033,9259,0,0,315,0,5455,503,0,374,70809,5263,261,2441,1440,111,1035,0,5,395,0,2200
26,394,10,0,36,215,0,9,165,530,1059,615,10,137,0,429,2,135,0,1,2,1623,105,129,236,981,1343,105,244,1626,109,96,190,2,290,117,1,16,250,0,11,0,231,127,244,114,594,207,1,1,1047,1065,181,0,30,20,1,1,66,16,165,38,0,1,2135,110,0,344,143,437,1075,2,42,49,0,45
27,11060,1815,0,126,532,2304,2428,2099,1606,24007,3007,0,442,576,13059,1,3038,2132,838,16367,3980,597,665,807,3849,8713,774,1061,6597,298,238,4942,0,3156,4219,1487,716,4606,246,289,0,1505,697,2602,3673,6446,4886,23709,1701,9703,16245,3911,0,907,6143,0,0,331,0,14879,1673,0,0,135838,4360,20,6773,1108,3536,2620,0,7109,1817,0,3100
28,14724,6380,1,1448,494,0,381,4071,3154,32274,6368,149,0,648,18216,1,8630,671,3,192,15431,1191,2110,1337,6450,29071,480,2733,12612,1139,2287,4386,0,7775,5717,1,4079,2452,37,1578,0,14339,9060,4531,7044,27946,992,0,6058,25893,34665,5917,0,2708,5817,0,0,1909,3,29158,3439,1,0,153368,5889,0,13825,6343,9669,7183,1,3460,4470,1,16327
29,3048,2623,1,34,0,1150,48,331,769,2256,89,46,368,0,1825,0,1639,286,82,1568,2521,133,179,263,1179,4654,537,876,1728,154,60,717,0,583,956,3276,691,892,70,466,0,1448,959,335,977,1813,219,1214,1,2268,3654,213,2,236,5331,1,0,2468,3,3478,2,0,0,52446,80,0,627,642,1779,643,4,2706,1137,1,8
30,405,2,0,6363,1000,0,0,4,401,361,429,0,297,3,1,25,204,362,490,0,4022,619,107,634,3369,6151,88,605,3256,300,391,76,92,0,0,1,263,40,2,25,0,0,38,26,459,0,224,1,49,0,3,26,0,0,4508,0,0,11,1,51,46,226,89,12827,4,0,1,0,1322,295,405,124,119,0,767
31,418,38,0,0,263,3,63,1,103,1012,1,0,0,0,1567,1,0,40,0,2,2949,715,317,476,3902,4969,10,1123,5257,84,317,14,0,5,320,0,0,8,0,0,0,2,0,427,172,64,1,0,1,401,1215,1,0,0,259,0,0,343,0,331,1,0,0,42482,523,0,632,180,68,901,1,891,81,0,713
32,419,2,0,0,131,1475,5,0,320,761,381,1,2,0,413,1,0,50,2,1589,2947,429,96,150,1610,2559,0,395,2534,411,241,234,0,41,684,1784,128,726,297,1,0,19,229,236,193,417,1,635,273,339,399,95,0,137,8669,0,0,1673,4,555,0,0,0,38104,199,0,1408,9,430,983,7,522,31,1,377
33,28064,16012,0,811,7275,25925,188,8745,7365,63652,15836,1190,580,1,35505,0,9643,2707,4591,35199,10259,566,0,708,9826,10784,1947,3990,8843,3397,1637,19340,0,11868,2002,19563,2941,12390,2637,177,0,23841,5125,11032,17674,25617,5057,7995,1646,7142,24257,7878,0,0,18158,0,0,21905,0,36986,3997,0,0,124769,7312,0,9468,18725,5223,11415,0,22440,2165,0,14732
34,2757,548,0,100,535,615,40,625,596,3631,623,81,224,0,2621,0,398,152,261,138,2189,216,352,217,1857,3047,277,546,1471,50,117,416,34,600,453,4,316,441,306,0,0,622,932,339,348,944,571,103,142,750,3468,612,0,0,4384,0,0,172,0,902,12,0,1,22619,80,129,479,850,1312,1730,0,1523,640,0,612
35,1230,676,2,146,3,304,320,373,696,2535,1337,1,467,0,1590,2,772,0,1,16,2547,444,0,291,1699,3278,225,420,1868,137,299,980,1,259,282,3181,108,379,184,0,0,1875,323,89,215,722,391,199,94,836,1036,514,1,2,1399,1,1,802,8,450,12,0,126,13418,308,0,969,379,718,739,4,831,125,4,223
36,3700,12,0,0,1,168,570,1561,1795,4634,2150,0,0,0,2905,0,1090,3055,70,3818,2640,85,0,426,2081,3070,0,1044,950,0,694,1442,0,0,553,2237,2,676,0,0,0,3223,2,2,0,187,1,220,0,0,6545,1156,0,689,7527,0,0,0,0,2516,0,0,0,292991,288,0,0,1476,0,690,1,1066,76,0,0
37,508,14,0,1,0,37,391,303,88,1060,262,0,0,0,644,1,51,43,0,30,3008,138,100,266,928,2525,661,837,1646,287,183,1,1,0,592,1014,162,168,207,0,0,0,205,4,84,379,0,343,0,114,304,0,0,0,1045,0,0,79,4,2,1,0,0,84559,151,0,132,0,0,254,0,11,0,0,99
38,9726,2321,0,0,788,9271,1952,2047,2877,4808,2378,27,1,195,10378,0,2612,5269,2,15624,9266,794,2043,1329,7968,11538,999,3776,7526,375,668,4440,1,14,5962,19355,664,2903,1232,4617,0,882,1527,1055,2631,9374,924,13659,3391,924,9266,1252,0,252,11817,2,0,743,5,6627,1616,0,5,898749,5367,0,9509,2178,5123,3080,2,6758,2,0,1028
39,3818,2739,0,0,80,999,322,113,383,3169,372,0,129,0,788,0,913,1204,0,3749,2076,133,5,116,1015,1148,0,447,1808,126,48,626,1,0,1113,9119,134,345,0,589,0,587,768,434,104,167,167,2806,130,917,1263,27,0,0,889,0,0,340,0,580,349,0,0,41546,239,0,3354,620,469,144,0,1053,159,0,769
40,5981,748,0,493,4445,586,2905,1947,2672,21684,2404,2,171,0,5222,0,0,3229,2160,3,9207,1288,1940,1206,5138,13456,383,2310,6667,540,1121,4105,1,1300,1417,1,1909,1122,1095,409,0,3,4219,183,2008,17950,59,26,19,4012,6137,3611,0,308,9825,1,0,497,6,4669,192,1,2,346675,2483,648,5052,311,2979,4126,3,7800,1313,0,9
41,2900,4449,0,619,2613,0,1296,469,1946,16023,1214,0,752,0,7637,1,3949,0,1,0,6562,815,980,534,2284,9711,711,1088,4597,80,859,3889,0,3967,463,0,3357,1648,1111,121,0,4413,2119,6,3815,17337,3401,125,865,11863,4990,4166,0,3042,6458,2,0,2760,1,12670,926,2,0,104875,3230,0,19588,543,9419,3838,0,990,1256,0,8939
42,14351,3339,0,0,1475,147,3892,4603,2995,25986,3349,0,380,0,19162,0,8773,19087,3,3602,11169,1179,2055,662,4645,15321,1648,1375,11804,884,581,3849,0,0,3794,5819,2972,2607,3472,1618,0,4129,7102,6746,2819,10928,3200,14661,0,18073,16601,6038,0,223,8401,0,0,7477,1,9375,2880,0,0,773808,9508,0,16632,6627,25,2022,1,2008,0,0,5850
43,2958,2221,0,0,1557,1789,35,1282,3351,37912,6846,0,6853,0,3629,0,6572,12397,1,582,9369,834,318,1094,3040,28338,2737,2054,15387,1549,753,8460,0,3576,5061,0,1950,2544,72,4151,0,5039,8176,5676,3041,22531,5073,363,4793,10148,27316,9360,0,7919,11714,1,0,9785,0,18973,3068,0,0,318130,22308,0,21560,2122,6028,5597,0,8588,1170,0,4957
44,229,248,1,0,0,476,9,2,364,253,657,0,43,0,183,2,125,16,1,80,1624,159,419,127,798,2292,109,737,1806,200,187,443,0,250,211,1,141,254,0,21,1,220,113,166,201,232,241,0,6,1482,2369,135,3,99,40,0,0,15,10,206,21,1,1,3940,241,0,313,311,294,510,3,2,251,3,30
45,7204,3639,545,0,1154,1681,7031,139,3378,10321,4278,0,3783,0,8304,0,5754,2085,646,2016,6095,579,0,304,4357,11438,90,3254,4940,846,455,2774,0,4439,1272,6575,1669,1387,0,7607,0,6557,1894,1889,2714,1462,4948,11307,1675,17123,19176,7173,0,611,9404,0,0,2823,0,14601,1173,0,0,33845,4200,0,14623,7407,5310,2232,0,6098,3325,0,797
46,11994,4071,0,0,11504,3136,2233,10446,6057,76684,14268,0,2601,1,28165,883,18205,12136,3,1653,11988,1121,0,1301,5307,21001,2049,8799,11900,3771,843,7521,0,5123,5835,5909,5829,4650,3321,6317,0,9328,12299,7169,9069,31405,6411,1426,1633,49626,59592,7318,0,2667,13915,0,0,7462,1,30228,622,0,29,256181,17322,3,31959,8900,4650,8821,0,16560,5431,0,19123
47,945,79,0,0,298,655,21,271,441,5882,629,344,403,161,2719,0,787,530,0,116,3071,247,0,282,1808,4583,1014,1175,2914,142,123,600,0,680,690,79,222,655,62,60,0,1219,1161,553,1202,1671,436,162,81,2213,4619,1558,0,21,4093,0,0,1008,0,1501,119,0,0,44636,87,0,1085,499,1431,2188,2,390,174,0,680
48,276,21,0,0,10,25,71,0,214,531,104,0,73,26,176,0,35,0,15,135,1652,242,95,241,1120,1216,209,351,1206,49,87,55,1,132,209,0,40,26,163,10,0,41,280,54,58,233,55,9,1,459,208,244,0,174,840,0,0,23,7,152,11,1,1,3423,1,0,162,29,291,722,6,343,32,1,205
49,8693,558,2,233,4,665,1329,1,2413,25202,7213,17,407,1,9323,0,1143,1046,1199,1,7664,1197,417,926,4930,8343,19,861,8120,1237,368,1718,0,422,1589,1,810,1420,849,1078,0,2315,1256,1428,3439,14290,3468,2,27,6358,15531,3048,1,111,8764,2,0,604,8,3985,3,0,0,154343,2686,1092,1054,2737,6292,12167,4,6015,2730,1,3039
50,465,356,0,76,685,0,4,716,768,4129,510,0,456,0,1917,0,604,0,0,316,3094,466,1,699,1859,3167,717,1633,4369,896,199,1663,0,249,207,439,550,441,100,43,2,339,742,278,70,2213,887,91,172,2489,3564,493,0,66,5,0,0,408,1,1618,1,0,193,6897,583,153,188,598,1057,3143,4,162,1,0,128
51,639,428,1,0,326,185,0,280,613,3487,1247,1,241,0,2204,6,381,161,295,295,2328,274,613,183,1948,2902,193,317,2224,305,163,254,0,634,140,521,89,210,3,116,0,956,401,441,960,1675,444,110,0,2277,5246,469,0,193,136,1,0,157,7,1461,29,0,143,13104,403,0,209,592,1101,1865,4,553,13,0,845
52,402,243,0,0,94,970,55,443,203,3911,416,0,304,61,809,0,403,189,79,228,1300,119,84,155,571,986,1,511,1410,60,64,710,0,306,26,0,133,313,5,0,0,548,377,76,199,0,303,1,3,1073,2099,266,0,0,1345,0,0,257,0,2685,98,0,0,3438,368,109,497,412,740,681,0,843,414,0,199
53,1925,69,0,0,0,19,182,38,2786,5842,2572,0,1589,2,2105,0,1263,22,1,618,27,168,25,481,405,723,11,9,817,0,36,1373,4,44,477,350,0,682,0,889,0,1997,1298,835,855,178,748,585,53,7829,7642,565,0,4,17155,0,0,1006,0,238,475,0,65,60567,1820,3,1404,2335,899,1275,0,3516,84,0,0
54,1041,87,0,0,4,0,0,466,34,138,252,0,493,0,0,0,342,0,367,0,2276,251,1,371,1865,2402,603,754,1973,86,142,447,1,253,0,1,24,176,14,0,242,0,258,18,558,0,1208,0,0,0,0,0,0,0,2232,0,0,0,0,20,64,0,0,4452,1,161,0,0,536,746,1,145,111,126,0
55,2664,957,191,0,2547,790,2092,1207,1694,12849,1690,42,767,0,4096,0,1134,1578,572,201,1803,122,0,155,1139,2913,1027,638,2267,303,108,435,0,923,1212,3,754,1034,20,2124,0,2740,1319,873,2520,1395,1052,156,202,10736,15041,991,0,1261,2435,0,0,361,0,5787,0,0,159,30867,2641,211,9203,1021,3007,968,0,1882,345,0,2895
56,3611,1284,0,0,1043,117,140,453,414,7871,1366,791,1258,0,2832,0,2176,1183,1,1725,1359,250,550,213,1581,3496,987,302,1565,380,330,1647,0,1407,827,947,530,1434,667,406,0,1977,1919,584,678,4064,1,1972,204,3274,5477,615,0,514,1745,0,0,793,0,4715,386,0,0,87688,3009,0,4055,849,986,1572,0,1440,1932,0,2441
57,6688,2365,0,7,414,1534,3654,655,6384,27704,1372,695,2066,0,13174,225,1823,454,1358,12416,3873,177,0,354,2596,5331,1447,378,3034,260,294,5496,0,3896,1894,16127,2133,3564,645,711,0,9349,1044,1736,3639,11684,5168,8866,585,8381,10795,5410,0,1307,3852,0,0,2002,0,14015,1633,0,0,165441,5043,3,23348,1071,3477,4316,0,2639,692,0,3533
58,16277,5073,0,117,4127,953,1656,1270,1249,16966,3698,0,959,0,8740,0,2812,17006,0,822,6713,1051,1,753,3658,9586,3162,1624,5195,954,322,1410,1,3490,3098,0,1964,2822,54,4301,0,4259,6353,1495,2902,12803,820,173,255,12452,23360,2939,0,4680,21488,0,0,2278,1,13404,1835,1,761,101438,6167,0,14937,3521,5998,2783,0,5877,223,0,7503
59,13177,4309,1,1260,2,2331,5559,3155,3185,9866,2932,0,690,0,17043,0,3116,19386,232,11419,11634,712,0,734,3329,12793,2541,1709,9356,1387,913,9204,0,5918,7408,33498,3128,1886,0,2267,0,4957,6361,2089,3405,11499,4726,8750,1918,20187,31688,3730,0,1,10823,0,0,3181,0,19780,2086,0,0,790968,9671,0,14007,4923,9574,3988,0,5759,1931,0,10550
60,16810,4839,0,1111,3469,2091,1692,1442,3763,22660,5491,0,2010,0,15956,0,3957,48,204,0,11235,1131,6085,715,5428,27530,0,1548,15707,3697,998,4170,0,5456,33,1,3370,653,3741,1054,0,8304,3563,4176,6047,17213,6798,309,454,19445,33727,3767,0,2807,8184,0,0,7115,0,17167,3337,0,0,394936,8353,0,20730,7815,6901,4467,0,3749,1128,0,6775
61,774,438,0,59,230,515,273,230,488,3660,487,6,184,0,2502,0,901,38,1,224,1840,294,1,140,1751,2198,33,571,1339,235,45,319,0,940,234,15,204,427,4,237,0,907,102,48,368,1912,108,9,1,1465,2847,369,0,0,2858,0,0,1074,1,4256,2,0,0,14963,446,195,771,651,459,1298,2,1466,470,0,164
62,9588,2533,65,0,791,2807,878,381,3304,13220,4708,15,2241,209,7503,0,2117,1150,896,2119,1809,282,116,254,1277,2149,690,672,1922,259,63,1514,188,2397,2329,479,674,1399,186,1232,1,4024,2653,966,3087,4476,1374,125,56,8131,14877,1028,0,526,7216,1,0,1845,1,6441,312,1,119,156648,1509,109,4358,3669,6727,4222,2,5228,1486,0,2366
63,353,97,0,2,447,157,272,126,227,1817,505,0,476,0,1120,0,78,587,7,82,1260,289,110,284,1438,2339,298,608,1901,129,63,174,0,135,118,0,477,123,47,8,0,362,437,61,331,927,305,60,9,305,1535,190,0,166,638,1746,4,713,3,1215,75,2,329,12240,228,179,781,426,710,374,3,1294,0,2,312
64,801,120,0,252,725,228,47,142,1210,3982,615,0,96,0,1311,101,125,5,47,109,1574,176,93,312,1338,2036,185,277,1246,284,120,168,0,222,128,383,152,224,10,6,0,1063,757,315,149,1875,293,105,46,1604,1953,637,0,147,2417,1,0,326,6,2321,28,0,1,7158,66,2,157,148,341,734,12,289,1,0,157
65,1139,285,0,110,755,821,265,95,255,2211,977,0,243,0,1721,0,777,1,12,1554,1092,71,49,87,681,2584,513,436,942,362,154,464,0,305,187,2287,103,301,173,2,0,1322,275,113,147,1017,225,1547,184,1574,1789,319,0,0,2333,0,0,225,1,2328,351,0,0,61110,193,0,819,874,228,300,0,1275,462,0,401
66,1431,815,0,0,904,1194,386,405,276,6508,717,0,549,0,2221,0,685,225,140,177,2162,189,1,102,1065,1740,887,977,1659,201,257,619,0,573,1051,0,162,226,814,0,0,546,1530,76,1253,2726,109,125,183,1178,2195,272,0,145,823,0,0,320,0,2197,0,0,50,19662,1005,53,1288,679,672,880,0,394,1363,0,965
67,29973,3841,0,2736,2315,5413,716,266,1266,23679,6270,2424,7,0,32286,0,11426,95,0,2,25149,558,1,607,2459,71042,5676,6567,31569,2403,2382,5180,0,0,7,1,1,3934,5737,573,0,3797,2578,472,14752,16376,1702,0,0,9414,32279,8700,0,7270,2947,0,0,1478,0,10444,30,0,5101,256041,2037,0,786,4041,21631,6609,0,7735,3518,0,7879
68,1167,2251,0,0,2236,3279,457,1,5837,9851,3565,16,0,189,4908,0,39,122,56,594,3387,391,1,306,2683,1394,0,3,2491,2,618,80,0,35,1561,379,1221,2017,0,1434,0,20,2328,0,670,5719,2142,742,968,4115,11603,1075,0,2,20183,0,0,1591,3,1279,1,0,6,59585,2120,0,3822,0,1335,3210,0,4650,85,0,0
69,5149,366,0,0,1780,0,700,0,1603,16530,2970,0,0,218,4216,0,6655,1104,0,0,21739,1854,1014,860,8477,33794,5858,7896,28829,337,1544,13,0,22,656,1,0,73,0,0,0,1560,0,1190,4659,2726,1575,0,59,6855,12565,211,0,2,1369,0,0,2157,0,2001,23,0,0,138903,682,0,83,7,3398,3536,0,3441,0,0,904
70,4175,4577,0,0,3270,141,13,1901,4422,16406,2580,0,4339,819,11680,0,2432,7266,0,5457,5417,880,0,896,3902,11179,3192,2199,9476,1006,578,2568,0,2052,4237,1,1748,2883,0,4370,0,3153,6927,1480,6457,12094,9386,1,208,12190,15023,1876,0,1550,10768,1,0,3555,1,13580,2028,0,38,149545,865,0,15425,2414,6592,1715,0,5888,4186,0,5885
71,25155,19061,0,0,1,13427,5123,1800,1656,9349,4869,0,3567,1792,2756,0,6874,587,1,19040,8697,1228,0,751,3794,18622,565,441,9198,385,1102,2329,0,4060,4100,39924,3062,4586,0,6660,0,6933,13038,3558,5517,4483,5025,9291,2268,13903,11359,3182,0,0,11477,0,0,8170,0,10436,2451,0,0,400505,1219,0,2286,10184,1650,2636,0,7845,2743,0,40
72,3870,1889,1,61,2226,1665,229,1794,1820,21503,2647,451,1656,0,5837,3,3243,1595,437,1637,2269,322,778,147,1308,3988,0,889,1703,124,103,1960,5,2457,1040,130,855,1323,118,242,1,1918,1910,1557,1453,7845,2204,914,395,7119,9033,1704,0,875,7149,4,1,1288,15,10418,249,0,599,109680,3498,0,4374,1133,3623,2059,2,5383,437,0,2686
73,2348,4169,1,0,73,1704,41,608,1218,1833,1357,2,658,10,2265,0,850,94,213,1388,1809,143,425,139,1157,2093,281,429,1626,417,87,1744,1,795,57,0,558,149,0,418,0,1924,1305,263,1119,929,1329,1,246,5126,8664,901,0,152,2439,688,13,515,3,1552,101,74,25,10449,440,0,1282,1060,1552,651,3,2413,469,1,613
74,3940,390,0,0,643,2621,928,928,2276,11510,3009,87,1936,0,4818,0,1842,1011,345,2823,2743,158,520,221,1494,3826,802,609,2113,93,228,1691,0,1778,2899,1006,332,1501,224,487,0,3264,2642,816,2457,2775,1215,187,1248,6257,6687,1895,0,1651,4362,1,1,1986,2,3906,82,0,226,139760,2854,0,4691,3116,2693,1286,1,4465,1144,0,2020
75,7983,4561,0,141,1633,4559,6086,2593,4323,29717,3715,0,1325,393,8648,622,4466,3968,705,12662,3991,204,508,206,2034,4631,1077,191,3461,465,273,3391,41,3189,4969,4419,2433,2898,1068,6193,0,12746,4283,3032,5416,12911,4633,11627,2140,19376,30763,4634,0,1998,9514,0,0,2537,0,30172,3671,20,1416,70011,12225,0,25509,7013,4786,3395,0,7238,2193,0,5425
76,5336,2045,0,118,0,18,1718,1644,2067,2428,1556,0,0,0,3356,0,1184,789,289,2518,1823,168,0,192,972,2359,474,959,1280,406,43,3678,1,2707,375,846,457,751,55,647,0,2843,1600,851,1572,1800,831,6660,309,5682,6715,1413,0,1669,6677,1,0,1661,0,3488,491,0,0,164658,349,0,7213,2387,2949,1675,0,1196,664,0,3302
77,652,1306,0,0,1309,1667,481,957,1469,15375,1342,649,2,0,7595,0,1885,27820,0,699,8013,831,1908,970,3197,11602,0,3057,8082,1072,386,1471,161,1349,2279,2,306,0,891,3799,0,2559,1668,681,2818,7657,1332,0,128,6343,7133,2370,0,0,11478,0,0,916,0,9605,1367,0,0,128527,2343,2,8939,1797,4158,2998,0,4922,7,0,5080
78,8279,6276,1,0,4828,4479,3309,2243,1321,19388,2111,689,2032,377,7989,1,2124,2930,1049,8978,5033,465,117,752,3052,4916,460,1448,3707,12,356,7861,151,3107,4812,8871,2015,2141,1284,1472,0,4322,1086,4927,4284,7348,2781,18833,899,5219,9077,1689,0,1104,5172,0,0,3341,0,18830,920,0,0,138482,9941,199,12546,4478,2957,3136,0,4007,703,1,653
79,23974,8776,0,0,1106,2946,2984,4465,3999,22162,3672,0,921,0,13683,1,5505,2507,0,0,19972,693,0,203,1696,23132,1870,1904,13189,1812,460,6037,0,7288,3711,0,2876,4904,2272,1132,0,11168,2582,8693,2781,9618,657,0,2,43842,22425,7714,0,695,5230,0,0,7592,1,24524,1740,0,1496,462097,9659,0,10234,3182,5117,6947,1,2398,7761,1,13201
80,24173,11172,0,77,3438,374,7651,6713,2629,33809,7443,0,1096,14,7970,0,5432,10289,0,21917,26840,309,3563,628,961,29865,3734,6728,13368,1819,372,10662,0,0,5849,26402,5162,6573,8,4366,0,5355,6331,8886,4275,7180,10487,22571,1475,6136,6900,2687,0,824,9418,0,0,3565,1,35524,1774,2,0,900866,4336,593,6277,5111,6320,3446,0,10971,0,0,9975
81,7054,5609,0,0,4686,532,4079,1818,6863,46283,5482,25,3702,0,22771,1,6442,7089,36,1822,9187,571,3262,825,5465,9435,2164,3184,5275,432,559,8272,0,6590,5212,5383,4948,1727,2118,1168,0,6701,4193,2009,4541,16198,5078,16434,2283,16953,33661,9837,0,637,3537,0,0,3100,0,31444,2112,0,0,193264,11992,480,41938,7197,10476,4014,0,2215,814,0,8262
82,14205,4769,724,721,912,1576,3265,6345,3155,27731,5117,848,1188,0,18121,0,4991,8241,91,14544,5617,607,399,404,2762,9026,3118,4417,4896,1037,195,3959,51,5681,5152,22622,4313,2920,2198,280,1,4515,7403,5480,7730,9334,4462,23234,1423,10284,15712,3127,0,555,12127,931,280,4535,0,18515,1552,1,0,222843,8026,63,10589,1534,11198,7698,0,10124,36,0,7975
83,9559,3269,0,246,0,2269,2964,1461,4426,12469,1180,755,1078,0,6649,0,1826,178,940,7080,2283,314,614,194,1453,4608,295,644,2015,240,296,3812,0,2925,2232,15580,1310,4206,1388,640,0,7690,2079,2964,3742,9170,2714,5374,1122,15495,14604,3251,0,462,6789,0,0,3306,0,12919,1015,0,519,187028,5919,0,8054,3524,5877,3920,0,3879,2690,0,1489
84,4502,1706,0,0,1,2965,879,0,4210,7059,520,0,812,56,1538,1,664,1600,1,269,1960,511,0,1540,2588,563,0,1998,4478,1,104,1620,0,2244,961,1028,1382,652,0,908,0,2783,4718,1754,1654,2725,2411,814,2,3150,4764,1228,0,0,10628,0,0,1164,1,146,1,1,0,256065,224,0,476,534,2447,1155,0,3379,1266,0,1923
85,1074,967,0,73,1447,109,588,246,1720,17049,1978,533,363,0,4008,0,1592,1387,135,896,1647,35,0,161,1044,2731,2,699,1403,226,107,1021,0,538,1229,1,304,423,63,918,0,1812,874,281,1796,2446,987,49,1207,6029,7779,1470,0,131,2650,0,0,956,0,4030,193,0,72,8556,4709,0,3452,1799,1258,1559,1,2337,763,0,669
86,3112,2321,0,0,404,1433,1605,590,1393,12212,1856,45,248,0,5834,1,1667,550,76,1962,1365,212,144,131,1206,2281,14,863,2052,149,198,1134,0,2149,2885,385,817,705,818,630,0,1696,2561,1448,1393,4563,960,2605,478,5067,6971,2046,0,947,3025,0,0,738,0,4507,573,60,325,157373,1864,2,5909,1072,2543,2078,0,1151,1807,0,1760
87,6643,2043,0,825,3707,669,1669,2862,4079,9725,1992,2,1791,0,11397,0,2022,0,1,44,4465,521,0,1012,2576,10587,1452,1781,4818,669,487,4251,943,1289,1141,2,7295,1761,468,182,0,5093,3772,0,3936,7024,393,1030,790,12318,7715,4904,0,1064,5636,0,0,2401,0,2350,8,0,574,688649,1139,0,6052,1387,2690,3791,0,2322,676,0,2564
88,15624,5062,0,0,7686,2601,3098,805,530,58698,5862,0,3453,0,14665,980,8526,44794,68,5830,13354,603,0,948,1530,13328,5950,4532,12544,405,173,4484,0,7669,5851,0,978,2987,1818,1306,0,2332,9534,6320,11895,24044,6256,2463,2413,9838,31173,2547,0,445,16033,0,0,5662,0,24921,1310,0,1568,437667,18175,0,41518,1714,14276,3814,0,4735,3026,1,25108
89,2128,1713,503,0,1367,2315,3065,2628,2044,16361,740,406,408,0,7261,0,979,492,313,17535,4846,691,2,897,3901,9232,549,909,3767,449,487,2862,0,3426,2276,12804,2359,2057,1638,442,0,3159,2095,879,1869,10432,5383,6318,347,5453,9465,5059,0,1355,2641,164,0,1128,0,15445,372,0,454,98890,9477,0,19795,1067,2101,3601,0,2418,1948,0,1968
90,17558,4706,0,0,4600,995,780,5810,1522,67194,11530,1789,3930,0,27673,1,10169,18009,6,2608,26182,390,0,203,2308,28784,2781,5953,15010,2877,2964,5306,0,10852,4531,0,420,5860,6252,2349,0,1730,13588,2593,12680,38639,6635,2,3,15912,31732,7069,0,4067,9543,0,0,13468,0,27795,1,0,0,270685,6816,0,24556,11584,9221,6518,0,11178,6674,0,13526
91,418,86,0,0,1,12,34,0,2,3345,283,0,3,0,103,0,0,60,0,167,29834,1569,0,973,7604,68920,7069,7912,30750,5587,3343,3792,1,8,3964,3,1,693,0,0,1,0,3739,742,1380,100,0,344,0,3427,3186,648,0,588,822,1,0,10,0,2332,1,0,0,884120,4012,0,388,6,4003,2537,0,19,44,0,128
92,27232,10310,0,5376,10957,1,2845,4573,3554,34137,6857,0,4680,0,18322,0,10303,268,0,4465,5497,187,457,246,970,20498,2844,3332,7993,1775,735,4352,0,4303,764,0,10074,3888,803,235,0,9895,11686,4507,15351,19529,4638,295,0,34105,16822,11991,0,7722,9421,1,0,14452,0,25140,4624,0,1517,171787,2294,0,28178,3395,9372,5794,0,805,3777,0,11416
93,3112,922,0,0,1471,981,41,1122,2232,9299,602,0,933,0,4410,0,910,1,24,7023,7613,746,874,561,3345,5947,0,913,4647,575,550,1655,0,1064,805,1,778,2578,358,136,0,916,873,1900,212,6093,1361,2551,592,5740,5590,1676,0,317,1613,0,0,2036,0,4394,41,0,0,24658,1617,0,1405,1578,1040,3286,0,800,12,0,347
94,277,518,0,81,37,641,794,329,672,1404,490,0,249,0,274,0,467,486,0,2,746,132,0,62,492,1228,63,302,851,45,93,448,0,182,294,105,132,107,0,467,0,2602,805,417,406,1242,512,1,257,2252,1548,385,0,315,1643,1,0,554,0,503,235,1,0,5730,1239,0,983,884,238,305,1,779,346,0,182
95,1118,579,0,1016,194,855,1351,710,893,2876,1,0,142,0,1733,0,207,0,1,0,876,100,0,254,896,1775,234,303,724,47,44,1464,0,369,670,248,4431,492,156,88,0,679,1025,632,1353,1677,346,632,163,1145,1163,167,0,249,1539,0,0,1992,0,999,92,0,0,98657,846,0,4037,1,670,348,0,1821,487,0,554
96,5202,969,0,112,634,2373,1440,566,2387,11084,2326,153,760,661,3616,0,1706,2493,927,3437,1524,489,1,249,1760,1748,47,535,2527,241,196,2073,7,1121,1159,2027,729,1573,354,1623,0,1256,1062,428,2015,3459,1306,3398,329,3678,7234,683,0,322,8114,0,0,405,3,3838,180,0,218,162011,4053,1,3337,1738,1776,2861,0,3668,713,0,2344
97,2331,1765,0,0,2,885,680,286,162,645,639,0,894,0,1096,0,189,692,0,264,1091,207,355,190,1186,1002,368,113,1649,0,138,1287,0,780,150,4382,180,373,179,999,0,2120,439,1507,492,166,326,1037,347,1552,2241,332,0,0,2113,0,0,2054,0,1330,300,0,0,62840,189,0,3574,1271,329,109,0,599,553,0,0
98,5207,3382,4,242,708,1415,2710,1661,1080,15892,1636,2,6,1,7515,1,471,2403,322,6501,8166,434,0,307,2637,8153,3,2951,5983,1693,532,3439,11,5580,4754,3329,1347,3031,7,132,1,649,4339,9310,2467,11682,1920,13905,1,4042,6150,1521,1,748,15048,5,1,1888,21,12923,1068,7,474,733922,6783,1,9622,2257,3084,2473,2,9163,1675,10,6241
99,24851,6210,0,1044,4457,0,1692,5809,3841,46844,3347,0,1857,0,12226,0,4286,21706,3,2,11405,861,2063,813,3012,24868,3618,3183,17101,2284,1714,1483,0,4802,10316,1,2293,4424,120,1935,0,4090,5125,3824,6298,13377,4259,2052,194,15775,20882,9395,0,3722,20097,0,0,2567,0,11217,1202,0,0,373611,8227,0,26356,3707,9551,5259,0,5411,832,0,12967
100,1659,0,0,0,6202,0,0,0,1,1,1,0,0,8692,0,6027,0,0,2631,0,50105,3203,7502,4097,20454,41000,21090,13036,39667,6036,4869,0,0,0,0,0,949,3689,0,26,14978,1,1,0,0,0,0,0,0,0,0,0,0,0,1649,0,0,0,0,3534,1335,0,0,31213,0,4789,0,0,12209,2759,0,0,0,0,0
101,9,2,0,0,0,0,1,0,0,0,390,0,0,531,0,1,0,1,0,0,12406,1835,2413,2400,6714,25255,1263,3953,11728,1135,1155,880,1,0,0,0,593,0,0,0,0,1,1,1,0,0,0,1,0,1,0,0,0,0,48,10,3,0,5,0,0,1,0,24447,0,0,1,0,1,2,3,0,0,1,0
102,21389,5938,22916,18103,9208,0,202,333,881,6117,7499,37920,20044,18539,0,25300,325,0,2566,2,19173,1967,0,1264,15020,41300,4583,10535,22687,3084,778,33030,228,0,0,0,52669,6175,999,8583,15738,2,3129,7455,0,0,5111,2,10191,1,0,0,20710,3953,46,75874,6400,3853,35419,0,2103,140298,63830,22147,1765,28361,0,0,0,2641,49448,0,71,20406,0
103,7,0,0,0,1,0,2,1,0,0,0,2,1,0,3,0,0,0,0,0,10658,3258,4726,3472,9551,19778,7634,2837,15421,0,2112,6,0,0,0,1,929,1,2,1,1832,1,3,1,0,0,0,0,0,1,0,0,0,1,5,2,0,1,2,0,0,0,2,28000,0,0,1,0,3,1,1,0,0,0,0
104,42,3,23,7,1804,0,12,17,22,1,215,690,19,1652,0,60,0,0,7,3,16952,2842,39,1268,16948,38977,5122,7711,22537,480,2462,20,5,0,0,7,667,8,5,1,3226,21,2,5,0,0,10,9,8,5,0,0,9,6,85,40,12,0,151,0,4,28,17,36064,3,9,1,0,0,4,59,0,7,10,0
105,5202,3393,21091,2037,8442,0,1241,3,907,7,2422,23773,15754,13830,0,27404,2,0,14366,3344,26500,1841,4447,2142,8012,40998,15,7040,17274,2387,2355,9211,1615,0,0,146,30456,4866,14124,9457,14347,5,5266,7048,0,0,4120,3912,6520,0,0,4,7100,7914,75718,65155,8030,241,60271,0,1902,184917,19834,244686,289,33956,2,0,1515,2491,16978,0,3827,7685,1874
106,22,0,1,0,861,0,2,2,3,1,354,1,0,737,0,1915,0,0,1,2,19163,2533,0,2002,10262,21914,421,7475,7490,184,1826,6,0,0,0,1,7,578,1713,2,860,1,1,318,0,0,0,2,0,0,0,0,1,1,6,0,0,0,1,1,1453,3,0,74297,2,1623,0,1,16,32,2217,6,0,341,0
107,13,1,1,0,14,0,1,2,3,2,452,0,0,1,1,0,0,0,0,1,22696,3220,2595,1708,15044,24538,8902,4748,14960,1574,2452,4,1,0,0,0,7,2,0,0,0,0,2,3,0,0,1,1,0,2,0,1,0,0,2,1,0,1,2,0,1914,0,1,14853,1,82,0,1,2,364,3,0,1,0,0
108,1,823,0,0,1,0,0,2,0,3,1,2,0,1184,0,3,0,0,0,0,20843,4065,1889,2439,16512,31893,2203,6615,23288,4798,1902,5,1,0,0,0,597,1,0,0,13,2,1,2,0,0,1537,1654,0,0,0,0,0,0,3,1,0,0,1,0,0,0,0,46046,0,1,0,0,0,0,0,1,0,1,0
109,3723,624,11927,1091,756,0,3226,1749,2,0,194,5915,1333,3507,0,11827,2,1,4837,1059,1767,219,241,252,1092,3776,0,926,1843,50,127,3868,6126,0,0,3458,9561,747,4410,3899,2877,1,7202,3453,0,0,2221,645,3060,0,0,0,13505,5265,4673,18831,3627,219,38061,0,2466,25821,6112,115320,1,5425,511,0,241,219,17535,0,323,12432,0
110,2,0,0,0,1235,0,0,0,1,0,2,0,0,1791,0,272,0,0,2849,1443,10754,2554,8023,2713,13974,29472,23,7140,35031,2147,5036,1,0,0,0,2,4435,1970,0,47,3919,0,326,2,0,0,1,0,1,0,0,0,0,0,546,5622,0,0,0,0,0,0,0,20594,0,0,0,0,3343,733,0,0,0,0,0
111,35981,5212,36941,15737,1,0,16332,7538,146,652,5651,41418,10655,12698,0,64350,0,0,13576,2,8164,1043,0,535,3112,7910,728,3540,6842,775,255,9128,17045,0,0,8705,59166,2478,14686,11317,6734,844,11598,6980,0,0,16935,12172,13232,0,0,0,32101,27418,37351,53283,12562,1541,303182,0,6116,18950,15706,894459,8550,11141,1551,0,616,2201,103997,1,6116,17528,876
112,38068,1549,22103,18760,26408,0,2550,1776,269,0,1393,77254,24904,13473,0,19418,57,0,23635,1419,21747,1473,1,954,11584,19919,1,6008,16064,693,3392,14141,3673,0,0,55632,85920,3873,24994,18720,14989,52,6536,5942,0,0,5355,13362,8364,0,0,0,16257,18904,98516,31343,3339,10792,106341,0,294,133636,50413,326836,2602,26580,0,0,7629,7790,46224,1,3828,21837,0
113,47,6,0,0,5139,0,2,3,0,1,1,2,24,14,0,2,0,0,0,4,15917,4537,1,5442,19643,40780,3781,13174,21070,3944,70,15,0,0,0,4,796,3,0,1,197,3,4,3,0,0,3,3,90,0,1,0,0,0,10,0,0,0,1,0,1,0,0,46954,1,1,1,0,1607,4,0,4,0,0,0
114,2,0,0,1,1240,0,1,0,0,0,299,0,0,156,0,0,0,0,0,1,6657,720,3,558,3632,11794,4542,550,5137,311,1018,75,0,0,0,1,1120,0,0,0,852,0,108,0,0,0,581,1,40,0,0,0,0,0,1,0,0,0,1,0,0,0,0,21594,0,0,0,0,0,0,0,0,0,1,0
115,19796,711,26734,3101,8400,0,5985,5144,5,337,1108,15543,5830,9934,0,35663,1541,0,2727,1029,6505,315,875,933,2438,7097,983,1119,3395,2273,656,5074,2633,0,0,1055,16512,2011,10372,7398,8626,1,2141,5406,0,0,3411,1385,4261,0,0,0,12112,6412,12540,35799,7895,3,123165,0,3361,66861,20413,332998,2451,9195,1679,0,7,1597,50544,0,5728,40246,0
116,34575,5818,10860,134,315,0,14936,4606,1,722,1854,1,18179,10856,0,49641,0,0,12406,0,3539,160,0,256,1093,3224,1768,579,1774,179,406,6398,3677,0,0,1,552,2207,2820,0,1092,0,4148,4376,0,0,2101,1,10203,0,0,0,17084,0,56190,59252,153,0,100799,0,8760,3757,241,639060,0,5289,572,0,2555,611,1829,518,28535,53138,0
117,6,4,2,0,5,1,0,1,0,2,4,0,1,1315,0,0,0,0,0,1,17705,5733,2156,1654,17354,27577,1730,8974,17988,3532,2720,6,0,0,0,1,23,4,0,561,0,1,4,2,1,0,1,1,0,0,0,1,0,0,8,4636,0,0,2,0,1,2,0,23742,0,4,1,0,2,2,0,0,1,194,0
118,311,2,0,0,1222,1,0,1,0,3,68,0,835,0,0,0,0,0,2,1,2621,164,526,77,1370,3747,279,358,3001,324,178,4,342,0,0,1,1,1,0,0,0,5,1,1,2,0,164,0,24,1,0,0,0,0,5,0,0,2,0,0,124,0,0,13778,0,0,0,0,355,2,0,1,1,0,0
119,5598,1895,11223,1223,610,0,2582,88,1,195,608,3366,2188,962,0,12380,0,0,1884,395,885,404,11,250,1516,2342,0,562,1930,383,268,2246,3924,0,0,3766,9967,1397,2470,5093,3364,1,4654,4107,0,0,1738,2082,2329,0,0,1,7057,3129,7048,14485,3924,2,36601,0,2314,17220,3093,187910,517,3183,0,0,672,772,13837,0,2770,12018,222
120,95,1,0,0,4,0,0,1,6,0,0,0,1,0,0,1,0,0,7,1,11480,2244,1171,785,8432,14187,3932,2844,13170,949,1850,2,0,0,0,1,777,1,1,0,2805,1,1,1,0,0,0,0,0,0,1,0,1,0,3,0,0,0,3,0,0,1,1,38510,0,0,0,0,519,177,3,0,2169,0,0
121,12539,983,25096,5393,4123,0,11394,2587,494,948,1543,21220,4497,8362,0,27050,0,0,7378,0,3884,468,764,396,3907,10324,669,968,6174,231,265,6146,8029,0,0,101,26106,1271,5646,11704,7594,1233,3549,6853,0,0,3699,66,6297,0,0,0,18593,8313,5427,27969,8508,947,99951,0,7008,33690,21856,155477,3036,14105,1943,0,20,1298,57370,0,5231,24383,0
122,6250,382,15097,4677,1119,0,8022,2508,304,268,815,2994,3285,5231,0,16269,0,0,2168,978,1562,381,263,456,1239,2347,0,251,2173,160,182,3165,5139,0,0,1000,16034,1260,7098,8856,6442,0,4221,3020,0,0,2969,493,4198,0,0,0,12516,8003,6035,18437,3719,407,54528,0,1401,34147,12605,253349,2896,9067,75,0,1430,648,24392,0,1054,12321,0
123,17531,8210,1103,0,15517,0,0,14456,0,1918,5940,0,2064,17093,0,919,0,0,2826,0,14890,1352,995,959,10758,31965,0,6413,11582,812,1762,1865,258,0,0,2,0,6056,100,20,8347,1,1751,6815,0,0,3036,0,4873,0,0,0,0,0,54,0,0,1,0,0,1005,0,0,14236,0,0,0,0,1,1892,0,6967,10127,0,0
124,3476,8996,5275,0,3,0,0,0,1,1,4239,1350,0,7118,0,6279,1,0,1,2,2,5,0,0,1587,8797,0,1,1560,0,0,2616,3,0,0,3068,10014,1,841,5922,1,1,12409,5894,0,0,0,1,1638,0,1,0,1,10286,13148,58,0,1,22576,1,1,9410,5441,217371,2,0,0,0,1,2462,7514,0,0,4,0
125,1149,321,3180,684,209,0,2174,1070,0,1,207,949,1565,1346,0,5762,1,0,944,371,1463,136,188,89,756,2683,515,767,1499,5,123,1262,1348,0,0,3246,3898,431,2015,1159,1310,2,2607,1015,0,0,838,1501,1273,1,0,1,2939,1853,4365,5942,1694,0,20044,0,430,2644,2438,68567,0,1966,17,0,14,206,8336,0,354,2302,0
126,349,97,1931,951,1,0,958,0,0,0,93,2848,3853,3575,0,81,0,0,354,1950,3017,214,0,60,230,2364,0,408,1298,420,244,3339,108,1,0,1255,3791,570,404,76,259,2,45,1030,0,1,1069,0,1925,0,0,3,2118,3396,33304,564,2461,0,13557,0,739,15346,2309,174305,0,1200,1,0,0,857,2216,0,841,20,0
127,192,5,22,1038,2,0,4,0,1,1,181,1701,7,2,0,69,0,0,0,0,99,2,0,11,127,134,18,19,354,11,118,9,380,0,0,0,1171,123,20,3,91,0,75,41,0,0,8,131,27,0,0,0,156,649,3633,394,257,0,299,0,0,0,0,7301,25,3,0,0,6,1061,157,0,0,50,2
128,21,17,0,0,0,0,1,3,0,1,1,0,1,1,0,0,0,0,1,4,20378,9553,13987,2987,32945,18360,0,10098,27504,1,3138,9,0,0,0,4,2,6,0,1,0,1,2,4,0,0,1,1,1,0,0,1,0,0,12,1,0,0,0,0,2,0,0,31623,0,0,0,0,1,3,1,0,0,0,0
129,41,155,0,0,1494,0,0,2,0,1,0,0,0,263,0,0,1,0,0,2,22203,2588,4395,702,10923,24881,5416,1138,13471,2243,3905,1,0,0,0,0,1772,60,0,0,2322,0,2,0,1,0,0,1,0,0,0,0,0,0,10,0,1,0,2,1,0,0,0,40396,0,0,0,0,4709,317,2,2,150,0,0
130,3738,145,7038,3330,1059,0,2259,1145,85,309,202,2981,3808,4186,1,7234,1,0,1302,4,2062,420,86,227,1578,3311,248,538,2426,136,154,3186,994,1,2,0,9089,991,3987,2523,2710,424,1877,2540,0,0,2691,96,2041,2,3,1,6667,4483,1565,13534,1515,0,28565,0,1707,32335,7836,66733,0,5909,218,0,2,1029,15170,0,778,2541,0
131,3454,833,11100,3495,198,0,4275,199,51,138,315,5468,3083,2214,0,11589,0,0,2855,0,1765,540,746,149,1849,3460,731,576,2249,200,411,1805,3996,0,0,1189,21708,975,4211,4598,6418,3,3806,3028,1,0,1747,401,4095,0,0,0,6495,6174,2329,19210,3798,411,42971,0,2044,4600,6119,148918,4630,3116,954,0,367,954,30124,2,1795,9483,0
132,139,2,0,0,57,0,0,0,183,460,17,0,0,533,0,1159,0,0,0,2,56,166,0,0,484,1859,0,1,206,742,302,778,0,0,0,2,1,549,0,2,1,0,689,1,0,0,2,0,0,0,0,1,0,0,7974,0,0,0,0,0,0,0,0,125106,1,0,0,0,953,317,0,32,0,0,0
133,12565,1704,16474,4154,376,0,3780,3552,131,251,355,7612,7034,5046,0,34067,1,0,4599,539,6226,482,2046,689,4117,7811,2345,1275,2246,1,545,7222,2279,0,0,1,24831,2234,10744,10083,5763,0,8118,4653,1,0,1905,1519,4139,0,0,0,13716,8633,19338,41950,8507,1828,53145,0,3573,38769,17714,103896,1910,20256,675,0,4,1411,35343,192,4042,13796,0
134,4,1,0,0,0,0,0,0,0,436,0,1,1,0,0,2,0,0,0,2,14067,1227,2037,207,6290,15294,22,3913,13954,2309,1392,2,0,0,0,0,4497,1,0,443,4,1,98,0,1,0,0,0,1,0,0,0,0,0,4,5926,861,0,1998,0,805,0,0,83354,0,1,0,0,104,0,0,0,0,1,0
135,4893,215,8975,1370,930,0,1758,578,0,141,465,3405,1298,2851,0,7898,0,0,2032,67,1695,75,632,173,639,2790,240,551,1657,172,139,1860,2415,0,0,887,10376,1061,1940,2803,1966,236,1732,2131,0,0,1371,474,1926,1,0,1,5742,2594,2818,13835,1890,260,30073,0,1197,6511,3944,109210,1506,3453,109,0,32,490,13920,0,1489,8487,0
136,31146,2834,58523,11400,946,0,21649,3307,0,1595,2939,32811,7891,14867,0,33819,0,0,7683,0,4048,783,582,659,3620,8977,528,2857,7153,138,490,9048,17610,0,0,1,45867,4289,10509,40487,13994,5,5372,6773,0,0,8742,1,10639,1,0,0,35494,10889,55297,39738,13122,345,195063,0,3811,77351,26449,1190560,13853,11971,2217,0,1142,3319,155868,1,4605,35917,0
137,2008,507,8432,1859,2027,0,1202,892,175,371,380,6613,2689,3530,0,10224,0,0,2031,1009,1478,118,17,269,1201,3646,0,514,1655,156,349,3504,1452,0,0,785,8842,879,2317,2553,3296,3,4110,3880,0,0,1470,235,2408,0,0,0,5539,2399,3714,8245,2079,143,38461,0,2612,19222,6649,86051,1210,4458,0,0,935,422,20980,0,1232,4777,0
138,1740,0,0,315,741,0,1401,95,0,0,0,383,0,800,1,1475,0,0,0,188,45,346,1,217,207,92,0,11,821,0,208,2422,7,0,0,7750,2975,0,114,100,0,0,34,14,0,0,0,11,0,0,0,0,0,213,6549,630,1106,2,8341,0,1133,14085,178,107097,0,2753,3,0,0,284,4072,0,0,1450,0
139,17905,930,30171,3352,1438,0,10167,6071,241,655,1801,14573,8180,15089,0,29273,152,0,4896,40,6005,572,604,339,2700,6691,630,1487,3014,27,272,5091,10449,0,0,26803,20255,3369,7639,14380,5589,2,5439,2277,0,0,3968,470,5719,0,0,0,22538,5193,11031,25779,6711,1407,83749,0,3593,86098,17319,368576,0,13572,2813,0,223,850,42922,0,8819,45026,0
140,5533,403,13799,1659,2094,0,3981,2476,242,67,771,7398,6296,6298,0,13868,203,0,1982,246,1955,235,0,138,929,3117,143,414,1217,281,118,3025,5267,0,0,1253,9694,539,1918,7912,4915,2,5091,3549,0,0,2204,1448,1983,0,0,0,5284,9377,4960,13486,4823,281,54085,0,2470,55925,5535,80759,0,6595,426,41,26,581,12953,0,538,6582,289
141,6,2,0,0,0,0,0,0,1,2,1,1,0,0,0,1,0,0,3,1,17942,4197,1668,524,13450,29515,3863,5452,24296,4845,5481,2,0,0,0,1,1053,3,0,2,1637,3,1,1,0,1,1,3,0,0,0,0,0,0,8,4,0,1,2,0,1,2,0,31139,0,1,0,0,2,1,1,0,4,1,1
142,6792,337,6139,1656,3438,0,2216,1111,3,139,325,7094,3985,3140,0,11722,9,0,1044,0,1958,763,376,443,2879,3436,1436,840,2762,343,0,1971,2146,0,0,0,13001,598,2270,5700,4611,175,2620,1130,0,0,1529,0,3347,0,0,0,3765,2895,8632,8218,3122,233,31714,0,1588,17393,6498,143961,2182,5141,348,0,3180,1178,13898,0,771,5209,0
143,125,0,3522,0,3188,0,1218,4332,1,1180,3443,0,0,5,0,1,1,0,1313,2,29182,4055,1565,5942,14338,56736,0,277,31415,0,1679,4,0,0,0,1,1,938,0,1,5150,3,1,12,0,0,3302,1,0,0,0,0,0,0,290,0,0,0,0,0,1,0,1,40685,0,0,0,0,0,484,0,0,0,0,0
144,2,2,0,0,1,0,0,1,0,0,0,0,0,0,0,0,2,0,0,0,7882,1155,0,868,4782,4501,0,2752,7835,46,772,7,0,0,0,0,425,1,0,0,2270,0,1,0,0,0,589,0,0,0,0,0,0,0,1,0,355,1,0,0,0,0,0,10344,0,9,0,0,0,1,0,0,0,0,0
145,848,159,3731,193,688,0,1357,128,0,62,60,2337,1524,1312,0,5083,1,1,651,2,841,192,149,149,749,1466,204,394,585,0,26,1067,1175,0,0,0,1986,252,1061,1489,1773,3,1168,885,0,0,337,0,877,0,0,0,2752,1440,1202,5141,602,177,22015,0,645,3586,1682,53961,0,1384,29,0,40,136,7950,0,229,2525,0
146,7573,955,15480,8793,1592,2,4306,1779,377,148,1090,6838,4839,1022,0,15166,0,0,2727,767,817,55,599,143,421,1995,3,147,1154,155,85,2457,5884,0,0,1064,22714,1019,3325,3390,6028,627,5242,4277,0,0,3133,596,6246,0,0,0,9410,2625,5324,15525,5001,1131,79357,39,1591,228,2111,252196,10051,2373,977,0,1258,1191,53842,0,5315,13148,0
147,33873,1018,30556,13096,65,0,5998,2710,199,970,1579,22163,4440,3001,0,34731,1,0,10110,2087,3383,663,697,370,2959,7531,511,1421,5557,328,1092,4600,10432,0,0,2860,44077,2428,7927,10888,7422,2,5055,7201,0,0,6929,5449,13965,0,0,1,16361,5388,36006,23071,12310,1,191286,0,4199,73,5722,910777,10667,4980,1275,250,226,4146,95135,0,7624,23386,0
148,1486,4504,0,0,6350,0,770,4723,7363,0,1916,905,1616,0,0,0,0,0,0,5529,8985,918,799,806,3576,15011,1382,1341,11190,1823,890,12451,0,0,0,1081,4846,7475,0,1561,1,11285,4251,4631,0,0,2552,3249,18,0,0,809,0,0,9186,0,0,10684,0,0,1302,0,615,310255,0,0,0,0,1,3835,0,6258,43,1,0
149,2367,515,3008,916,947,0,56,1,167,2,576,4934,587,750,0,6371,0,0,1275,0,713,116,1,475,1930,3211,0,825,1881,131,0,1221,299,0,0,0,3615,904,1661,1624,348,141,1122,954,0,0,1018,0,1713,0,0,0,489,4318,19087,3987,977,0,16157,0,743,41386,2416,291259,0,3574,0,0,0,15,3928,1,1234,2967,60
150,30364,2379,48777,9066,573,0,23594,2739,254,1585,3504,23144,9384,11137,0,33064,539,0,6181,3,4938,1233,503,419,4478,10067,1898,747,10141,36,459,7470,14459,0,0,905,39986,4946,11930,34000,7105,64,10950,13062,0,0,7467,690,10181,0,0,0,39347,14984,34814,46875,10355,1125,227440,0,7666,37571,19290,1125248,6869,13816,405,0,1,1005,147299,0,1908,29753,0
151,539,0,0,0,1359,0,0,705,162,0,240,0,1,496,0,0,0,1,0,0,6118,450,35,540,3016,8101,79,2072,4088,684,283,0,0,1,0,0,557,0,0,2,1726,0,613,0,1,0,0,0,0,0,0,0,0,0,17,5,0,19,0,50,1,0,0,22000,0,1,0,0,813,383,0,0,68,0,0
152,1576,427,4416,595,333,0,2007,601,0,131,55,2270,1256,1189,0,3883,0,0,2447,145,1031,91,12,161,726,1400,238,343,647,91,69,1409,1657,0,0,79,3553,199,1976,1234,2179,0,1155,752,0,1,900,109,1609,0,0,1,3262,1259,2519,4599,1076,174,17024,0,976,8067,1975,53548,475,1883,457,0,2,29,9192,1,906,4155,0
153,8039,622,3851,3098,1216,0,1258,615,106,149,469,4349,1313,395,0,2779,0,0,346,0,570,66,62,89,426,742,191,297,517,8,26,439,447,0,0,27,9032,1006,1255,1905,1215,8,851,728,0,0,1066,227,1080,0,0,0,2201,330,7969,5453,1331,0,11611,0,187,15,2116,182164,429,2628,42,0,260,747,11218,0,1869,4923,0
154,4140,767,0,0,2,784,0,64,373,33,1,0,1548,934,0,0,0,0,0,1123,901,908,0,775,965,362,0,1185,2683,412,586,11,0,0,0,4231,987,585,0,0,0,38,1136,0,2235,0,4,2180,0,0,0,1,0,0,10344,0,0,0,6,0,601,0,0,56307,0,85,0,0,0,336,2,1316,1,202,0
155,276,2,419,0,75,0,155,54,1,2,105,351,714,8,2,265,0,0,60,0,90,0,151,0,20,355,0,77,78,6,26,117,97,0,0,1,383,5,24,190,72,1,193,69,0,0,4,0,87,0,0,1,272,832,405,431,316,2,1368,1,211,3910,1003,18582,35,406,2,1,0,54,859,0,83,113,0
156,2466,0,746,416,358,0,538,1,0,0,0,1238,3686,3277,0,2912,2370,0,0,0,3592,632,0,79,878,1274,0,791,2538,0,283,3050,246,0,0,2947,2898,1586,756,1352,1616,503,479,494,0,0,524,0,0,0,0,1,2184,1805,15740,1810,1026,0,10718,0,968,5010,1043,147402,0,241,0,0,0,846,7869,0,1208,2976,0
157,43,10,0,0,7678,0,0,7,2,3,9,4,3,0,0,1,1,0,7,8,786,843,0,223,12406,7305,376,5,12497,893,8920,43,0,0,0,10,8,10,0,1,0,3,3,3,0,0,3,4,1,1,1,11,0,0,22,0,0,1,0,0,0,0,0,25675,1,0,1,1,2,1,0,5,0,0,0
158,15314,383,21277,866,2847,0,14045,1099,552,296,1475,13087,9896,6204,0,47523,0,0,7868,1,7389,1149,1236,813,6880,11800,1296,643,7382,5,848,5128,14891,0,0,6338,21053,1448,15134,12129,13316,3,8427,6000,1,0,3063,1004,3341,1,0,0,11259,15179,44287,29333,6324,44,143031,0,2959,70154,22159,730366,1027,16655,2276,0,261,2494,32297,0,2406,23637,0
159,22097,1577,33131,2820,3273,0,10707,1875,171,452,1174,10876,8563,9383,0,28600,25,0,6288,7661,6063,794,0,455,5190,12767,1,3145,5627,1734,249,2664,10389,0,0,55839,28131,2442,10744,9778,7503,890,1961,5425,0,0,2847,2020,5451,0,0,1,18667,8774,51636,33792,9461,1927,129854,1,8225,31746,9958,809377,83,14186,51,0,552,343,52483,0,9867,31611,0
160,6,2,0,0,4,3,0,2,1,16,2,1,0,0,11,1,2,0,0,9,21708,4058,0,1758,25216,9168,214,6096,18101,1,4407,14,0,2,1,8,1,1,2,0,0,3,1,1,0,5,5,3,4,0,4,2,0,1,3,0,0,6,0,7,0,0,1,16587,6,0,3,1,3,9,0,0,4,0,1
161,1616,0,8720,826,0,0,1966,496,47,132,568,3954,2939,4551,0,9316,0,0,2040,0,922,71,213,54,936,2523,146,398,719,52,65,1203,3380,0,0,0,5303,498,2277,4134,1393,0,2647,1541,0,0,1205,0,3536,0,0,0,5293,3334,5945,8588,1196,192,35300,0,1870,14304,4521,65611,213,5375,0,0,252,215,13670,0,1645,4302,0
162,7125,494,13124,2821,1022,0,5103,1319,181,242,500,16388,4229,3549,0,14696,0,0,2354,0,1737,469,1,216,1558,3998,0,849,1076,89,259,5266,5964,0,0,0,14754,532,8463,10657,5653,2,2316,2939,2,0,2175,380,4632,1,0,0,7947,4901,2945,13142,3797,0,73882,0,1951,11129,10011,94894,3422,6573,591,0,361,1075,57709,0,1189,3529,0
163,12943,2495,22670,922,657,0,7431,5,0,53,400,9342,4369,5306,0,23118,0,0,5174,1,4033,419,752,330,2179,11705,2346,864,4502,156,386,4270,6355,0,0,1000,10332,727,7885,9353,4125,11,1997,1987,1,0,3021,293,3120,0,0,0,13538,5911,8499,17199,4552,1,82578,362,2424,15875,7659,158269,0,9444,726,0,1,279,28747,1,4214,21804,0
164,10359,771,38867,9975,0,0,6848,3217,1603,1150,1825,35699,11954,15947,0,32401,0,94,28526,168,14884,657,1,228,7109,17082,2435,4253,7640,601,1223,18062,5293,0,0,3,42888,4737,18999,15089,14073,0,2361,7315,0,0,6895,3528,9124,0,0,0,18120,16775,34849,45295,3391,3894,123589,0,5589,142360,39065,196693,0,19392,1332,0,2,1853,107739,0,3488,24391,0
165,9764,1052,15193,1213,349,0,8402,1586,200,969,775,13303,3670,8215,0,18125,0,0,4420,738,3070,204,753,142,1478,4122,417,855,2848,594,183,3889,6322,0,0,240,11066,475,5790,12385,4083,508,4087,3610,0,0,4285,41,5590,0,0,0,13498,7390,7664,23309,5394,474,57012,0,2619,20373,12718,228305,1239,5740,451,0,460,90,54266,0,2744,18642,0
166,1,325,0,0,0,0,0,1,0,470,102,0,0,0,0,0,0,0,158,0,2891,208,0,408,1365,6404,1771,1462,2998,5,185,324,0,0,0,3,244,122,0,0,0,3,0,1,0,0,2,0,0,0,0,0,0,0,0,0,0,0,0,0,0,0,0,7880,0,0,0,0,0,1,0,0,1,41,0
167,8625,936,19130,8777,129,0,4636,2128,0,469,653,6667,4370,349,0,16886,138,0,5622,239,708,45,199,95,611,545,209,284,1004,135,110,2445,4724,0,0,484,21597,982,3866,3709,3204,1,4371,4810,0,0,3194,595,5350,0,0,0,17630,2289,3394,25462,6628,106,76801,0,1553,0,4198,180816,9288,4364,909,0,263,1343,62242,37,6941,19328,158
168,578,0,0,0,50763,0,1,4694,0,2,3123,0,0,5341,0,0,0,0,1,0,19619,585,0,3600,9526,34666,1,7190,16326,2574,1371,2557,0,0,0,0,2,0,0,657,3644,3,0,0,0,0,2816,0,0,0,0,1,0,1,2,0,0,0,0,0,7784,0,0,21960,3547,0,0,43,15715,0,2,0,0,0,0
169,3123,711,5047,693,137,0,1752,486,21,117,266,2301,1349,1537,0,4807,89,0,1315,444,1599,89,109,139,975,1925,4,782,1070,117,107,1867,1847,0,0,1512,6100,542,2266,4015,1174,373,1923,812,0,0,619,264,746,1,0,0,2551,1946,3282,10688,932,2,18742,0,629,11328,2632,102686,888,2373,83,0,186,223,12475,0,1074,4423,0
170,1815,54,680,300,52,2,524,292,0,46,55,1405,619,355,0,1674,7,0,1074,292,1289,101,43,63,719,1875,171,189,620,175,44,612,209,0,0,2987,2666,178,926,212,575,0,388,295,0,0,313,194,162,0,0,0,820,556,3280,3329,264,54,4850,0,20,2415,2200,32397,85,1510,105,0,0,292,1295,0,156,1532,0
171,3352,253,12411,2884,143,0,6330,1560,90,219,734,6356,2966,4206,0,10194,0,0,2231,0,1538,150,149,111,700,2499,398,951,2074,23,23,3571,2797,0,0,1,11379,684,3871,5033,5108,147,3238,3337,0,0,3887,0,4350,0,0,0,9037,2803,5825,10672,3925,0,44007,0,2254,18408,6299,125438,3893,3960,613,0,1,614,40266,0,462,6347,2
172,2534,528,8412,929,469,0,3156,1618,2,362,142,9636,5753,4097,0,17850,8,1,2507,0,4467,349,587,441,2803,4804,868,790,3517,154,168,3763,4574,0,0,1,12625,1015,6305,4536,4190,2,3600,4000,0,0,2383,5,3205,0,0,1,4815,7981,2375,14863,1715,1057,77229,0,2815,6592,10086,136605,3754,5935,1006,0,242,1254,28381,0,2646,7151,0
173,52,7,0,0,4921,0,0,601,616,21,292,2,764,390,0,1,0,0,381,0,6839,503,0,976,4173,5080,426,1156,5377,210,263,10,0,0,1,0,1010,532,0,659,6107,387,250,4,0,0,537,0,407,0,0,0,0,1,7,0,0,2,7,145,814,4,0,41804,13,407,0,0,2139,713,2706,0,2,0,0
174,2039,84,2871,449,106,0,1301,77,0,88,169,1847,650,485,1,2875,0,0,595,1,320,63,134,50,234,677,97,179,440,27,62,484,1284,0,0,0,2665,139,1238,924,736,0,789,793,0,0,588,0,581,1,0,1,1781,894,1282,3221,897,16,12813,0,303,616,981,24759,572,643,68,0,41,89,5584,6,191,1655,0
175,10785,1629,19116,396,0,0,7181,3024,154,614,875,1775,5034,5193,0,22329,42,0,5593,1236,7102,1013,1031,1186,4050,9388,1600,3000,4988,231,1183,4239,13228,0,0,29699,18407,1901,6169,8971,5639,0,4267,2982,0,0,4169,4361,4425,0,0,0,17105,9424,7760,26521,3946,354,53376,0,4460,16787,5340,114190,0,7042,0,0,1,673,28570,0,834,15698,0
176,1833,435,4020,578,154,0,1122,752,46,199,81,5533,1193,1532,0,5799,0,0,2057,219,1501,162,1,152,1205,1502,315,301,1381,240,162,2683,350,0,0,4652,4287,336,1958,1653,2119,214,1992,1108,0,0,286,306,1290,1,1,0,4285,2345,2162,8332,950,98,15122,0,1492,8690,4554,46320,542,4487,273,142,2,322,8797,0,345,3126,0
177,257,0,0,0,14,0,2,1,0,0,2471,0,0,1,6,0,2,0,28,2,25995,1996,2016,2822,13206,35758,4077,7564,28423,1369,4949,2389,0,1,0,2,1763,4195,0,0,0,3,0,0,3,0,4,3,2,3,2,0,0,0,821,0,0,0,0,1,42,0,0,158534,2,0,0,1,23,2,0,0,1,0,0
178,4826,1,1253,4031,1,0,462,405,1,2,1191,13029,5394,4056,0,6556,1,0,95,0,3691,943,0,1405,2842,7648,32,1980,7727,0,320,3692,632,0,0,1179,12728,2531,5173,8911,2458,2,7840,93,0,0,4894,514,0,1,0,1,1351,4920,24832,8298,3819,2024,32387,1,269,37208,3901,519654,0,7384,0,0,2219,2514,33269,40,1342,16586,0
179,13894,1024,19259,2425,6103,0,10375,5012,169,1171,1405,10280,7707,11582,0,23939,0,0,3947,4250,2779,659,332,196,1638,6040,1907,1406,3879,745,119,2979,8518,0,0,6391,14510,1941,6365,16374,7027,0,6351,2405,0,0,3890,13,5760,0,0,0,20326,5165,10217,21091,2787,266,78524,0,3228,40831,9343,190450,1249,8170,721,0,0,382,63425,0,1528,23088,0
180,1835,1,5547,1283,843,0,2189,483,1,97,389,5042,1858,1932,0,4807,1,0,1977,571,1176,144,0,166,916,1442,141,353,1148,169,95,1417,2167,0,0,523,5351,561,2112,3000,2917,7,1497,2135,0,0,1226,161,2007,0,0,0,5142,2249,2126,6694,1593,27,34575,0,1656,11125,3437,48990,1262,1663,292,0,285,441,17063,0,190,1064,10
181,1860,89,9654,788,352,0,1722,311,76,111,444,1587,1118,2151,0,7209,1,0,904,0,1737,101,479,221,869,2530,210,261,1745,60,124,2181,1670,0,0,1,5253,263,1801,1733,708,0,2390,2017,0,0,1270,0,1249,0,0,0,3185,2960,1991,6877,1840,169,31498,0,1218,21573,2488,118572,748,2964,750,0,13,358,12573,1,558,5996,1
182,8204,180,28282,804,5980,0,15351,3571,1,581,1023,12600,6974,12598,0,23818,0,0,3725,855,5657,964,1765,995,7111,10265,2026,3870,7352,327,1436,4334,10050,1,0,5125,20974,1920,14366,35354,7344,1,4639,5030,0,1,8519,33,7516,1,3,5,17769,8128,52072,21391,6495,2038,119593,0,1796,60246,7721,739281,1,11608,1414,0,59,1465,33830,0,732,7340,0
183,792,154,1340,170,251,0,391,108,113,2,31,465,284,284,0,1376,0,0,40,26,3187,551,751,269,2760,4916,85,873,5434,18,469,289,284,0,0,15,1552,57,343,217,160,229,437,250,0,9,100,2,106,9,0,3,829,525,744,3146,708,30,5378,0,174,1741,619,44336,191,546,26,0,2,103,1852,5,168,1087,37
184,5542,1,13,1974,6,0,213,32,0,0,266,4162,498,394,0,292,1,3,150,0,2555,336,734,572,1958,2836,1,2726,1351,284,172,43,404,0,0,34,10841,251,330,442,375,0,584,264,0,0,335,111,162,0,0,0,6,3375,10937,1382,919,588,12679,0,0,791,3759,123233,398,1104,0,0,1,548,1995,0,399,948,0
185,12394,5648,820,4750,3499,0,1,281,2,0,2630,42545,3817,8664,0,6650,0,0,8268,1,9943,1151,0,1644,9817,15388,0,9322,11629,202,2580,2,5597,0,0,11,45549,3699,8081,7677,1804,0,4558,3,0,0,7136,0,0,0,0,1,6733,10970,65169,22557,11628,0,69741,0,5999,103146,19815,1149271,4151,20322,0,0,2,221,19376,0,853,13102,0
186,30782,3772,37188,5630,434,0,15582,3988,0,901,2061,28421,7060,8849,0,25443,0,0,2566,0,5560,410,2,458,2371,8870,2107,1908,2210,1529,393,9141,13781,0,0,3,34282,3489,9728,23552,9248,0,4880,5962,0,0,6946,1416,7538,0,0,0,16188,9757,13203,37993,7811,983,182474,0,5723,28336,23127,337349,7662,11621,467,0,0,2095,90852,0,5701,26865,0
187,2199,128,3123,2063,235,0,391,295,1,94,293,8390,1014,1360,0,5834,0,0,1116,0,1671,165,319,93,773,1768,175,194,1119,178,116,2796,833,0,0,2,5374,738,2043,914,2222,1,999,725,1,0,861,16,719,0,0,0,1709,1505,611,11275,1670,60,28777,0,1,6363,4143,4744,825,2427,88,0,93,328,5873,0,742,1365,0
188,9824,857,42074,1796,3733,0,18070,545,192,8,2538,19321,10458,15510,0,39100,552,0,12797,2,4456,1508,0,894,4254,6009,167,3525,11097,729,1511,10884,15706,0,1,965,31357,2694,14158,15109,7204,1,5271,7452,0,0,7347,1,9950,0,0,1,9076,21404,30457,37805,8044,1,157467,0,2721,39333,18962,855288,1747,24367,52,1,125,3126,45290,3,4938,15777,0
189,14,2,0,0,2,0,0,2,0,0,2,0,1,0,0,1,0,0,0,1,25788,2338,3958,1746,14162,35128,3844,7363,19633,2928,1064,1,0,0,0,1,15,2,0,0,0,6,2,0,0,0,1,0,0,0,0,0,0,0,4,0,1,0,2,0,2,0,0,22189,0,0,0,0,0,2,0,0,2,0,0
190,25340,1430,35668,2494,2583,0,16803,4378,15,1393,2769,10378,23702,11413,0,40722,1,0,8615,4,5364,1293,1758,1499,5321,6423,55,3248,6401,1554,1048,5582,12990,0,0,946,29976,2640,7148,19595,6479,1,4866,6443,0,1,6878,331,8803,1,0,1,13806,29323,111003,39623,14812,0,169540,0,8569,74181,16459,1017878,1,14888,1010,3882,0,2784,40297,1,5608,29544,0
191,23319,2731,40371,16833,697,0,10458,5055,92,781,2305,9742,9162,5089,0,37323,0,0,6662,354,2338,323,0,318,2074,3030,235,1338,2217,236,154,7400,7992,0,0,23,33410,3096,9201,11876,6328,0,5410,5444,0,0,6625,1091,9253,0,0,0,37361,5048,13645,51005,16597,811,136765,0,5309,0,7102,179710,12538,5208,1844,0,679,3337,197386,0,8928,32081,0
192,2,0,0,0,103,0,0,10,0,0,6,0,0,151,0,0,0,0,0,0,2737,552,248,807,2313,5591,1699,1456,4698,879,364,1,0,0,0,1,0,281,0,0,451,1,6,274,0,0,42,1,27,1,0,0,0,0,164,0,0,0,0,0,9,0,0,35767,1,6,0,0,1,1,256,0,1,3,0
193,79719,776,13106,25008,3979,0,7030,3796,279,585,2367,19817,4825,16437,0,6979,2,0,56,0,15108,1352,546,1112,4769,10296,2093,3053,8710,1047,1783,3233,4065,0,0,1,73889,8223,3671,18430,10074,0,15747,1041,0,0,6337,0,3690,1,0,0,17083,8256,51716,13875,27132,0,56128,0,1334,67522,24234,841984,1291,13162,249,0,1951,4598,36366,0,5506,32119,0
194,21303,1425,27454,4166,4111,0,2055,5462,0,1446,4269,16850,16957,8692,0,19342,0,0,36258,15017,12677,392,0,1229,7230,22396,0,437,5372,691,606,14430,3112,0,0,54141,50952,4892,6400,10613,9065,0,15831,4060,0,1,11677,5977,12312,0,0,0,37075,4162,77144,69630,6280,4149,93894,0,2632,111766,25205,195830,0,22678,373,0,1094,1864,44487,0,8732,31201,44
195,6869,301,16393,2030,2279,0,6298,561,45,366,668,7845,2826,3934,1,16295,0,0,2151,162,1471,100,0,93,700,1890,2,31,1468,56,105,2822,4217,2,0,6,14011,906,3294,7173,4882,4,2815,3159,0,0,2727,2,4216,0,0,1,10198,2555,3594,15195,3955,280,57609,0,1252,23929,9099,129313,2255,5523,288,0,1,774,40800,0,646,7632,0
196,15866,1070,27663,3962,2166,0,5049,2739,0,463,286,9080,4715,6860,0,13670,0,0,5007,389,2918,373,950,428,1930,3939,576,389,2576,276,108,6592,6369,0,0,4730,13675,790,8575,7091,7545,1,3129,2759,0,0,3079,4129,5287,1,0,0,19346,4582,13409,22121,4084,0,71433,0,3819,45269,6787,220732,0,7362,538,0,1018,711,42724,170,4958,26587,0
197,13,2,0,0,1,0,0,2,0,0,1,0,1,1,0,0,1,0,0,3,36310,2189,5340,4717,28165,870,0,6577,12665,389,5408,4,0,0,0,9,0,0,0,0,0,1,2,1,2,0,3,4,1,0,0,1,0,0,20,0,0,1,0,0,1,0,0,28235,1,0,1,0,2,1,2,4,1,0,0
198,3,0,0,0,1,0,0,0,2,0,0,1,2,0,0,0,0,4,1,0,10724,4340,0,453,26199,25553,114,9137,34074,0,0,8,1,0,0,3,589,6,0,0,0,0,1,5,1,1,5,0,1,0,0,0,0,0,4,30780,3237,0,0,0,4,0,0,25316,0,0,0,0,40,2,0,0,1,0,0
199,36688,4927,13237,16510,2,0,5796,10229,0,0,1,22764,11878,6980,0,342,0,0,7230,1,7938,2695,1,1665,19188,16808,93,4262,4957,969,3082,214,2020,0,0,1,88216,4851,665,43534,21322,2,21870,7891,1,0,11224,3,8363,0,0,0,2817,13680,60705,38378,16621,0,146725,1,5914,38801,42522,1788550,128,9041,0,0,0,10905,73823,0,7926,11303,0
