,0,1,2,3,4,5,6,7,8,9,10,11,12,13,14,15,16,17,18,19,20,21,22,23,24,25,26,27,28,29,30,31,32,33,34,35,36,37,38,39,40,41,42,43,44,45,46,47,48,49,50,51,52,53,54,55,56,57,58,59,60,61,62,63,64,65,66
0,1174,36,55,173,36,0,5,13,566,490,1547,41,336,0,2,251,70,403,183,14,17,305,700,475,178,438,89,15,240,207,248,489,10,88,26,18,57,127,502,88,487,203,114,2,1592,3190,330,1128,0,0,1317,44,5674,0,60,49,143,227,0,0,0,566,3283,146,13,167,65
1,2029,1164,452,1740,2054,1,184,270,732,6035,450,262,2032,1,0,4146,53,674,1614,30,3506,994,585,1106,462,1298,1761,1361,594,3254,198,561,152,528,531,1045,1170,155,1939,1155,612,4113,969,2786,1757,5839,834,4060,149,0,800,4055,110161,0,3571,82,7832,1737,0,0,0,1671,880,1746,739,477,1157
2,284,0,24,159,120,0,0,2,115,1087,182,0,32,0,1,1051,74,0,0,0,0,1373,1025,2277,403,1279,226,9,20,2,42,290,1,42,76,132,207,0,388,91,51,677,151,0,266,616,0,175,1,0,706,91,1972,0,216,159,52,107,0,0,0,140,641,218,0,119,117
3,1204,0,125,199,277,1,347,0,1239,5582,835,0,1330,0,0,3833,292,678,948,59,1,2679,3110,4705,404,3580,188,261,652,2,202,690,37,1201,7,96,0,22,904,27,324,1318,1670,462,4284,4003,1060,2056,1,0,188,1446,86807,0,374,0,1736,882,0,0,0,485,1099,36,339,138,801
4,4075,4112,1,402,7,1,543,2173,626,15587,2806,411,1895,0,1,1896,410,3628,4628,168,2470,5891,5373,5431,1883,5457,1796,3246,551,2,1364,525,1298,1792,2209,3079,363,1,2112,2722,8376,8562,2609,488,16986,17139,2900,13449,39,0,1524,16020,119606,0,1694,904,21808,6930,0,0,0,3585,2408,2594,1420,918,9584
5,3270,4057,965,1466,3221,0,566,47,1628,15102,1667,393,589,0,301,7849,225,1565,7516,6,1125,5019,2480,6768,1594,4508,3144,4508,2221,7063,473,1690,478,990,1594,3393,980,2132,1982,2870,2229,7679,3940,11237,5844,9610,2795,6257,0,0,1,10696,459992,0,2378,0,6070,2716,0,0,0,3034,1240,2593,3626,1942,3282
6,11760,4721,2200,381,8170,0,12,2575,6070,22847,1546,1034,0,0,2,10443,485,1841,0,1,2050,8389,3879,20996,1855,5258,6055,3238,1718,0,11609,3553,2435,1320,1476,10200,2759,696,8131,1802,6049,32300,1072,0,12810,8247,3662,13745,122,0,5423,11314,527318,0,4038,0,22694,1192,0,0,1,8776,6418,4729,2292,1643,3127
7,784,214,195,7,190,0,44,75,774,4310,975,0,177,0,57,1060,125,127,69,0,11,2810,1162,2921,1123,1475,710,627,376,1,3,425,7,13,261,372,107,1,183,106,413,1917,468,0,1739,1659,460,4,62,0,334,1109,3754,0,194,66,173,135,0,0,0,589,2240,566,412,203,46
8,5327,3059,3792,2325,4223,0,1129,1998,8422,21160,5923,732,3969,0,95,17271,1297,6182,4485,1090,5677,2405,1611,2447,940,2272,5090,7938,3209,1377,4634,5171,3344,2444,3345,21908,3563,561,5122,965,8468,2940,5007,4823,20063,37618,11198,21613,402,0,5472,13166,45088,0,4640,568,23748,6165,0,0,0,7225,2928,6398,994,2407,4820
9,28792,22743,229,1609,1393,0,1013,4566,8934,10250,11002,2512,6573,0,9235,5608,1151,7442,565,0,6340,11740,3101,10586,3379,8026,3401,5377,3138,4211,1371,2261,1618,5462,2743,13304,2080,392,6057,2375,3198,2182,6505,1383,40724,37926,8985,16866,716,0,4324,7937,351589,0,1915,3171,3098,15969,0,0,0,4467,3117,6294,6514,1866,1322
10,6999,1931,1,623,1061,0,385,292,726,18761,1156,785,1068,0,4,2504,421,1519,5132,0,68,6617,3788,11965,1686,4586,2992,3498,2138,0,518,1436,445,1267,926,1887,781,273,2338,1225,3387,6820,1383,475,5461,12469,1669,6649,0,0,2213,5922,24397,0,5050,5,8129,4261,0,0,0,2844,2537,2149,1963,595,4069
11,7323,2808,2267,3756,3453,0,1990,0,384,18955,5536,2311,2523,0,390,16536,1608,1590,5889,2,1903,20836,5139,17996,4528,16756,7111,0,3869,19027,1719,217,1206,1812,1362,5231,2175,910,5688,8436,4713,16484,2379,9687,4443,9917,3292,12403,7,0,4323,12158,559542,0,6404,0,13373,6400,0,0,0,4156,4007,10076,1,2748,7699
12,1699,168,225,343,2479,1,0,362,2695,3976,942,3,343,0,0,5286,278,527,146,130,1125,1901,933,5097,797,2558,1540,2579,3002,4654,454,1380,224,217,690,4132,511,277,343,262,1736,5566,1404,74,4733,9165,1667,3000,0,0,818,3737,139340,0,1529,0,2581,1999,0,0,0,4520,1186,1497,361,371,1561
13,1198,516,0,729,143,0,32,1,496,2460,638,171,75,0,0,1527,24,143,26,68,7,2439,1784,3506,977,2258,574,352,308,0,59,339,290,405,181,282,1,0,430,413,537,1376,248,21,2611,2163,5,2872,0,0,1340,1196,36871,0,217,142,496,502,0,0,0,157,1241,521,104,171,256
14,9090,1232,812,515,1185,0,1150,1383,4017,12893,928,828,1012,0,0,10243,1266,644,0,168,1849,3852,2441,6471,1204,3010,5740,3057,3423,2629,6075,1258,441,1058,1758,8113,1012,71,4328,1468,3073,11104,2704,5145,15905,13404,4799,4759,0,0,648,9559,104351,0,3571,656,10538,183,0,53,0,3727,3975,4541,80,735,2258
15,55,128,1,71,38,0,1,2,493,434,392,175,12,0,0,402,0,0,11,0,40,1158,1778,2828,896,1779,129,326,746,1,318,77,0,15,75,58,123,23,315,163,0,179,50,0,160,903,92,40,0,0,218,251,3140,0,18,2,499,178,1,0,0,417,819,210,73,112,15
16,2040,49,1,563,415,0,0,41,623,1806,673,37,729,0,0,1120,215,217,19,141,411,2511,1672,4341,1395,2134,584,177,252,1647,321,368,93,94,126,458,130,126,309,349,101,1153,260,166,292,1428,183,3469,1,0,552,1103,67146,0,214,0,419,320,0,0,0,3,1107,586,208,173,0
17,14,289,103,295,132,0,1,213,598,1511,496,253,20,0,69,454,119,443,124,0,38,1971,1677,2622,706,1802,91,0,88,152,89,412,0,179,5,1120,110,227,289,129,509,247,117,0,2064,1248,525,5,150,0,799,1367,5628,0,293,113,236,78,0,0,0,866,335,1091,71,327,30
18,508,25,2,740,36,0,44,58,669,1301,1048,240,41,0,1,1291,295,387,33,58,15,1850,1487,1472,285,1453,51,90,515,0,161,267,160,102,76,702,72,50,37,136,612,677,107,0,1578,3079,478,3429,1,0,135,332,3823,0,328,46,485,349,1,0,0,386,1158,385,254,147,132
19,3429,558,0,391,1044,0,141,394,494,3597,522,1,358,0,1,1158,148,729,892,227,133,984,766,1682,311,595,633,487,693,1076,363,257,294,235,291,885,380,123,1378,742,538,3741,313,574,1512,2929,588,2530,58,0,278,1986,49079,1,952,123,4298,322,0,0,0,738,579,906,307,127,3174
20,459,1495,50,1455,115,0,17,229,375,1463,493,117,478,0,0,2112,32,337,123,89,1075,1911,583,1734,559,1212,424,148,294,5533,172,269,81,127,36,309,252,98,100,350,468,858,606,889,537,2448,192,3343,23,0,1916,808,18425,0,74,67,633,115,0,0,0,1042,992,1323,126,262,172
21,6042,2976,134,3156,621,0,82,405,420,4747,1828,217,1167,0,58,1929,246,2138,300,47,1103,1095,717,2146,186,1129,1399,2353,997,4151,299,303,219,513,466,1887,327,212,1178,499,1541,1656,893,281,4325,7818,709,1013,0,0,375,2087,104684,0,3962,0,3707,1840,0,0,0,1153,571,3266,2313,115,494
22,949,479,193,1234,564,0,371,231,167,2679,142,1,1298,0,130,1344,67,791,803,95,1812,882,1489,2386,583,1734,372,262,928,4443,134,541,0,84,310,643,642,233,655,1304,798,1734,634,1116,565,3290,334,949,190,0,413,1918,33677,0,990,0,3065,611,0,0,0,974,275,1297,387,238,1203
23,1857,112,570,1294,445,0,100,479,915,2163,742,3,898,0,0,2375,35,535,247,115,270,1934,1553,1816,528,1199,877,722,531,0,466,288,236,241,171,1452,175,0,685,267,588,636,157,195,3119,5163,357,2955,0,0,517,2145,14239,0,323,144,1632,378,0,0,0,1435,1015,298,511,212,194
24,2873,513,32,1083,1031,0,275,141,510,8328,1644,1,1269,0,0,4446,79,1080,2697,4,548,3206,1865,6602,857,3059,931,1284,2225,283,64,78,306,540,239,416,616,31,904,451,1532,4854,878,806,2135,2522,1146,3183,0,0,874,2591,99025,0,521,0,2819,1663,0,0,0,1542,1023,1920,1209,408,596
25,1933,1300,392,0,900,0,1914,986,957,15132,1146,396,880,0,0,5186,21,490,0,251,1505,4521,2545,9670,2807,5840,206,1959,625,1200,654,1662,316,318,248,1206,612,201,1277,1795,1185,5285,3118,2350,4141,5366,1609,9259,0,0,315,5455,70809,0,5263,0,2441,1440,0,0,0,111,1035,5,395,327,2200
26,394,10,0,0,9,0,0,165,530,1059,615,69,107,0,0,429,33,135,0,1,2,1623,981,1343,244,1626,190,290,117,1,16,250,108,91,67,231,26,2,127,244,114,594,207,1,1047,1065,181,20,4,0,66,165,2135,0,110,35,344,143,0,0,0,437,1075,42,49,87,45
27,11060,1815,313,2304,2428,0,523,2099,1606,24007,3007,691,737,0,576,13059,189,3038,2132,838,16367,3980,3849,8713,1061,6597,4942,3156,4219,1487,716,4606,162,1363,1910,1505,1761,834,697,2602,3673,6446,4886,23709,9703,16245,3911,6143,10,0,331,14879,135838,0,4360,0,6773,1108,0,401,0,3536,2620,7109,1817,1683,3100
28,14724,6380,326,0,381,0,2,4071,3154,32274,6368,2219,8778,0,648,18216,2057,8630,671,3,192,15431,6450,29071,2733,12612,4386,7775,5717,1,4079,2452,3081,5792,1499,14339,3296,0,9060,4531,7044,27946,992,0,25893,34665,5917,5817,0,0,1909,29158,153368,0,5889,1216,13825,6343,0,0,0,9669,7183,3460,4470,2779,16327
29,3048,2623,0,1150,48,1,134,331,769,2256,89,478,1239,0,0,1825,124,1639,286,82,1568,2521,1179,4654,876,1728,717,583,956,3276,691,892,216,104,988,1448,808,104,959,335,977,1813,219,1214,2268,3654,213,5331,1,0,2468,3478,52446,0,80,63,627,642,0,0,0,1779,643,2706,1137,267,8
30,405,2,104,0,0,0,1,4,401,361,429,12,0,0,3,1,95,204,362,490,0,4022,3369,6151,605,3256,76,0,0,1,263,40,149,334,9,0,1,115,38,26,459,0,224,1,0,3,26,4508,122,0,11,51,12827,0,4,89,1,0,0,0,0,1322,295,124,119,205,767
31,418,38,0,3,63,0,0,1,103,1012,1,1,179,0,0,1567,0,0,40,0,2,2949,3902,4969,1123,5257,14,5,320,0,0,8,1,2,0,2,0,32,0,427,172,64,1,0,401,1215,1,259,320,0,343,331,42482,0,523,0,632,180,0,0,0,68,901,891,81,134,713
32,419,2,0,1475,5,0,0,0,320,761,381,115,478,1,0,413,0,0,50,2,1589,2947,1610,2559,395,2534,234,41,684,1784,128,726,0,325,0,19,285,208,229,236,193,417,1,635,339,399,95,8669,0,0,1673,555,38104,1,199,1,1408,9,0,0,0,430,983,522,31,223,377
33,28064,16012,1815,25925,188,0,974,8745,7365,63652,15836,0,15343,0,1,35505,1598,9643,2707,4591,35199,10259,9826,10784,3990,8843,19340,11868,2002,19563,2941,12390,3501,5566,8800,23841,8939,677,5125,11032,17674,25617,5057,7995,7142,24257,7878,18158,0,0,21905,36986,124769,0,7312,3605,9468,18725,0,0,0,5223,11415,22440,2165,8509,14732
34,2757,548,0,615,40,0,79,625,596,3631,623,120,351,0,0,2621,321,398,152,261,138,2189,1857,3047,546,1471,416,600,453,4,316,441,73,146,968,622,44,73,932,339,348,944,571,103,750,3468,612,4384,146,0,172,902,22619,0,80,60,479,850,1,0,0,1312,1730,1523,640,152,612
35,1230,676,0,304,320,0,80,373,696,2535,1337,184,801,0,0,1590,51,772,0,1,16,2547,1699,3278,420,1868,980,259,282,3181,108,379,1,295,0,1875,754,443,323,89,215,722,391,199,836,1036,514,1399,2,0,802,450,13418,0,308,227,969,379,0,0,0,718,739,831,125,723,223
36,3700,12,0,168,570,0,0,1561,1795,4634,2150,5,1,0,0,2905,0,1090,3055,70,3818,2640,2081,3070,1044,950,1442,0,553,2237,2,676,1,0,1,3223,518,0,2,2,0,187,1,220,0,6545,1156,7527,1,0,0,2516,292991,0,288,0,0,1476,0,0,0,0,690,1066,76,338,0
37,508,14,226,37,391,0,1,303,88,1060,262,82,182,0,0,644,94,51,43,0,30,3008,928,2525,837,1646,1,0,592,1014,162,168,0,2,154,0,58,0,205,4,84,379,0,343,114,304,0,1045,0,0,79,2,84559,0,151,17,132,0,0,0,0,0,254,11,0,216,99
38,9726,2321,0,9271,1952,0,27,2047,2877,4808,2378,2,512,0,195,10378,633,2612,5269,2,15624,9266,7968,11538,3776,7526,4440,14,5962,19355,664,2903,5,829,672,882,763,688,1527,1055,2631,9374,924,13659,924,9266,1252,11817,0,0,743,6627,898749,0,5367,0,9509,2178,0,0,0,5123,3080,6758,2,1965,1028
39,3818,2739,125,999,322,0,26,113,383,3169,372,188,1322,0,0,788,0,913,1204,0,3749,2076,1015,1148,447,1808,626,0,1113,9119,134,345,41,541,151,587,726,188,768,434,104,167,167,2806,917,1263,27,889,0,0,340,580,41546,0,239,186,3354,620,0,0,0,469,144,1053,159,184,769
40,5981,748,765,586,2905,0,0,1947,2672,21684,2404,30,27,0,0,5222,1023,0,3229,2160,3,9207,5138,13456,2310,6667,4105,1300,1417,1,1909,1122,2,1881,886,3,381,4,4219,183,2008,17950,59,26,4012,6137,3611,9825,0,0,497,4669,346675,0,2483,0,5052,311,0,0,0,2979,4126,7800,1313,591,9
41,2900,4449,769,0,1296,0,971,469,1946,16023,1214,630,2399,0,0,7637,262,3949,0,1,0,6562,2284,9711,1088,4597,3889,3967,463,0,3357,1648,411,1132,316,4413,852,280,2119,6,3815,17337,3401,125,11863,4990,4166,6458,0,0,2760,12670,104875,0,3230,319,19588,543,0,0,0,9419,3838,990,1256,884,8939
42,14351,3339,2616,147,3892,0,1706,4603,2995,25986,3349,764,3003,0,0,19162,426,8773,19087,3,3602,11169,4645,15321,1375,11804,3849,0,3794,5819,2972,2607,1,2229,3665,4129,1378,1884,7102,6746,2819,10928,3200,14661,18073,16601,6038,8401,0,0,7477,9375,773808,0,9508,0,16632,6627,0,0,0,25,2022,2008,0,2244,5850
43,2958,2221,3827,1789,35,0,1450,1282,3351,37912,6846,227,4932,0,0,3629,1081,6572,12397,1,582,9369,3040,28338,2054,15387,8460,3576,5061,0,1950,2544,1243,1973,1375,5039,1891,1,8176,5676,3041,22531,5073,363,10148,27316,9360,11714,0,0,9785,18973,318130,0,22308,59,21560,2122,0,0,0,6028,5597,8588,1170,1502,4957
44,229,248,1,476,9,0,91,2,364,253,657,144,18,0,0,183,73,125,16,1,80,1624,798,2292,737,1806,443,250,211,1,141,254,29,346,92,220,0,55,113,166,201,232,241,0,1482,2369,135,40,0,0,15,206,3940,0,241,80,313,311,0,0,0,294,510,2,251,35,30
45,7204,3639,1549,1681,7031,0,1178,139,3378,10321,4278,32,4166,0,0,8304,312,5754,2085,646,2016,6095,4357,11438,3254,4940,2774,4439,1272,6575,1669,1387,1594,2164,2188,6557,2276,78,1894,1889,2714,1462,4948,11307,17123,19176,7173,9404,647,0,2823,14601,33845,0,4200,0,14623,7407,0,0,0,5310,2232,6098,3325,1549,797
46,11994,4071,361,3136,2233,0,2784,10446,6057,76684,14268,60,9097,0,1,28165,1339,18205,12136,3,1653,11988,5307,21001,8799,11900,7521,5123,5835,5909,5829,4650,1008,5449,6630,9328,2837,2356,12299,7169,9069,31405,6411,1426,49626,59592,7318,13915,0,0,7462,30228,256181,0,17322,0,31959,8900,0,0,0,4650,8821,16560,5431,2763,19123
47,945,79,99,655,21,0,335,271,441,5882,629,364,610,0,161,2719,133,787,530,0,116,3071,1808,4583,1175,2914,600,680,690,79,222,655,14,329,511,1219,124,344,1161,553,1202,1671,436,162,2213,4619,1558,4093,0,0,1008,1501,44636,0,87,1,1085,499,0,0,0,1431,2188,390,174,912,680
48,276,21,23,25,71,0,46,0,214,531,104,12,47,0,26,176,0,35,0,15,135,1652,1120,1216,351,1206,55,132,209,0,40,26,13,31,68,41,82,2,280,54,58,233,55,9,459,208,244,840,24,0,23,152,3423,0,1,3,162,29,0,0,0,291,722,343,32,73,205
49,8693,558,429,665,1329,0,763,1,2413,25202,7213,1178,1359,0,1,9323,985,1143,1046,1199,1,7664,4930,8343,861,8120,1718,422,1589,1,810,1420,955,946,235,2315,1076,831,1256,1428,3439,14290,3468,2,6358,15531,3048,8764,0,0,604,3985,154343,0,2686,1004,1054,2737,0,0,0,6292,12167,6015,2730,741,3039
50,465,356,199,0,4,0,399,716,768,4129,510,296,4,0,0,1917,177,604,0,0,316,3094,1859,3167,1633,4369,1663,249,207,439,550,441,72,283,217,339,168,0,742,278,70,2213,887,91,2489,3564,493,5,220,0,408,1618,6897,58,583,129,188,598,0,0,0,1057,3143,162,1,527,128
51,639,428,160,185,0,0,0,280,613,3487,1247,0,360,0,0,2204,108,381,161,295,295,2328,1948,2902,317,2224,254,634,140,521,89,210,171,177,0,956,209,206,401,441,960,1675,444,110,2277,5246,469,136,1,0,157,1461,13104,0,403,0,209,592,0,0,0,1101,1865,553,13,468,845
52,402,243,250,970,55,0,1,443,203,3911,416,0,269,0,61,809,140,403,189,79,228,1300,571,986,511,1410,710,306,26,0,133,313,67,84,138,548,271,0,377,76,199,0,303,1,1073,2099,266,1345,0,0,257,2685,3438,0,368,0,497,412,0,0,0,740,681,843,414,48,199
53,1925,69,0,19,182,0,1456,38,2786,5842,2572,262,603,0,2,2105,221,1263,22,1,618,27,405,723,9,817,1373,44,477,350,0,682,0,171,9,1997,172,0,1298,835,855,178,748,585,7829,7642,565,17155,0,0,1006,238,60567,0,1820,32,1404,2335,0,0,0,899,1275,3516,84,1142,0
54,1041,87,648,0,0,0,281,466,34,138,252,70,0,0,0,0,114,342,0,367,0,2276,1865,2402,754,1973,447,253,0,1,24,176,234,122,39,0,213,69,258,18,558,0,1208,0,0,0,0,2232,510,2,0,20,4452,0,1,157,0,0,0,0,0,536,746,145,111,209,0
55,2664,957,207,790,2092,0,214,1207,1694,12849,1690,3,1197,0,0,4096,168,1134,1578,572,201,1803,1139,2913,638,2267,435,923,1212,3,754,1034,310,1149,459,2740,345,358,1319,873,2520,1395,1052,156,10736,15041,991,2435,292,0,361,5787,30867,0,2641,11,9203,1021,0,0,0,3007,968,1882,345,197,2895
56,3611,1284,129,117,140,0,73,453,414,7871,1366,214,1327,0,0,2832,432,2176,1183,1,1725,1359,1581,3496,302,1565,1647,1407,827,947,530,1434,75,873,401,1977,774,114,1919,584,678,4064,1,1972,3274,5477,615,1745,0,0,793,4715,87688,0,3009,367,4055,849,0,0,0,986,1572,1440,1932,279,2441
57,6688,2365,1381,1534,3654,0,920,655,6384,27704,1372,100,2517,0,0,13174,614,1823,454,1358,12416,3873,2596,5331,378,3034,5496,3896,1894,16127,2133,3564,587,1597,1958,9349,1525,90,1044,1736,3639,11684,5168,8866,8381,10795,5410,3852,120,0,2002,14015,165441,0,5043,346,23348,1071,0,0,0,3477,4316,2639,692,1656,3533
58,16277,5073,2054,953,1656,0,1467,1270,1249,16966,3698,767,1607,0,0,8740,899,2812,17006,0,822,6713,3658,9586,1624,5195,1410,3490,3098,0,1964,2822,853,3818,1570,4259,1084,842,6353,1495,2902,12803,820,173,12452,23360,2939,21488,0,0,2278,13404,101438,0,6167,379,14937,3521,0,72,0,5998,2783,5877,223,891,7503
59,13177,4309,1,2331,5559,0,2846,3155,3185,9866,2932,925,3761,0,0,17043,450,3116,19386,232,11419,11634,3329,12793,1709,9356,9204,5918,7408,33498,3128,1886,2,1838,2494,4957,1338,255,6361,2089,3405,11499,4726,8750,20187,31688,3730,10823,0,0,3181,19780,790968,0,9671,49,14007,4923,0,0,0,9574,3988,5759,1931,1752,10550
60,16810,4839,277,2091,1692,0,25,1442,3763,22660,5491,1,1592,0,0,15956,534,3957,48,204,0,11235,5428,27530,1548,15707,4170,5456,33,1,3370,653,2662,4358,3128,8304,15,1,3563,4176,6047,17213,6798,309,19445,33727,3767,8184,862,0,7115,17167,394936,0,8353,651,20730,7815,0,0,0,6901,4467,3749,1128,2215,6775
61,774,438,0,515,273,0,0,230,488,3660,487,0,309,0,0,2502,277,901,38,1,224,1840,1751,2198,571,1339,319,940,234,15,204,427,13,110,617,907,1,0,102,48,368,1912,108,9,1465,2847,369,2858,0,0,1074,4256,14963,0,446,107,771,651,0,0,0,459,1298,1466,470,215,164
62,9588,2533,1152,2807,878,0,215,381,3304,13220,4708,7,2084,0,209,7503,471,2117,1150,896,2119,1809,1277,2149,672,1922,1514,2397,2329,479,674,1399,471,1067,1407,4024,635,362,2653,966,3087,4476,1374,125,8131,14877,1028,7216,255,0,1845,6441,156648,0,1509,355,4358,3669,0,0,0,6727,4222,5228,1486,989,2366
63,353,97,2,157,272,0,1,126,227,1817,505,0,103,0,0,1120,112,78,587,7,82,1260,1438,2339,608,1901,174,135,118,0,477,123,184,1,240,362,391,0,437,61,331,927,305,60,305,1535,190,638,0,3,713,1215,12240,0,228,0,781,426,0,0,0,710,374,1294,0,166,312
64,801,120,138,228,47,0,33,142,1210,3982,615,71,198,0,0,1311,123,125,5,47,109,1574,1338,2036,277,1246,168,222,128,383,152,224,0,175,245,1063,247,10,757,315,149,1875,293,105,1604,1953,637,2417,135,0,326,2321,7158,0,66,0,157,148,0,0,0,341,734,289,1,276,157
65,1139,285,0,821,265,0,106,95,255,2211,977,2,661,0,0,1721,25,777,1,12,1554,1092,681,2584,436,942,464,305,187,2287,103,301,239,253,117,1322,499,105,275,113,147,1017,225,1547,1574,1789,319,2333,0,0,225,2328,61110,0,193,38,819,874,0,0,0,228,300,1275,462,213,401
66,1431,815,363,1194,386,0,19,405,276,6508,717,4,270,0,0,2221,36,685,225,140,177,2162,1065,1740,977,1659,619,573,1051,0,162,226,0,190,178,546,191,139,1530,76,1253,2726,109,125,1178,2195,272,823,0,0,320,2197,19662,1,1005,25,1288,679,0,0,0,672,880,394,1363,168,965
67,29973,3841,2918,5413,716,222,1236,266,1266,23679,6270,1325,4957,0,0,32286,1301,11426,95,0,2,25149,2459,71042,6567,31569,5180,0,7,1,1,3934,0,2,94,3797,50,5477,2578,472,14752,16376,1702,0,9414,32279,8700,2947,0,0,1478,10444,256041,0,2037,1655,786,4041,0,0,0,21631,6609,7735,3518,1919,7879
68,1167,2251,0,3279,457,0,450,1,5837,9851,3565,109,844,0,189,4908,146,39,122,56,594,3387,2683,1394,3,2491,80,35,1561,379,1221,2017,0,1,760,20,1,1020,2328,0,670,5719,2142,742,4115,11603,1075,20183,0,0,1591,1279,59585,0,2120,885,3822,0,0,1,0,1335,3210,4650,85,527,0
69,5149,366,419,0,700,0,70,0,1603,16530,2970,1,1353,0,218,4216,459,6655,1104,0,0,21739,8477,33794,7896,28829,13,22,656,1,0,73,2,251,5433,1560,22,0,0,1190,4659,2726,1575,0,6855,12565,211,1369,0,0,2157,2001,138903,0,682,0,83,7,0,0,0,3398,3536,3441,0,1330,904
70,4175,4577,870,141,13,1,1306,1901,4422,16406,2580,0,7344,0,819,11680,1155,2432,7266,0,5457,5417,3902,11179,2199,9476,2568,2052,4237,1,1748,2883,24,6053,3812,3153,1657,521,6927,1480,6457,12094,9386,1,12190,15023,1876,10768,130,0,3555,13580,149545,0,865,554,15425,2414,0,0,0,6592,1715,5888,4186,1738,5885
71,25155,19061,529,13427,5123,0,636,1800,1656,9349,4869,960,9274,0,1792,2756,785,6874,587,1,19040,8697,3794,18622,441,9198,2329,4060,4100,39924,3062,4586,558,2810,4480,6933,3815,3906,13038,3558,5517,4483,5025,9291,13903,11359,3182,11477,95,0,8170,10436,400505,0,1219,232,2286,10184,0,0,0,1650,2636,7845,2743,3026,40
72,3870,1889,334,1665,229,0,42,1794,1820,21503,2647,12,1575,0,0,5837,495,3243,1595,437,1637,2269,1308,3988,889,1703,1960,2457,1040,130,855,1323,687,706,2416,1918,1125,438,1910,1557,1453,7845,2204,914,7119,9033,1704,7149,247,0,1288,10418,109680,0,3498,166,4374,1133,0,0,0,3623,2059,5383,437,678,2686
73,2348,4169,387,1704,41,0,140,608,1218,1833,1357,82,759,0,10,2265,4,850,94,213,1388,1809,1157,2093,429,1626,1744,795,57,0,558,149,0,422,1740,1924,250,165,1305,263,1119,929,1329,1,5126,8664,901,2439,1,0,515,1552,10449,0,440,2,1282,1060,0,0,0,1552,651,2413,469,342,613
74,3940,390,208,2621,928,0,261,928,2276,11510,3009,272,1106,0,0,4818,489,1842,1011,345,2823,2743,1494,3826,609,2113,1691,1778,2899,1006,332,1501,178,1431,1666,3264,829,377,2642,816,2457,2775,1215,187,6257,6687,1895,4362,0,0,1986,3906,139760,0,2854,8,4691,3116,0,0,0,2693,1286,4465,1144,867,2020
75,7983,4561,1796,4559,6086,0,1389,2593,4323,29717,3715,679,4527,0,393,8648,488,4466,3968,705,12662,3991,2034,4631,191,3461,3391,3189,4969,4419,2433,2898,1765,1863,2905,12746,2077,1319,4283,3032,5416,12911,4633,11627,19376,30763,4634,9514,975,0,2537,30172,70011,0,12225,299,25509,7013,0,0,0,4786,3395,7238,2193,1683,5425
76,5336,2045,616,18,1718,0,309,1644,2067,2428,1556,197,765,0,0,3356,147,1184,789,289,2518,1823,972,2359,959,1280,3678,2707,375,846,457,751,501,1400,1701,2843,1643,636,1600,851,1572,1800,831,6660,5682,6715,1413,6677,0,0,1661,3488,164658,0,349,95,7213,2387,0,0,0,2949,1675,1196,664,687,3302
77,652,1306,348,1667,481,0,1108,957,1469,15375,1342,29,1,0,0,7595,814,1885,27820,0,699,8013,3197,11602,3057,8082,1471,1349,2279,2,306,0,1,1429,763,2559,832,476,1668,681,2818,7657,1332,0,6343,7133,2370,11478,680,0,916,9605,128527,0,2343,548,8939,1797,1,0,0,4158,2998,4922,7,884,5080
78,8279,6276,970,4479,3309,3,218,2243,1321,19388,2111,929,3816,2,377,7989,474,2124,2930,1049,8978,5033,3052,4916,1448,3707,7861,3107,4812,8871,2015,2141,335,1036,1330,4322,4501,666,1086,4927,4284,7348,2781,18833,5219,9077,1689,5172,283,0,3341,18830,138482,1,9941,186,12546,4478,8,4,5,2957,3136,4007,703,1282,653
79,23974,8776,74,2946,2984,0,1092,4465,3999,22162,3672,0,5600,0,0,13683,3248,5505,2507,0,0,19972,1696,23132,1904,13189,6037,7288,3711,0,2876,4904,1585,3858,2105,11168,907,2,2582,8693,2781,9618,657,0,43842,22425,7714,5230,1308,0,7592,24524,462097,0,9659,41,10234,3182,0,0,0,5117,6947,2398,7761,3160,13201
80,24173,11172,1876,374,7651,0,0,6713,2629,33809,7443,1,7955,0,14,7970,426,5432,10289,0,21917,26840,961,29865,6728,13368,10662,0,5849,26402,5162,6573,1686,22,5076,5355,4420,572,6331,8886,4275,7180,10487,22571,6136,6900,2687,9418,0,0,3565,35524,900866,0,4336,0,6277,5111,0,0,0,6320,3446,10971,0,3046,9975
81,7054,5609,1371,532,4079,0,1573,1818,6863,46283,5482,1110,4035,0,0,22771,1111,6442,7089,36,1822,9187,5465,9435,3184,5275,8272,6590,5212,5383,4948,1727,804,2233,2137,6701,2383,860,4193,2009,4541,16198,5078,16434,16953,33661,9837,3537,772,0,3100,31444,193264,0,11992,92,41938,7197,0,0,0,10476,4014,2215,814,1723,8262
82,14205,4769,1743,1576,3265,0,12,6345,3155,27731,5117,1,6771,0,0,18121,393,4991,8241,91,14544,5617,2762,9026,4417,4896,3959,5681,5152,22622,4313,2920,2225,4351,1504,4515,2215,2001,7403,5480,7730,9334,4462,23234,10284,15712,3127,12127,0,0,4535,18515,222843,0,8026,924,10589,1534,0,0,0,11198,7698,10124,36,2554,7975
83,9559,3269,1206,2269,2964,17,363,1461,4426,12469,1180,603,3041,0,0,6649,771,1826,178,940,7080,2283,1453,4608,644,2015,3812,2925,2232,15580,1310,4206,1235,1384,2204,7690,3172,153,2079,2964,3742,9170,2714,5374,15495,14604,3251,6789,150,0,3306,12919,187028,0,5919,533,8054,3524,0,0,2681,5877,3920,3879,2690,2036,1489
84,4502,1706,0,2965,879,0,0,0,4210,7059,520,28,942,1,56,1538,759,664,1600,1,269,1960,2588,563,1998,4478,1620,2244,961,1028,1382,652,402,1,1110,2783,1554,0,4718,1754,1654,2725,2411,814,3150,4764,1228,10628,0,0,1164,146,256065,0,224,0,476,534,1,85,0,2447,1155,3379,1266,630,1923
85,1074,967,400,109,588,0,247,246,1720,17049,1978,0,1001,0,0,4008,216,1592,1387,135,896,1647,1044,2731,699,1403,1021,538,1229,1,304,423,179,601,586,1812,314,263,874,281,1796,2446,987,49,6029,7779,1470,2650,0,0,956,4030,8556,0,4709,219,3452,1799,0,0,0,1258,1559,2337,763,335,669
86,3112,2321,728,1433,1605,0,67,590,1393,12212,1856,108,1641,0,0,5834,247,1667,550,76,1962,1365,1206,2281,863,2052,1134,2149,2885,385,817,705,20,870,549,1696,923,122,2561,1448,1393,4563,960,2605,5067,6971,2046,3025,1,0,738,4507,157373,0,1864,117,5909,1072,0,0,0,2543,2078,1151,1807,597,1760
87,6643,2043,882,669,1669,0,0,2862,4079,9725,1992,979,434,0,0,11397,169,2022,0,1,44,4465,2576,10587,1781,4818,4251,1289,1141,2,7295,1761,1463,821,933,5093,1319,1033,3772,0,3936,7024,393,1030,12318,7715,4904,5636,195,0,2401,2350,688649,0,1139,58,6052,1387,0,0,0,2690,3791,2322,676,648,2564
88,15624,5062,956,2601,3098,0,2103,805,530,58698,5862,988,6168,0,0,14665,819,8526,44794,68,5830,13354,1530,13328,4532,12544,4484,7669,5851,0,978,2987,4069,2538,3756,2332,1282,745,9534,6320,11895,24044,6256,2463,9838,31173,2547,16033,0,0,5662,24921,437667,0,18175,6,41518,1714,0,0,0,14276,3814,4735,3026,3218,25108
89,2128,1713,423,2315,3065,0,39,2628,2044,16361,740,5,1018,0,0,7261,99,979,492,313,17535,4846,3901,9232,909,3767,2862,3426,2276,12804,2359,2057,232,616,944,3159,1128,2,2095,879,1869,10432,5383,6318,5453,9465,5059,2641,493,0,1128,15445,98890,0,9477,956,19795,1067,0,0,0,2101,3601,2418,1948,809,1968
90,17558,4706,1184,995,780,0,5049,5810,1522,67194,11530,0,6581,0,0,27673,483,10169,18009,6,2608,26182,2308,28784,5953,15010,5306,10852,4531,0,420,5860,2371,4989,2430,1730,5,3,13588,2593,12680,38639,6635,2,15912,31732,7069,9543,0,0,13468,27795,270685,0,6816,867,24556,11584,0,0,0,9221,6518,11178,6674,1988,13526
91,418,86,1,12,34,0,258,0,2,3345,283,1,1,0,0,103,412,0,60,0,167,29834,7604,68920,7912,30750,3792,8,3964,3,1,693,2,12,0,0,831,25,3739,742,1380,100,0,344,3427,3186,648,822,995,1,10,2332,884120,0,4012,1,388,6,0,0,0,4003,2537,19,44,0,128
92,27232,10310,1,1,2845,0,2217,4573,3554,34137,6857,713,5924,0,0,18322,360,10303,268,0,4465,5497,970,20498,3332,7993,4352,4303,764,0,10074,3888,1178,4562,3141,9895,2322,2886,11686,4507,15351,19529,4638,295,34105,16822,11991,9421,0,0,14452,25140,171787,0,2294,1438,28178,3395,0,0,0,9372,5794,805,3777,2669,11416
93,3112,922,304,981,41,0,8,1122,2232,9299,602,1,393,0,0,4410,411,910,1,24,7023,7613,3345,5947,913,4647,1655,1064,805,1,778,2578,379,748,1177,916,261,1582,873,1900,212,6093,1361,2551,5740,5590,1676,1613,0,0,2036,4394,24658,3,1617,137,1405,1578,0,0,0,1040,3286,800,12,760,347
94,277,518,0,641,794,0,72,329,672,1404,490,41,282,0,0,274,10,467,486,0,2,746,492,1228,302,851,448,182,294,105,132,107,1,351,523,2602,232,17,805,417,406,1242,512,1,2252,1548,385,1643,0,0,554,503,5730,0,1239,80,983,884,0,0,0,238,305,779,346,149,182
95,1118,579,432,855,1351,0,214,710,893,2876,1,81,165,0,0,1733,108,207,0,1,0,876,896,1775,303,724,1464,369,670,248,4431,492,314,181,242,679,572,38,1025,632,1353,1677,346,632,1145,1163,167,1539,68,0,1992,999,98657,0,846,78,4037,1,0,0,0,670,348,1821,487,171,554
96,5202,969,124,2373,1440,0,313,566,2387,11084,2326,95,852,0,661,3616,149,1706,2493,927,3437,1524,1760,1748,535,2527,2073,1121,1159,2027,729,1573,76,1360,883,1256,1057,286,1062,428,2015,3459,1306,3398,3678,7234,683,8114,0,1,405,3838,162011,0,4053,335,3337,1738,0,0,0,1776,2861,3668,713,841,2344
97,2331,1765,50,885,680,0,4,286,162,645,639,267,785,0,0,1096,0,189,692,0,264,1091,1186,1002,113,1649,1287,780,150,4382,180,373,1,287,46,2120,806,240,439,1507,492,166,326,1037,1552,2241,332,2113,0,0,2054,1330,62840,0,189,197,3574,1271,0,0,0,329,109,599,553,148,0
98,5207,3382,609,1415,2710,0,1,1661,1080,15892,1636,0,4299,0,1,7515,623,471,2403,322,6501,8166,2637,8153,2951,5983,3439,5580,4754,3329,1347,3031,2,743,244,649,4013,1899,4339,9310,2467,11682,1920,13905,4042,6150,1521,15048,0,0,1888,12923,733922,0,6783,391,9622,2257,0,0,0,3084,2473,9163,1675,2321,6241
99,24851,6210,95,0,1692,0,4,5809,3841,46844,3347,844,3716,0,0,12226,625,4286,21706,3,2,11405,3012,24868,3183,17101,1483,4802,10316,1,2293,4424,2605,1597,5027,4090,2257,810,5125,3824,6298,13377,4259,2052,15775,20882,9395,20097,0,0,2567,11217,373611,0,8227,653,26356,3707,0,0,0,9551,5259,5411,832,247,12967
100,1165,1043,3215,0,2377,3391,2383,3459,0,805,2459,1895,0,1461,6480,0,1052,143,0,5147,207,3562,1810,6548,589,2320,1680,0,0,376,287,106,4535,923,1880,165,2181,2000,3026,1588,0,0,2802,0,0,0,49,4501,2171,1445,0,188,21890,2553,0,1481,0,277,1052,1306,3826,0,161,379,1175,1414,145
101,5988,712,3332,0,2263,5206,603,14311,207,40,5741,2917,1356,2648,6367,0,5696,0,0,187,1,9713,5349,14980,3859,8512,533,0,0,1525,1413,1120,8179,4249,2656,1666,2899,5892,5810,5033,0,0,5829,0,1,0,1,25208,9183,2148,0,2,316502,9502,1,2443,1,668,3793,4784,4117,0,202,482,88,4671,0
102,520,0,863,0,5,0,1129,1606,0,232,522,1180,0,346,2186,0,472,0,0,191,0,1553,865,2933,786,1662,350,0,0,0,109,51,568,235,156,1,346,499,406,746,0,0,466,0,0,0,0,2162,393,273,0,183,32490,1147,0,151,0,206,0,1347,0,641,56,0,213,107,0
103,1049,562,2638,1,1004,1679,340,4869,36,168,740,946,213,408,2108,6,899,1,1,1813,422,1384,811,1822,701,1153,540,4,0,603,332,250,1881,436,819,38,928,938,482,1186,0,4,1075,143,2,4,130,2293,1176,1478,1,6,16530,1398,1,877,2,1,511,602,897,2,68,513,477,306,5
104,5996,1881,8024,0,7850,6779,7275,15832,264,2086,6978,3667,326,4479,10454,1,4585,0,0,10537,1,2437,1873,4912,1226,3958,1007,0,0,20,990,870,6920,3733,5016,82,980,5949,3355,4725,0,0,4739,257,0,1,157,25385,6253,10026,0,0,358869,4110,1,2534,0,0,4044,6957,15123,0,293,1338,2412,3201,0
105,2729,740,6721,0,5100,2939,526,5334,1,746,2299,1466,0,2079,4644,0,2075,0,0,849,2,2990,2127,4610,969,2490,1833,0,0,896,447,106,4435,1301,753,657,874,3859,2457,2767,0,0,1522,1,1,0,219,9022,3564,1683,1,0,287482,4764,0,1482,0,0,341,3488,3293,0,286,1,129,1238,0
106,4628,592,8172,0,3333,4783,698,3470,0,823,3396,3717,0,1785,4191,0,5803,1,0,8091,0,5621,5180,9674,2023,7124,1309,0,0,451,1892,1165,3736,2252,2590,0,3785,2789,5898,2146,0,0,1664,1,0,0,776,34451,5020,6537,0,0,48087,4165,0,973,0,0,1540,13751,3071,2,965,1294,70,2908,0
107,6992,276,12536,0,3861,16998,4003,17050,158,3,6600,2650,1056,5763,24498,0,13272,0,0,58,854,13084,5108,25242,1991,12547,2357,0,0,6,2642,2772,7321,4162,2070,26,1270,7673,7237,10115,0,0,5561,1480,1,0,61,10634,8208,4184,1,1,193087,8780,0,3693,0,311,6304,4842,5976,0,336,0,9386,2853,2869
108,211,48,1742,0,1358,655,0,309,1,82,2375,123,417,67,587,0,521,0,0,557,0,277,679,610,0,350,7,0,0,1,580,1,1151,0,14,463,2158,276,1435,951,0,0,966,48,0,0,0,3724,1226,1281,0,0,35211,1538,0,558,0,0,1286,109,2639,1,2,0,326,219,1
109,1706,259,2095,0,1441,3550,1425,4057,110,489,1895,2039,1,821,4614,0,1733,1,0,1799,4,1742,1139,4021,936,1928,1480,0,0,5,447,126,2499,1200,641,0,620,1917,1963,1687,0,0,1734,0,0,0,28,5057,3545,1600,0,0,60206,2883,0,800,231,414,2755,3184,1303,0,152,114,697,941,0
110,1635,636,3557,0,1005,2438,1532,4811,8,203,2853,2609,0,2166,4852,0,2649,0,0,5016,15,2211,2390,2817,589,2410,394,0,0,382,548,522,3484,930,1477,402,1138,1338,1633,1637,0,0,2805,114,0,0,114,6577,3808,1299,204,0,22926,4238,0,1640,0,345,2082,2666,2726,0,461,393,625,1778,0
111,4,0,762,0,696,0,337,1728,0,289,1290,1464,0,739,4024,0,235,0,0,0,0,2489,2159,4735,678,2386,583,1,0,41,656,1,999,579,93,0,748,1585,1236,2220,0,0,237,2,0,0,364,9039,797,18,0,0,41260,2311,0,701,0,42,0,5024,266,1,40,1,571,439,0
112,1349,0,2891,1,2027,1638,870,3241,86,404,1193,1207,0,666,2461,0,3331,0,0,780,0,1794,1186,3309,331,2838,481,0,0,117,466,789,2693,596,569,674,223,817,157,724,1,0,1546,0,0,0,67,4642,2079,604,0,0,38153,2312,0,999,0,375,2603,1794,1309,1,115,16,1453,924,0
113,1344,699,6711,0,2640,2046,2100,4346,0,1033,1278,2812,485,4587,8375,0,1083,0,0,1307,403,3366,2689,4864,1639,2940,1413,0,0,33,313,203,2374,1562,965,1596,2485,2784,2095,3130,1,0,2061,256,0,0,0,4794,2527,5051,0,0,12015,3167,0,1322,0,0,1819,5255,2154,0,50,765,755,1048,0
114,238,151,1696,0,195,1108,578,2624,0,1,1175,507,1,0,3967,0,45,1,0,365,0,4015,3069,4006,819,2352,867,2,0,275,188,32,1510,208,56,121,807,921,1165,516,1,0,3,0,0,0,144,3128,600,3815,216,0,12557,525,3,843,56,0,0,778,0,0,0,0,126,524,0
115,1024,515,2788,1,1051,1280,1051,2200,74,220,1595,1050,0,975,1830,0,781,1,1,626,330,1580,1051,1974,736,1635,1108,0,0,673,361,246,1387,246,576,62,543,1395,1053,785,0,0,731,147,0,0,2,10587,1485,1380,0,0,155801,661,1,846,0,0,1790,1554,1568,0,34,350,205,1133,0
116,3509,645,8258,0,1470,6690,4017,7853,70,1175,5386,1458,0,73,9269,0,2111,0,0,996,12,6188,2166,7136,1225,5175,836,0,0,938,750,1357,8362,450,2378,0,2623,3566,5105,4896,0,0,1606,0,0,15,454,5724,8558,3446,0,0,273526,5133,0,4948,0,0,0,4507,0,635,273,0,1261,1964,1
117,3259,1546,9304,0,4202,8821,5808,17447,24,2605,3533,2056,0,5634,10716,0,6946,0,0,220,1322,10759,4882,15594,2960,10575,3648,0,0,0,2124,488,10664,7037,4060,32,2604,4974,2889,5870,0,0,6598,0,0,0,65,3540,6522,256,2,0,203085,7085,0,3470,0,0,1628,6957,3827,0,872,0,1017,2887,0
118,1808,786,4328,0,404,1195,1238,4770,251,569,3363,2782,119,1492,4340,1,2082,0,0,7561,873,3775,1560,2946,850,2026,942,0,1,5235,840,700,3124,833,1660,646,1114,2763,4229,2595,0,0,2444,157,0,0,1,8916,2955,2688,0,0,99602,3322,0,2449,0,395,2250,3218,1985,2,61,770,1426,1387,0
119,376,36,1816,0,397,883,31,664,1,639,2028,282,559,1261,1096,0,1269,0,0,390,0,2149,945,1728,645,2591,1,0,0,1,1,0,1150,132,320,1,814,2,1968,1357,0,0,254,0,0,0,0,5741,795,1714,0,0,110855,718,1,518,0,0,1905,1421,1434,1,0,0,694,391,0
120,538,1724,1057,0,1,6040,353,868,0,1564,4174,8386,0,4407,862,0,6560,0,1,89,0,4113,3193,361,0,9541,552,0,0,0,3,19,5041,2,4,2,4222,6863,13048,684,0,0,0,0,0,0,0,75794,10156,7574,1,0,177520,10241,0,0,0,1,3799,8490,0,0,1,2213,0,3014,0
121,906,177,4150,0,713,1992,2134,4785,12,1565,3407,1621,124,2452,4372,0,1867,0,0,879,523,3735,1118,3821,229,3001,1312,0,0,0,560,19,3009,660,535,366,1056,1240,2002,2644,0,0,2354,0,0,0,1,3381,2620,1000,232,0,87898,3038,0,1516,0,457,1556,1160,2086,2,221,389,1444,1195,0
122,465,1,0,0,3,731,0,1397,0,95,965,315,0,85,1272,0,418,0,0,1,0,180,1353,205,506,713,318,0,2,572,2,1,852,6,751,0,0,173,695,0,0,0,0,46,0,0,0,3727,810,1356,1,1,19498,0,1,18,0,0,758,0,29,1,2,0,2,584,0
123,2964,1574,7186,0,2718,3885,3413,5856,118,4,2891,1130,27,5107,4919,0,8179,1,0,107,0,8961,808,13294,2646,5424,923,0,0,54,1192,1313,7834,3586,2517,1,378,6725,2669,4222,0,1,1354,0,0,0,191,7030,1798,3684,0,0,428521,4766,0,41,0,0,2724,1427,2261,1,151,0,1848,1793,0
124,151,1,1003,0,1142,1607,129,36,1,0,1271,692,0,1552,1511,0,1702,0,0,0,0,1310,2807,2139,778,2203,2,0,0,1,1,1,473,10,1465,1,9,17,626,138,0,0,982,0,0,1,0,12889,1827,1822,1,0,58670,0,0,576,0,0,2946,383,1379,1,21,0,260,705,0
125,17575,3449,9885,0,5069,7721,4656,22194,769,3589,8856,2343,0,4825,19114,0,10700,0,0,191,1,6496,2211,12790,3045,6395,2189,0,0,0,3234,2056,17765,2543,3959,893,2553,7597,9761,3592,0,0,6722,31,0,0,148,36264,11893,9351,0,0,677434,13142,0,5111,0,829,6753,3146,9210,0,466,1540,2220,5597,39
126,2817,2658,1,0,9560,4954,230,2843,1,1444,8510,1411,0,9368,15032,0,11342,1,0,4281,1,8130,11855,6870,10996,11213,64,0,0,6895,59,974,4915,505,3551,731,3653,4270,3444,8531,0,0,4331,0,0,0,0,42306,3094,8748,1,0,1323632,11657,0,2369,0,371,15670,2289,14034,0,2,87,11,6673,0
127,1647,26,4302,0,40,2589,1174,1,1,529,2963,239,0,144,1724,0,1532,0,0,1500,0,821,1274,1936,1,3684,679,0,0,37,218,27,745,1,30,0,258,837,1351,2352,0,0,0,547,0,0,0,8808,1402,1851,0,0,266609,675,0,2407,0,0,1607,1176,519,0,203,776,392,537,0
128,199,0,348,0,627,674,364,466,17,31,828,194,0,112,850,1,175,1,0,660,0,796,497,1040,105,1172,176,0,0,75,102,3,404,271,332,1,133,300,369,411,0,1,516,0,0,0,4,3745,832,1045,0,0,8326,1023,0,235,0,0,705,1521,574,0,3,0,100,156,0
129,66,423,882,0,1,1306,512,1205,0,206,905,139,0,1326,944,0,1426,0,0,2,0,1438,1092,630,538,673,4,0,0,102,1,289,277,30,232,1,1,769,69,154,0,0,852,0,0,0,2,2428,11,561,0,0,31167,277,0,1481,0,0,484,1930,1583,2,134,0,128,362,0
130,1733,1233,6623,245,2602,3869,5817,12963,79,316,3221,2587,0,3128,6189,2,2977,1,0,6910,31,2350,1756,3592,540,2069,1529,1,0,1,898,286,4621,2136,1825,804,1126,1805,2169,3822,1,0,2227,1,0,0,233,4194,4171,786,0,0,39272,4560,0,1841,4,0,3026,6134,2011,1,121,1782,1278,1889,0
131,293,2,704,0,300,958,0,221,0,0,554,467,0,879,2165,0,1050,0,0,435,786,3187,901,2,1,1601,13,1,0,218,434,0,85,1,0,0,2896,1097,11,412,0,0,920,0,0,0,0,8579,3994,2642,1,0,81959,1498,1,352,0,0,528,1844,127,0,0,0,1102,801,0
132,3415,554,7613,0,1477,134,2654,375,0,5106,20903,1089,1,7783,6270,0,16769,0,0,1904,0,12224,3734,2487,1733,678,7807,0,0,1,102,0,6342,9983,36,4,5405,10311,2869,1431,0,0,9167,2544,0,0,228,43187,17188,6159,0,0,571335,3340,0,4314,0,0,14822,5272,5770,1,17,0,0,3323,0
133,517,0,888,0,458,1012,1046,5331,0,1,1690,1938,0,351,1573,0,1574,0,0,1942,1,2084,1044,1149,1,2708,17,1,0,227,117,710,1164,85,590,289,292,1260,2787,1146,0,1,847,978,0,1,203,11148,4016,1241,0,1,110858,836,0,343,0,0,852,1740,2338,1,2,0,508,1550,0
134,233,0,65,0,3793,1,3351,115,0,1547,5353,3959,0,0,4545,0,0,0,0,2719,6,30549,18048,52686,8976,18282,3,0,0,840,596,0,1712,0,0,0,0,0,1146,1818,0,0,3113,0,1,0,0,22709,0,0,0,1,74921,6941,0,34,1,0,151,11098,2250,12344,3,0,0,805,689
135,124,1,1980,0,58,2212,548,1980,0,0,1926,777,0,1536,3353,0,992,0,0,796,0,4139,1173,3386,0,1541,708,0,0,0,324,0,1000,127,376,0,1322,1198,21,421,0,0,2045,0,0,0,582,10896,0,2184,0,0,61161,959,0,565,0,0,2642,2766,1665,0,0,0,202,1365,0
136,129,0,495,0,1341,1217,67,297,0,273,2242,1897,206,1056,1655,0,1527,0,0,2594,1,5768,3004,6512,1132,2971,25,0,0,1514,167,532,2344,1366,1,0,936,167,391,1482,1,0,159,266,0,0,0,7919,1160,3238,0,0,231723,822,0,996,0,0,2367,1753,586,0,175,79,686,874,0
137,242,0,424,0,199,705,7,198,297,30,609,275,0,852,2039,0,202,0,0,362,1,1789,1662,3848,458,2381,257,0,0,291,38,260,777,507,23,0,68,282,781,197,0,0,562,0,0,0,0,5404,374,349,0,0,36290,803,0,548,0,0,650,1151,474,1,101,0,0,380,0
138,1035,1325,2446,0,1567,4812,993,5588,0,609,1835,1237,0,1802,4996,0,2113,0,0,3714,175,3202,2528,5324,1979,3357,962,0,0,622,734,177,2318,1089,1338,1,975,1230,3102,1940,0,0,2367,3,0,0,408,7143,1738,1503,133,0,134170,4607,0,1629,0,0,2015,2162,1659,1,77,0,1632,1320,0
139,352,1,213,0,0,827,417,1429,0,316,1289,1049,0,888,894,0,654,0,0,63,0,1965,1064,4082,990,2677,7,0,0,0,401,0,996,72,489,269,506,449,291,1346,1,0,1021,1,0,0,6,3999,1403,1159,0,0,88896,1125,0,2,0,0,0,3625,0,3,67,0,1,354,0
140,3601,1942,12165,0,4643,8601,7075,14147,379,893,3843,3828,299,2862,14384,0,8056,0,0,5236,334,6026,2158,8042,1867,4268,3645,0,0,321,2134,707,10057,3058,3918,1748,1207,5885,8603,3300,1,0,4647,230,0,0,32,13577,11962,2974,0,0,96256,4692,0,4858,0,446,3939,10436,7284,1,587,1169,1939,5072,524
141,110,183,2235,0,1268,4225,2483,4389,0,0,784,130,9,254,1309,0,4082,0,0,628,0,3261,1025,1006,198,2184,512,1,0,0,0,508,0,906,718,330,615,982,1023,1039,0,0,64,0,0,0,0,11306,184,2723,1,1,40899,794,0,0,28,0,1328,1510,2244,0,258,0,2832,403,0
142,1712,489,6123,1,382,4123,3389,10995,31,760,8530,4795,1,3,12377,0,4770,1,299,558,0,4439,1110,2554,539,2883,1639,0,0,269,2485,1175,5909,974,1557,481,723,1006,1639,4388,1,0,831,0,0,0,457,16,9869,0,155,0,24944,994,0,4828,0,61,1,5560,0,0,549,166,886,2146,0
143,138,49,135,0,140,2,0,0,1,24,118,171,0,4,163,0,115,0,0,362,0,1117,732,1639,476,850,0,0,0,0,74,0,258,29,0,0,233,133,319,7,0,0,223,1,0,0,0,2284,95,74,1,0,9045,423,0,272,0,39,0,1124,86,0,0,0,71,105,0
144,4552,95,3081,0,4112,3801,1112,1841,1,304,3626,1896,213,3117,8096,1,1609,0,0,5485,2,2633,1832,4829,707,4570,3246,0,0,396,650,507,1840,2085,1139,489,605,2098,3479,3409,1,1,2684,1,0,0,0,13685,3150,2840,2,0,110377,2245,2,1529,0,1,3341,4783,2766,1,246,134,1393,1789,0
145,205,80,189,0,1,0,356,90,1,0,345,134,0,165,322,0,28,0,0,153,93,1205,1077,390,242,874,1,0,0,46,8,43,315,57,89,0,192,90,402,170,0,0,72,46,0,0,0,3548,52,46,0,0,20940,34,0,38,0,0,0,1103,0,200,45,0,0,103,0
146,52,658,3050,0,131,1363,0,80,1,163,495,276,0,866,1123,0,538,0,0,699,0,641,2415,175,780,1574,1,0,0,0,487,0,282,523,1294,84,690,1941,849,0,0,0,175,0,0,0,0,7432,1593,645,1,0,30018,44,0,1965,0,150,1588,206,10,2,140,0,22,1544,0
147,1332,107,1047,0,409,868,541,2115,9,188,595,551,0,525,1629,0,1191,0,0,271,182,162,320,448,115,555,176,0,0,673,418,145,978,325,73,100,370,676,1127,475,1,0,698,103,0,0,59,4295,1020,1143,1,0,126033,1041,0,556,0,134,721,860,434,0,90,44,319,497,0
148,685,869,662,0,43,1073,388,224,0,997,1521,240,0,1699,3206,0,308,0,0,2,0,1309,2027,1508,683,285,2587,0,0,0,35,3,3,125,438,25,455,2180,1983,879,0,0,486,1,0,0,0,6180,2557,347,0,0,30621,90,0,265,0,52,1065,144,1100,0,0,1,0,810,0
149,2652,823,3813,45,3951,4222,1500,6424,2,1051,1249,480,1,2942,6847,0,2339,2,0,689,546,4006,1601,2657,1269,2377,1108,0,0,1562,246,521,3427,1497,1203,866,1629,3087,4033,3217,0,0,1507,3,0,0,274,7514,4247,5009,1,0,376333,2789,0,1690,0,294,844,2998,2893,0,208,433,1321,994,0
150,110,34,94,0,655,420,1,84,0,0,652,720,0,60,688,0,29,0,0,1,0,893,1027,1611,207,321,529,0,0,1,70,116,307,117,0,1,7,150,590,75,0,0,10,0,0,0,0,6372,58,706,0,0,137249,68,0,34,0,0,574,191,961,0,1,0,197,285,0
151,944,211,877,0,388,1014,417,1122,0,329,2724,1354,0,288,4258,0,1152,0,0,1498,1,4195,2475,4961,1632,3769,488,0,0,7,276,271,2042,810,891,35,349,1379,814,727,0,0,517,51,0,0,27,4585,2006,1287,0,0,19628,2459,0,430,0,2,1559,3447,578,0,156,88,156,818,0
152,6542,1966,10199,1,10381,10490,5121,18130,276,2332,5984,3440,786,5038,11248,0,6001,0,0,6544,0,2639,3668,5796,2565,4514,3490,0,0,3521,2352,1541,7678,4294,3545,1696,2844,5762,6480,6177,0,0,6843,888,0,1,2,26683,4917,6436,1,0,266793,6977,1,5701,330,383,6683,13541,3166,0,649,1587,1155,3296,0
153,5226,514,6362,0,4309,6473,3443,10387,100,956,2546,1669,386,2419,9739,0,3043,83,0,6793,193,1924,880,2419,286,2038,2235,0,0,544,590,164,6461,1317,2828,538,765,3248,3207,3328,0,0,3803,0,0,0,310,9450,8957,3161,0,0,86173,3919,0,2410,0,69,1401,8726,4392,0,278,511,2505,2376,64
154,605,33,624,0,677,1173,238,428,50,239,631,410,0,203,753,0,599,1,0,594,0,1256,926,2060,225,1493,194,0,0,1,39,26,673,572,325,3,272,501,497,426,0,0,1483,0,3,0,2,2066,897,1641,0,1,41725,747,1,375,7,9,405,1739,318,2,232,79,219,383,1
155,780,1,6689,0,5439,0,1,0,0,2003,4039,6236,0,4820,7708,0,2264,0,0,1273,4242,33046,18335,27107,8378,34393,402,0,0,0,2711,1705,3745,2601,1,3938,6120,0,5,2930,0,0,3975,1,0,0,0,34281,5589,981,0,0,7277,4694,0,887,0,0,0,13630,0,2,1,0,277,1222,0
156,2065,791,4629,0,763,3919,3616,6143,128,594,3626,4138,89,299,4863,1,1998,3,0,2382,1,2414,1584,1886,440,3180,1223,0,0,0,816,298,4415,587,1725,88,2073,1903,1689,3551,0,0,826,1,0,1,428,3855,4685,3704,83,0,45862,2026,0,2403,0,146,0,3590,0,2,247,470,521,1514,0
157,263,920,1,0,70,1739,1994,4965,2,460,2108,1437,0,424,1560,0,1694,1,0,1669,677,713,2374,1110,607,2394,510,0,0,0,482,136,707,629,714,0,49,138,1208,230,0,0,618,0,0,0,2,6828,2861,624,0,0,39561,1373,0,3,0,0,209,1804,1383,1,1,0,1057,747,0
158,5782,1307,7173,0,6189,6546,5087,8571,58,1267,3825,2256,101,6027,8022,0,3192,0,0,9729,0,2269,894,3537,518,1961,1367,0,0,119,900,750,7676,2187,2484,1306,1361,4908,7655,5457,0,0,1569,1,0,0,0,14702,7685,4978,13,0,532701,2166,0,3478,342,22,904,4894,8047,1,247,662,2516,2618,0
159,1036,4,0,0,715,835,600,946,0,483,731,796,0,1220,2837,1,1221,1,0,0,681,791,1558,2982,2,3014,47,0,0,866,347,6,1036,1,418,1,103,91,311,600,0,0,1472,198,0,0,1,7111,0,933,0,0,185981,863,0,28,0,0,1382,2733,741,1,182,0,773,640,0
160,2998,1444,12936,1,7851,5295,1070,10803,1,509,5731,2908,35,4408,18389,0,8194,2,0,3073,2249,4915,3710,6995,2367,3978,1538,0,0,4876,682,634,7009,4191,2943,0,3638,4326,7814,7362,0,0,4487,1580,1,1,435,26760,5773,10147,2,1,189982,4048,1,2456,17,2,1325,7268,8366,0,71,5,2979,3874,0
161,1950,1026,6129,0,3750,7997,6209,12926,15,2122,4367,2481,357,3145,8205,0,6008,5,0,35,10,11132,2706,12490,1011,6390,2906,0,0,50,800,981,4347,1791,1816,978,1672,4907,5540,7559,1,0,3423,3,1,0,511,9879,1845,1597,8,0,279808,4038,0,3112,0,0,2241,5223,3008,2,84,517,421,1985,0
162,35,3,40,0,0,36,27,6,0,0,38,45,15,9,70,0,13,3,0,26,1,7700,7724,21145,743,8535,28,0,0,43,24,1,18,12,1,1,5,14,50,16,3,1,3,16,0,1,3,118,15,27,97,0,21584,3,18,2096,0,0,89,36,0,4103,7,2,30,2,0
163,9106,62,10064,0,48,9616,10096,4,0,490,8538,13840,3733,1815,17823,1,1751,2,0,5893,2,14380,3287,860,3209,3364,7883,0,0,13114,6419,0,3468,5029,1,1,3,4312,16416,3267,0,1,5,2575,0,0,0,31772,4884,5041,0,0,1504918,717,2,1404,0,0,21940,12448,163,1,1454,0,4881,729,0
164,837,247,1474,0,1444,1457,1020,2025,91,259,512,652,0,1239,2030,0,724,0,0,2564,0,382,599,689,151,706,536,0,0,86,216,55,1068,512,312,275,507,1053,1026,1378,0,0,781,26,0,0,0,1619,1433,1072,0,0,66312,792,0,420,0,14,163,1671,1048,0,65,65,192,375,0
165,8968,4410,10867,1,6972,13292,7303,21903,157,2839,8254,6096,423,6641,21032,0,6836,0,0,15445,193,6593,3188,8098,980,6140,6396,0,1,940,1606,1041,14819,5087,5036,2616,2388,6220,7136,10613,1,0,4401,1,1,0,513,22820,19430,19213,2,1,503714,10792,0,4934,0,792,4840,4313,14516,0,350,508,5261,3666,0
166,3094,2626,13510,0,3541,7241,6591,19048,411,685,4737,3511,458,9605,14698,0,4807,0,0,5215,2,7023,4160,8548,816,7050,3482,0,0,1,663,722,7766,2059,1137,477,2428,2998,4182,6588,0,0,7385,0,0,0,24,5484,6980,1964,42,0,58642,6521,0,2571,0,0,2792,8153,1749,0,560,1222,1158,2772,0
167,1312,423,970,0,594,2182,800,4880,1,529,1763,677,0,2709,1491,0,946,0,0,948,0,205,1203,313,509,1890,1175,0,0,0,195,17,35,3,419,2,475,1480,1311,961,0,0,61,0,0,0,12,8101,1104,712,0,0,53674,1973,0,1617,1,0,2576,1863,642,0,141,563,990,1001,0
168,8989,2638,7632,160,427,11160,4221,14023,1,1430,11333,9612,0,5526,6622,0,21122,1,0,12030,19,7734,7168,4394,2432,4669,957,0,0,1,3,3,2774,0,9345,224,3118,6443,4452,1860,0,0,7147,0,1,0,0,54678,9275,11734,0,0,398382,265,0,9718,0,0,5321,9118,5977,1,801,3193,2449,5658,0
169,497,100,177,0,1997,3245,224,746,38,410,796,264,0,3604,912,0,1154,0,0,427,0,1463,2097,1897,456,2316,73,0,0,0,405,0,184,875,100,0,15,1290,1894,1133,0,0,160,0,0,0,0,18836,2241,2107,8,0,103673,1813,0,622,1,0,4288,488,246,0,286,0,27,215,0
170,1112,1327,4324,0,2622,6649,4161,9876,176,335,3485,2984,145,4367,6431,0,3466,0,0,3242,0,2645,2102,4194,1614,4097,3095,0,0,1020,773,469,5290,1934,1925,1042,1989,2821,3741,3145,0,0,2151,2,0,0,0,3944,3699,1555,547,0,49960,3066,0,1694,0,336,1067,9409,1799,2,254,376,1498,1676,0
171,18742,12010,0,1,3017,0,863,5565,6143,1329,3228,7205,3686,0,0,1541,1358,6107,1301,7,4105,2442,1090,3556,1805,3491,5206,3574,517,3174,2091,3265,1538,1379,2462,7869,1901,3898,2624,3244,3035,0,3281,1410,2139,8356,5038,2124,613,1,4800,11276,582924,0,247,297,433,4328,0,0,0,5002,1985,1820,3407,2421,0
172,3708,1990,6957,0,8239,3368,3637,9211,0,206,3509,2430,1,4519,9532,0,3667,0,1,47,18,5515,2903,6352,673,6119,3704,0,0,823,1024,511,5347,4043,1289,18,809,3963,7544,8126,0,0,1388,0,1,1,62,12477,2582,2377,135,0,459151,7765,0,1371,0,0,1397,2888,2711,2,395,557,2166,761,0
173,2261,0,14378,0,1323,4911,5012,8153,0,0,9807,1237,0,6957,10330,0,12777,0,0,4608,34,5128,7274,9177,1,5732,29,0,0,102,1154,0,4367,3862,3389,1,12808,8886,3938,2287,0,0,0,0,0,1,0,43586,4575,4869,1,0,496297,11622,0,3260,1,2487,8722,13954,3538,1,2,0,0,4494,0
174,9240,4335,15245,0,950,10147,922,7048,1,730,5445,20880,1,10415,14455,0,15492,0,0,16956,4,8762,17516,340,7670,8210,4,0,0,3,1070,4,9092,1613,6667,2,4705,10305,13487,3773,2,0,5685,0,0,0,0,91565,9916,24981,2,0,311897,7182,1,4091,90,0,7935,5273,12419,3,6,2,2673,6193,0
175,3479,2218,7282,0,6278,6719,4220,10016,688,1397,4294,3815,2,2096,3625,0,4477,3,0,7356,11,2168,1729,4076,1144,2610,2018,0,0,609,1015,171,5668,2418,3135,1160,702,1464,5017,2598,8,0,4999,356,1,0,137,5042,5689,1973,3,0,52493,5391,1,1916,0,294,479,3816,3793,9,175,260,1373,1662,0
176,1393,1264,2859,0,2850,4167,2093,5459,286,32,3000,2869,20,2129,10701,0,2955,0,0,13,61,8251,5558,11313,2313,9379,1684,0,0,437,797,1,4334,3370,2831,0,2451,2636,663,1325,0,0,2505,0,0,0,68,18067,2533,5944,0,0,275770,5282,0,629,0,479,3157,5072,2690,0,3,7,632,2250,0
177,2025,1817,7742,0,7964,6465,3681,9251,97,193,6603,3187,617,4233,14513,4,7706,1,1,8331,315,5544,4650,12013,1979,5921,1458,1,2,8853,2673,504,9127,3380,2686,888,2968,3909,8914,7308,1,1,5911,338,6,8,0,40397,7759,11317,2,5,197351,5490,0,4879,4,1,4473,7968,4429,3,385,1317,2675,2964,1
178,11147,116,6715,0,0,9569,3819,9645,0,1463,11731,5847,0,10536,9920,0,9860,0,0,3396,0,9686,5816,14957,3966,6400,4244,0,0,3859,71,1430,8506,1141,1996,0,5,2645,22157,5246,0,0,1553,11,0,0,0,38820,7710,16374,0,0,770368,17573,0,23,0,0,5166,8135,3051,0,1355,1545,2252,4945,0
179,17735,6417,36,0,2,9256,7822,8384,1,0,8409,471,1,19528,8894,0,22638,0,0,8714,6097,22214,12173,4902,4541,9922,17786,0,0,24,2,1627,3920,3810,2817,4,7258,13778,21130,4177,0,0,5146,5231,0,0,2,65715,0,1601,0,1,1038564,1,0,4952,0,0,9137,7068,3,0,0,0,7908,10777,8
180,713,1,0,1,0,5117,0,7036,0,4046,4257,5,0,831,7396,0,0,1,0,3802,0,24953,9951,25196,14748,38470,552,0,1,0,0,0,2869,10195,711,0,3380,1583,3143,3677,0,0,5784,0,0,0,0,40690,0,41,0,0,79731,8094,1,1787,0,0,0,8652,0,5274,542,0,4263,1108,0
181,305,0,13,0,1465,5326,0,2107,0,567,4366,118,0,2827,7457,0,3593,0,0,934,0,6019,1809,5776,0,4534,131,0,0,0,0,0,2981,2081,37,2369,1072,5085,721,3046,0,0,40,0,0,0,812,25305,0,11545,0,0,161553,4430,0,2474,0,0,10230,705,2190,0,1694,1,25,1817,0
182,4434,1,5057,0,597,10436,5680,4524,0,1086,6062,331,0,1903,9943,0,5309,0,0,1517,12,2609,3267,15409,14,6166,2837,0,0,3725,2036,0,2971,10,409,1,2182,4603,8572,134,0,0,351,32,0,0,54,49445,6593,7464,0,0,300052,1711,0,778,0,0,2729,2029,29,1,0,10,0,8842,0
183,2611,448,2460,0,2930,4677,2330,8713,6,212,4505,2882,383,2540,10225,0,6583,0,0,41,212,4933,3287,9434,3432,6411,1206,0,0,1,2041,1432,5169,3444,2167,1,1031,2805,5243,1143,0,0,6001,0,0,0,1,16534,3748,1500,0,0,266114,7691,0,1931,0,675,5366,4893,4434,2,1429,563,2583,2530,0
184,148,3,4486,0,3056,6759,3171,3439,2,4,9855,783,4,1905,4598,0,10520,0,0,1704,1,4930,7236,10819,1654,5707,1531,0,0,289,3084,1540,867,1099,4382,2,0,41,13261,654,1,1,432,0,0,1,0,31964,7,6012,0,0,143689,2919,1,9778,0,0,12986,7193,1338,1,17,579,3005,2961,0
185,1407,275,3783,0,1702,4487,2383,3626,0,1359,3591,1710,0,3284,4680,0,3628,0,0,3171,0,3877,3939,5670,1110,3545,629,0,0,927,1649,651,3171,1781,824,2,1211,2856,2437,1765,0,0,2403,1,0,0,3,29002,2971,8005,0,0,147616,3936,1,1470,0,1118,2862,6730,4819,0,509,360,779,1314,0
186,6652,2154,6779,0,1563,26432,4370,17603,23,1133,10117,3536,0,986,11240,0,5684,0,0,3,0,9448,3472,12665,1170,6850,1900,0,0,1,675,734,11594,1389,2069,869,3264,9351,3018,12044,0,0,2221,1,0,0,1062,22817,14991,7733,0,0,139211,5124,0,6614,58,1,0,5851,0,895,7,362,1642,2671,0
187,3171,2,5668,0,1,7531,1836,607,1,1791,0,1959,1432,6711,994,0,8939,0,0,432,2,12907,13726,10395,2886,10297,25,0,0,810,2,1,3381,284,1,0,268,406,5979,576,0,0,5956,0,3,1,0,37907,226,5176,0,3,245010,35,0,331,0,0,0,738,593,0,2622,1,2709,45,0
188,13044,1,2874,0,8304,4746,1940,14628,0,3900,5796,982,0,5850,4732,1,2438,1,0,8837,0,30,7992,17391,6907,16264,438,0,0,1470,3,3318,1653,14,371,1,1,4981,4072,2827,0,0,861,1,0,1,925,41326,13209,12705,0,0,717354,14636,0,2012,0,0,10480,2861,8703,0,1184,1089,2185,3246,0
189,177,0,297,0,189,105,0,197,0,1,294,697,0,126,270,0,31,0,0,380,0,2524,1337,1928,499,1801,102,0,0,2,68,66,185,277,274,0,366,318,118,497,0,0,564,32,0,0,0,4773,154,0,110,0,19480,470,0,0,0,0,0,2711,0,0,0,0,21,161,0
190,1033,1,63,0,431,201,9,483,60,0,509,838,0,389,752,0,507,0,0,237,1,4980,2054,5493,1702,4471,155,0,0,811,155,3,32,2129,46,0,1,1221,1550,283,0,0,211,109,0,0,0,23875,408,4903,0,0,346030,306,0,480,0,0,1120,2521,220,0,0,3,147,438,0
191,3152,996,6173,0,6523,6848,4779,4613,1640,430,5543,3885,0,7530,9506,0,4659,0,0,1027,0,15004,4295,16686,2813,12144,2655,0,0,1,10,622,13072,3626,2217,1,2869,9932,6759,3465,0,0,5590,0,1,0,0,9425,5186,10584,1,0,440370,6910,0,4942,0,1512,3736,4918,6216,0,233,0,2867,3781,0
192,4,64,732,0,174,403,553,1371,1,276,569,726,69,572,1224,0,219,0,0,116,25,642,1214,2275,651,1750,1,0,0,0,251,3,464,170,450,2,274,326,1000,121,1,0,152,0,1,0,0,3475,377,216,0,0,31667,643,0,435,0,0,0,2036,167,0,1,0,398,108,0
193,3664,1,16519,0,544,12372,441,8368,251,1015,6078,5990,0,12126,6922,0,6431,0,0,9123,0,6899,9531,7638,4471,8324,2164,0,0,3,286,2,2710,265,1928,1,26,6121,7536,2515,0,0,1035,21,0,0,0,41218,4629,4310,0,0,145910,9092,0,475,0,266,6775,4774,5459,0,0,0,4359,3674,0
194,200,1,435,0,410,148,298,0,1,0,360,59,0,238,288,0,198,0,0,1,0,2493,1596,4503,1011,2765,0,0,0,2,473,292,1,156,255,0,657,99,7,242,0,0,412,0,0,0,0,13187,0,1060,1,14,14320,644,0,489,0,0,0,1029,0,27,25,0,291,0,0
195,2049,1568,8306,0,5553,4951,3991,10356,71,569,3623,2480,359,2224,4849,0,2814,0,0,6142,0,3057,2213,5356,915,2867,3868,0,0,200,1283,908,6309,2349,2445,611,1789,1867,2424,4102,1,0,5887,616,0,0,10,3524,3415,1503,0,1,67063,5663,0,2267,0,271,1094,8693,2789,0,178,479,2316,1840,0
196,8232,1608,7448,0,3599,9464,4297,10530,526,655,12187,3440,948,5197,8649,1,10250,0,0,370,1,9073,4054,11087,3043,13033,4136,0,0,1966,1565,2765,12263,2320,2887,659,1047,12130,7079,8854,0,0,5155,0,0,0,52,19265,7798,11008,0,0,215258,5919,0,6743,0,4,2717,6215,13377,1,1078,1786,2301,6884,0
197,5097,2901,19177,0,9849,19171,12190,36555,0,2086,9820,8590,0,8745,23047,0,12019,0,0,6814,5,7310,3304,14905,1790,3603,6636,0,0,1040,810,1436,17461,6974,1785,4473,3695,8915,18341,18915,0,0,10410,0,0,0,0,11025,15381,3016,8,0,371641,22424,33,3176,0,534,7461,19589,5295,1,1015,1424,4581,6178,0
198,354,0,1720,0,555,669,307,2756,0,341,1604,2963,0,447,619,0,541,0,0,218,416,2771,3188,4117,1036,3698,335,0,0,3,29,121,416,309,0,4,722,98,1155,1291,0,0,1294,1,0,1,0,2883,710,0,0,0,51021,1694,1,272,0,0,0,5844,158,2,96,83,359,515,0
199,2408,864,5373,0,1123,2479,1713,9498,95,384,1631,3667,190,427,5780,0,2553,0,0,4872,390,1799,1545,2752,649,2176,2294,0,0,2171,969,300,2322,727,1608,640,969,2057,4563,2231,0,0,1816,68,0,0,4,2111,4643,345,0,0,133879,2170,0,1816,11,133,237,2796,4049,0,203,544,2274,1562,0
