,0,1,2,3,4,5,6,7,8,9,10,11,12,13,14,15,16,17,18,19,20,21,22,23,24,25,26,27,28,29,30,31,32,33,34,35,36,37,38,39,40,41,42,43,44,45,46,47,48,49,50,51,52,53,54,55,56,57,58,59,60,61,62,63,64,65,66,67,68,69,70,71,72,73,74,75,76,77,78,79,80,81,82,83,84,85
0,2304,2439,349,1,268,473,164,692,1364,4860,787,5,463,1014,0,0,2164,1,1015,233,317,11,43,2,2497,436,57,26,235,751,130,157,587,1969,0,1315,306,5624,1695,1057,97,80,289,0,2019,589,317,1199,481,178,3088,745,656,326,5857,6129,0,602,2476,0,0,0,2229,0,227,1,4125,0,54,63313,330,0,156,47,3313,866,1305,34,1301,0,1419,943,1,398,845,64
1,1972,1249,0,0,0,1,2,730,716,2663,1135,42,128,426,0,0,6368,0,167,0,245,123,177,255,5245,2845,695,738,1870,4037,311,854,2986,1102,0,1482,98,2614,279,182,168,271,875,0,1138,765,208,1078,300,488,2347,662,2151,1,1278,4572,0,0,4785,1,0,0,1369,0,180,1,4011,0,0,67367,579,0,249,99,728,1571,1046,0,874,1,1005,625,0,531,94,85
2,3227,2419,89,1,0,2,9,12,1284,2947,999,0,0,0,178,0,840,0,294,0,330,453,0,1,720,2884,551,702,4010,4957,0,1298,3873,2329,1,1224,159,4891,816,2316,0,27,214,0,1612,1068,0,1590,130,260,1098,1264,568,466,1288,3224,0,140,4848,1,0,0,1131,0,0,1,683,1,0,46570,208,0,91,0,518,565,332,1,358,0,1585,671,0,1225,0,0
3,2024,969,164,2,0,0,573,681,661,3472,313,305,616,188,0,0,2947,3,1026,0,158,116,0,564,2854,2014,244,318,1313,2299,295,605,1350,1220,1,330,103,3130,153,540,0,163,670,0,824,359,220,629,634,945,1524,840,1337,291,2786,3262,1,46,3638,0,0,1,807,0,191,3,3598,3,162,36599,344,2,115,87,628,897,1565,0,1051,3,365,515,3,514,181,193
4,6713,1147,0,171,1,3000,1075,834,863,19579,4267,883,8941,1902,299,0,5837,0,3247,0,1644,5112,0,715,4360,5327,1242,881,4805,7920,1624,1812,3657,741,0,2281,1592,7350,1014,3599,491,905,1522,0,4289,1693,24,3863,1394,5154,8841,2020,7496,799,6192,10688,0,175,12978,0,0,0,1858,0,491,1,12385,0,1,116488,731,308,124,0,3340,4653,3563,0,5523,0,12919,1434,0,1333,6034,719
5,3799,1819,1260,26,0,542,68,1499,1560,16007,2717,119,921,842,188,0,5881,0,3420,0,764,2681,0,657,4916,3230,518,384,1590,3128,280,686,1674,2330,0,1376,1358,2593,844,1464,20,1136,932,0,3644,1416,565,893,1313,1073,4849,1466,740,371,3376,7943,0,0,7847,1,0,0,3152,0,726,0,5879,0,377,84100,1058,0,243,91,2152,2255,2838,0,1170,1,2552,1482,0,1504,573,554
6,3506,1334,377,0,254,152,746,465,1558,16931,2171,0,1005,1937,1,0,8833,1,1312,0,600,1965,0,1360,2552,1455,351,290,1404,1782,177,480,2368,1784,0,2196,1531,2442,592,2032,462,795,966,1,2226,1418,134,1179,853,1717,4030,1530,825,345,3628,9101,0,326,5505,1,0,0,1012,0,816,1,8854,0,2,104390,1108,132,180,0,3548,1251,2802,0,2582,0,3363,267,0,948,2141,541
7,4935,1080,2117,483,163,289,1300,1146,851,9823,2140,270,516,1169,412,146,2337,661,2910,58,74,1670,68,274,155,2066,291,245,1129,3537,599,586,1469,1486,113,3403,622,348,846,1201,111,784,802,63,2812,521,446,1495,2004,586,3202,909,291,1066,5192,13848,367,3068,1869,769,95,117,469,121,545,1250,6562,211,171,38036,1770,235,56,249,8356,3922,3034,121,1229,712,2477,1312,741,604,2862,23
8,2886,1006,1036,0,15,2045,384,1249,1187,10458,1300,1,2483,695,0,0,6810,1,1586,3,1547,145,1,151,1432,1853,258,322,1108,2018,0,444,2363,2571,0,832,338,2158,586,2252,537,95,1069,0,2727,1294,298,1147,938,656,13698,2477,2261,467,4098,3704,0,551,3888,1,0,0,1625,0,397,2,6823,0,66,98910,1617,225,183,1,1885,228,3058,21,4577,0,1844,463,0,936,168,161
9,651,823,122,2,286,366,480,589,801,16011,1810,546,1118,162,0,0,6999,0,1454,0,1251,253,0,586,1420,2706,361,324,1515,3922,100,446,2635,874,1,2436,421,0,400,678,358,239,1158,0,951,720,122,413,233,776,6042,1589,625,337,3283,3728,0,300,2160,0,0,0,354,0,926,2,4753,5,204,56784,836,394,93,180,1069,81,2675,0,2442,1,2128,780,0,532,688,418
10,1230,88,42,0,0,196,104,128,363,4247,810,0,67,512,0,0,831,2,255,0,196,506,0,2,36,739,56,108,582,1398,294,230,779,137,0,153,512,2,76,193,418,138,55,0,368,282,105,297,285,1065,1358,335,25,188,1044,1540,0,83,1844,2,0,0,140,0,84,0,1064,0,154,7556,140,101,259,63,789,605,841,0,446,0,639,276,0,194,363,65
11,4431,727,122,3,282,911,544,378,819,13126,1976,380,3184,1144,0,1,6075,1,1355,0,2022,448,0,54,3,2546,403,155,1291,4626,0,768,3499,1308,0,812,1168,2,699,1540,235,141,730,0,1424,552,200,1258,567,1154,4011,1546,50,91,5639,4426,2,395,6098,1,0,0,910,0,775,8,4908,2,152,61561,751,1,104,86,1794,775,1923,0,4453,4,1771,628,2,919,1161,226
12,6992,1829,1,0,82,43,80,1308,2162,16387,1382,743,2392,1193,1,0,7089,0,1573,0,1197,1265,0,679,2868,1803,350,286,2175,4582,532,752,2444,2893,29,2362,597,1879,1235,1214,181,476,1968,0,4016,868,169,2448,1410,1271,7585,2415,2285,289,7366,10189,0,220,7787,2,0,0,1584,1,174,0,4659,0,294,130499,1582,195,30,173,910,1693,1798,0,7255,0,3215,997,0,1164,2678,744
13,783,157,0,1,0,1,1,2,1173,250,3,0,0,1,0,0,536,1,0,0,206,3,322,75,2,3066,796,688,2480,6015,128,424,3953,114,66,0,71,2,167,301,0,599,505,0,769,123,2,420,237,660,0,2,0,63,859,1578,1,0,432,1,1,0,0,0,0,6,197,0,0,3615,0,0,231,1,0,0,86,0,2054,0,524,101,0,0,15,3
14,1892,1054,0,1,275,1737,56,4,1191,9454,1197,279,2765,359,0,0,4632,3,1152,0,1230,292,0,7,28,3397,463,203,1852,3413,382,794,2250,792,1,409,1283,0,427,1134,161,123,555,1,1748,259,52,1078,694,334,5823,1882,61,0,2767,2995,0,0,7468,0,0,0,448,18,570,2,2437,0,223,12573,512,0,58,0,579,930,1527,2,3416,3,1297,318,0,654,797,223
15,1566,620,565,20,1,226,149,0,576,6621,788,3,381,192,1,0,2221,1,0,0,822,524,0,241,310,3657,668,613,3357,3013,280,863,2037,188,0,604,218,2,285,213,0,474,572,0,848,470,4,907,720,1036,3053,979,77,324,1577,2464,0,1,3229,0,2,1,221,0,1,11,2367,0,0,4520,1411,8,92,0,810,0,455,3,1733,1,306,1207,2,261,565,194
16,912,503,3,0,0,995,319,400,669,6349,1656,675,395,19,1,0,2672,13,1020,0,188,1079,0,115,1356,3539,458,890,2359,5274,1331,385,2943,461,0,484,655,1615,377,413,22,90,555,0,2304,1255,2,746,238,1715,2927,1301,604,1,1528,2044,0,0,4284,0,0,0,1448,0,233,0,2848,0,0,53056,2179,0,144,25,454,1373,293,0,1410,0,2386,266,0,628,645,3
17,4534,2008,950,0,438,1575,140,2048,2007,20556,2351,139,4185,1452,0,0,15356,0,1708,0,2027,191,0,532,10703,1918,359,417,1253,1873,205,380,3099,1774,0,2031,1255,2075,1448,2539,792,255,2148,0,2403,1021,320,2358,1854,1052,12422,2339,6633,308,6840,6518,0,1195,7244,0,0,0,2572,1,680,0,8340,0,158,145236,1918,0,290,193,3982,1802,5548,0,5446,0,4059,663,0,2146,1318,504
18,2752,796,503,0,0,2632,761,348,416,9840,1780,238,282,1204,36,0,6224,0,1905,0,801,2801,0,602,1385,3361,571,677,3082,4187,290,988,2806,2112,0,672,2029,520,305,2299,0,1615,591,1,2321,597,64,2178,753,1729,7511,514,314,1006,3153,6145,0,429,6250,0,0,0,726,1,452,0,3261,0,189,121312,2505,348,129,10,2963,2917,2367,1,1705,0,8649,0,0,539,1281,624
19,12172,1016,0,0,1003,641,2449,3380,3507,44425,3750,0,3469,770,0,0,16451,0,4651,0,2753,3226,0,409,31936,9051,1377,995,6231,11967,793,1780,9022,5189,0,10376,4423,2647,654,7907,148,731,1698,1,2424,1885,610,3409,5005,75,14007,2692,18629,1511,5581,15406,0,591,16263,1,0,0,4902,0,537,0,10441,0,0,165063,536,0,625,3014,8285,6258,5855,0,7393,0,16783,739,0,967,10240,2520
20,1223,318,1,0,0,359,648,7,374,8914,2856,96,469,705,0,0,2909,0,1222,0,995,940,0,168,2208,3778,624,436,2167,4131,0,415,4382,596,0,867,1979,311,105,1275,484,439,1177,0,846,523,285,1477,524,959,5213,504,2322,0,1329,3418,0,106,3269,0,0,0,266,0,305,0,2702,0,138,96893,3266,259,141,0,1195,963,826,0,2081,0,3896,627,0,536,1308,438
21,2451,1641,469,384,0,317,426,933,878,15055,2736,322,3242,704,506,0,5314,0,2004,0,982,2184,0,645,2039,4854,442,990,3942,5573,216,911,4524,3480,0,1241,622,757,547,918,35,72,1709,0,3492,1571,660,1111,856,1777,4001,1412,1911,224,2657,3427,0,443,2313,0,0,1,2380,0,483,0,5763,0,1,99694,1658,1,130,289,3506,3901,3354,0,4225,0,3790,2638,0,398,6095,365
22,3444,2126,388,0,0,1524,804,1375,477,8820,1257,520,2307,33,204,0,7644,0,846,0,753,687,0,495,7410,1728,288,277,1800,2942,239,459,2899,1824,0,1177,351,2,201,546,588,0,604,0,502,1184,565,1485,1628,1505,8661,944,2931,757,647,2239,0,0,3094,0,0,0,547,0,118,2,3290,0,1,73196,1029,816,47,394,2347,654,2053,0,3086,0,1330,1590,0,649,513,204
23,1327,622,214,0,8,241,257,461,782,4940,2068,1,1,497,3,0,5923,0,1843,0,447,46,80,396,992,1355,191,254,826,1432,124,544,1508,867,0,1025,433,3,645,574,0,246,1424,0,2183,686,61,666,411,420,940,1221,0,563,2348,3300,0,455,5074,0,0,0,711,0,84,3,3838,0,0,10387,1922,0,275,1,2793,787,626,1,1469,0,2098,380,0,365,449,277
24,715,1317,132,1,0,235,444,471,106,1476,1222,263,1,1054,1,0,1567,3,785,0,56,777,2,0,1635,1165,149,154,921,1809,326,396,1333,485,1,935,888,4187,107,195,188,388,414,0,242,397,0,1606,527,459,1384,241,801,203,1453,3240,2,156,2099,0,0,0,646,0,260,5,2287,1,1,34976,133,1,0,847,2201,642,1025,1,246,3,619,391,2,360,774,109
25,2808,323,545,0,222,28,652,2335,1289,13848,1155,0,3422,366,0,0,6084,0,1446,0,1244,921,0,165,15,3488,474,426,1750,4030,503,667,2469,2591,3,1841,768,99,249,737,494,10,850,0,1632,506,551,783,1543,617,6391,2029,632,263,2031,3853,0,27,4232,0,0,1,235,1,597,0,3513,0,48,84910,1143,193,369,1,1575,310,2115,0,3436,0,1600,682,0,927,1464,374
26,6847,1609,783,0,0,2121,931,877,1071,18799,4467,460,928,2039,0,0,9959,0,1966,0,1338,5198,0,327,17011,2715,458,210,1331,2992,554,405,2232,3292,0,1480,1967,9149,840,1632,689,1715,1854,0,1053,1686,857,3008,1324,2156,9015,2204,7238,288,3629,7775,0,383,10788,0,0,0,1986,0,430,1,8019,0,0,150036,2994,143,162,498,3923,1798,3756,0,4482,1,6450,2255,0,1990,3732,745
27,765,234,185,0,0,432,447,320,594,3114,613,0,151,322,0,0,1472,0,338,1,952,234,0,401,21,2857,549,281,1441,4322,0,221,3251,425,0,482,826,3,257,651,433,8,5,0,303,4,0,21,163,114,1647,138,146,49,1035,1156,0,41,2683,342,0,0,566,0,0,3,682,0,0,9655,223,0,60,25,312,423,1052,0,579,0,466,67,1,140,287,148
28,2078,966,0,0,0,544,34,1622,1228,8970,1024,1,705,879,0,0,3304,0,2760,0,517,780,0,1135,3787,2732,375,354,2326,3789,189,1115,3115,1092,300,1487,434,8821,554,2304,407,1494,1055,0,1427,1138,67,307,779,877,4594,2429,1050,390,1492,6109,0,0,10340,1,0,0,1750,0,1289,1,9653,0,0,138593,2403,0,752,257,5008,2300,1276,0,1950,0,2004,920,0,911,834,1144
29,10137,5471,768,181,0,681,2305,745,1308,11293,2706,253,1388,1577,173,0,4287,0,1792,0,552,2358,1,117,5595,3062,312,324,1785,2745,100,934,2160,3643,0,2733,839,7084,788,2099,335,1284,1238,0,2166,2356,271,2912,1937,890,6377,957,6245,296,4439,10539,0,698,16311,1,0,0,7588,0,212,1,9496,1,0,282069,3164,79,388,1262,5349,4836,1819,1,1686,0,1473,3325,0,777,1239,474
30,1933,1507,575,0,0,643,492,1524,1836,7390,2145,1,0,662,0,0,5680,0,441,0,394,370,0,258,771,3929,469,170,2150,2476,266,553,1901,362,0,867,662,1,1059,903,291,928,1002,1,1320,1941,143,927,272,902,2854,2020,277,435,5211,5071,0,680,4229,1,0,0,412,0,146,4,2289,2,0,20012,2776,72,105,0,5864,634,727,0,1747,1,5250,381,0,900,1206,347
31,800,542,2,0,0,298,137,0,433,3999,725,0,0,0,0,0,387,0,878,0,121,0,0,0,1012,1987,671,499,3026,4793,172,1277,3681,225,0,398,278,1890,473,342,0,68,85,0,734,146,34,402,428,0,1281,527,0,44,2246,1793,0,29,7,0,0,0,473,0,76,1,1601,0,0,20898,82,0,0,0,764,352,397,0,1401,0,1032,524,0,508,523,250
32,2296,445,293,0,138,412,332,127,901,9400,1716,645,241,600,0,0,496,0,395,0,426,1828,0,6,1770,2364,544,277,2607,2807,171,893,3286,739,0,0,246,314,1400,484,66,823,221,0,88,1588,803,363,365,1681,3302,1114,64,8,851,3557,0,128,7263,0,0,0,621,0,393,0,2452,0,0,72837,510,0,238,351,1853,1777,1748,0,711,0,6358,123,0,329,1340,18
33,5110,1470,695,0,0,2950,803,1196,2144,22193,4130,441,0,1696,186,0,11090,0,3500,0,889,5610,0,230,6885,2708,361,265,1793,2875,1,551,2751,3667,97,2692,1243,1513,1592,1676,23,1289,2101,0,6373,1582,256,2456,1426,1613,5404,3348,1069,1111,6238,11288,0,1047,9439,0,0,0,989,0,595,1,7616,0,0,90464,11077,0,575,277,10508,2629,2664,0,2965,1,5528,2354,0,1056,6812,1203
34,1828,1269,486,0,0,289,631,478,1330,21634,3135,0,0,762,348,0,8851,1,1363,0,1157,2031,0,594,1514,5998,663,671,2251,5420,0,395,2775,1416,0,1419,613,0,673,615,0,784,969,0,2675,944,0,1851,1339,211,4910,1792,1,199,4957,5244,0,224,6699,1,0,0,393,0,850,0,6799,0,244,25265,2592,0,567,0,6535,1359,1001,0,2321,0,7648,516,0,907,531,70
35,1193,660,0,0,0,1,4,495,2525,4086,448,0,0,0,0,0,1371,0,1086,0,633,0,0,0,507,3172,495,536,2808,7208,1,489,3145,1325,0,0,0,855,308,930,0,231,263,0,1932,226,0,1,472,680,828,203,0,0,1295,1201,0,217,83,0,1,0,1,0,0,0,642,0,264,28311,1077,0,0,0,1460,750,501,0,1274,0,1361,158,1,333,465,0
36,1919,640,1,0,0,637,240,597,976,3223,1128,0,0,163,1,0,3349,0,1160,0,441,1122,0,70,6,3294,406,710,2553,2922,319,585,3702,1112,0,0,652,204,452,583,0,325,292,0,645,751,119,384,268,744,705,440,3,0,2836,3156,0,124,3902,0,0,0,13,0,361,0,2262,0,282,77741,672,0,29,0,930,558,444,0,638,0,1907,515,0,138,819,187
37,3937,2716,933,0,0,0,517,1251,1523,9277,2699,263,3803,2613,1,0,9368,0,69,1,3362,0,0,256,1181,2749,623,456,2321,5213,588,1125,3123,1021,669,2119,294,2,508,1084,0,282,837,0,820,646,469,624,1735,1940,6098,1177,9,848,782,1763,0,115,2676,0,0,0,1275,0,0,1,388,0,0,56923,1578,214,239,350,3184,796,8512,0,8737,1,4892,0,0,906,7102,99
38,1476,258,653,0,0,5,31,460,610,2664,102,0,5,1,0,0,1680,0,237,0,182,49,0,206,159,4465,575,616,2600,3051,0,804,3404,500,24,444,917,1,367,173,0,94,6,0,0,248,0,10,295,825,1362,647,104,0,1541,1481,0,188,831,0,0,0,145,0,0,0,1027,0,347,31081,550,0,259,0,504,391,4,0,2298,0,649,657,0,177,0,0
39,5350,1576,657,0,851,1828,635,692,3633,11992,1024,879,1538,1165,0,0,8011,0,2285,0,2676,266,0,1,1321,2807,522,268,2612,4187,390,1032,3066,2151,0,3300,751,17,1721,963,661,33,915,0,4871,962,202,1573,2622,1133,8715,2060,2806,1023,7433,6229,0,603,5425,0,0,0,1767,0,130,0,6582,0,147,67982,2507,302,103,941,2399,950,2633,0,7065,0,4722,77,0,1406,1433,423
40,1346,0,641,0,0,303,1849,1446,210,6026,650,0,452,360,0,0,6858,1,907,0,221,1497,0,69,2508,8363,450,589,4374,9697,1,1351,3978,1148,0,1221,1097,9026,668,785,28,4628,268,0,1768,778,0,2749,1101,1196,18526,3795,4910,220,1487,1936,0,0,7998,0,0,0,2101,0,1135,1,2332,0,0,131430,18,0,267,127,4381,920,625,0,725,0,7983,2526,0,1062,1684,579
41,13093,3045,1061,1,231,2515,1792,1813,4936,27884,4842,55,1133,645,0,0,10592,0,1098,0,2002,4181,0,343,6242,3857,456,921,3521,5089,339,1305,3098,3687,508,3410,3094,468,1500,2369,2014,1343,1364,0,3436,1625,946,4555,1508,1250,10320,2120,5560,2590,12437,20033,0,743,11075,0,0,0,3058,0,269,3,10327,1,406,316114,2432,0,0,8,16191,3672,3211,0,4768,2,3141,1434,0,1235,3773,254
42,2474,301,0,0,316,1171,28,0,449,6833,855,0,796,0,141,0,1404,0,1281,7,603,495,0,29,213,3985,473,632,3425,5646,302,615,4107,325,0,458,786,360,154,1020,378,15,80,0,1055,277,2,901,6,675,1965,359,29,277,2126,2451,0,17,2375,0,0,0,2,0,0,0,1024,1,0,117725,688,383,9,0,294,377,517,0,1239,0,535,4,0,210,953,173
43,1330,497,690,2,274,3371,168,384,1460,11909,1816,0,377,655,0,0,9491,0,2230,0,1429,572,0,839,533,3740,688,573,1785,3182,143,955,2740,778,0,433,706,1,826,927,238,1076,485,0,1758,921,129,388,1254,719,4597,1791,8,3,6416,6632,0,395,1515,0,0,0,1052,0,451,0,1837,0,221,17230,1023,0,7,0,1176,1113,687,1,4635,1,1856,167,0,801,1042,109
44,504,567,689,22,0,711,35,0,1147,5129,1290,0,173,0,0,0,1823,0,333,0,485,165,0,0,1885,3665,398,543,2047,4473,166,1280,3221,697,0,396,222,1,773,491,21,342,361,0,1044,153,526,345,0,666,5221,629,7,300,2100,2780,0,9,1354,0,0,0,1171,0,267,0,2549,0,0,51115,3045,0,222,0,1660,480,1440,0,1960,0,4180,342,1,319,1263,0
45,2786,2183,891,3,6,626,384,529,87,7030,980,0,536,1116,226,1,2691,170,1848,0,375,686,0,429,2,1312,253,202,1276,2287,58,1079,1849,2137,4,2488,418,0,11,562,787,50,300,1,713,71,684,2756,713,0,5477,817,114,131,2158,5052,5,74,1307,2,0,0,1249,0,26,11,4671,0,182,21262,982,499,1083,240,5127,2075,3004,75,801,7,1082,886,3,157,3208,520
46,13217,2096,757,0,172,2110,353,734,790,19495,1645,276,4004,77,123,0,10080,0,977,0,1631,3450,0,44,8540,3023,508,403,2033,3919,0,686,2133,2972,0,1603,1200,2295,943,666,2,56,1244,1,1336,792,484,748,2009,2919,6935,1403,2488,1,1433,2657,0,0,4720,0,0,0,1583,0,191,0,3328,0,0,164504,2122,0,0,1025,4049,908,932,0,5944,2,7424,927,0,1620,4025,220
47,1002,1007,361,0,0,1226,334,466,1132,9084,1960,0,0,326,0,1,2637,0,891,0,190,317,0,417,2706,2276,295,187,1125,3441,0,473,2218,565,1,785,788,1546,931,847,12,310,1211,0,3076,160,180,1028,315,499,1309,779,1209,253,3785,5954,0,73,3006,0,0,0,730,0,276,0,2513,0,469,66370,1653,0,125,104,1307,1234,1109,0,1144,0,940,342,0,556,419,0
48,4853,1743,644,0,233,2870,1061,769,1563,14818,3019,217,1729,1731,0,0,6008,310,1260,0,416,2634,134,1016,19861,2513,433,220,2005,2729,125,182,1957,905,0,1676,2734,10085,926,1272,260,1300,1516,0,2849,2102,191,2296,2199,1873,6366,1734,7303,705,2623,5592,0,392,12554,0,0,0,2265,0,216,18,3943,0,0,217514,5268,0,563,1072,7778,2025,4064,0,3347,0,10906,2233,1,766,3092,583
49,1409,17,27,0,0,1,0,0,866,3431,1001,0,1596,1199,0,0,3177,0,1619,0,0,0,0,0,1,8062,671,1057,5806,9885,94,1042,5452,2,0,786,1099,731,183,0,234,85,0,0,672,738,0,1,440,1345,3511,616,568,0,1080,944,0,33,800,0,0,0,167,0,0,0,1009,0,0,4785,125,0,1,0,826,626,0,0,1535,2,1425,0,0,428,1436,0
50,4601,235,159,0,553,1228,1531,995,927,13282,2148,692,726,512,0,0,4107,0,0,0,233,2474,0,719,3208,5793,984,839,3259,9248,916,1050,4479,2191,0,906,2410,2,1298,2785,427,391,1579,0,567,243,50,3,1184,767,9836,1867,739,957,3316,3783,0,667,4524,1,0,0,1319,0,1516,0,4716,0,0,135894,1311,1,321,623,2266,2651,4241,0,4907,0,3525,195,0,1153,1857,61
51,7034,456,691,0,717,531,205,1726,4211,26114,4830,233,4246,1210,0,0,15668,0,3061,0,1667,5066,0,353,1657,4218,803,647,3198,4248,0,388,2602,1541,0,2406,2108,699,1390,1798,936,996,1907,0,3693,4055,4,2524,1620,3417,18938,3132,2171,28,4941,6659,0,785,14367,1,0,0,2418,1,1283,2,9311,0,194,34303,2618,0,288,376,3558,3571,3484,0,9351,0,3226,1308,0,2032,4308,233
52,175,1,0,0,0,1,79,2,340,1647,709,0,1046,289,0,0,1,0,269,0,484,140,0,0,0,3818,394,699,1438,4020,0,1125,4680,279,0,11,55,0,234,0,0,42,0,0,0,1,0,0,352,0,353,341,57,0,138,1096,0,0,1,0,0,0,3,0,0,0,229,0,0,9032,1,0,0,0,0,185,276,0,1436,0,58,127,0,91,0,0
53,3551,798,270,0,0,2305,685,300,433,15635,2088,0,1486,647,0,0,5669,0,1756,0,2190,1534,0,487,2097,3006,441,183,1678,5130,264,678,2298,1493,7,1067,416,438,882,1426,634,385,868,0,1555,907,404,2206,488,477,6264,1427,1866,989,2344,4871,0,0,5532,0,0,0,1451,0,356,0,3803,0,10,130381,1674,2,99,0,3218,3744,2616,0,3504,0,4856,1773,0,774,1681,220
54,871,348,179,0,0,828,196,425,612,7375,241,34,2583,0,0,0,5447,0,595,0,403,271,0,175,3050,1500,354,118,1507,3166,975,412,2899,1103,0,1180,708,968,170,620,242,17,536,0,2112,475,0,418,611,859,4697,1933,895,0,1361,2127,0,0,1738,0,0,0,2884,0,135,0,1389,0,149,26331,2910,145,71,0,2052,404,1236,0,2476,0,2101,213,0,640,283,0
55,1253,348,0,0,0,750,885,302,483,7951,1723,0,256,452,0,0,3675,0,1057,0,618,990,0,705,4628,2976,477,826,1698,4634,949,683,2916,1804,0,1381,492,3519,416,712,42,874,1181,0,0,486,164,564,175,604,5841,1960,2962,485,1546,3066,1,689,3052,0,0,0,379,0,514,0,3398,0,0,101953,981,0,154,195,928,1399,2784,0,1375,0,1309,1488,0,324,2169,235
56,2720,450,227,0,0,207,127,0,1095,2485,2252,1,0,10,0,0,2074,0,209,0,238,21,0,0,0,3162,440,800,2099,2044,0,825,2376,428,0,272,457,3,357,392,0,361,53,0,1956,75,81,832,586,510,160,179,1,217,1869,1983,0,0,536,0,0,0,800,0,159,0,1097,0,0,9740,597,0,0,103,1583,291,261,0,1656,0,1366,303,0,462,110,51
57,3249,567,1085,0,231,1497,596,619,2910,8311,1030,3399,1203,459,0,0,1155,0,1895,0,331,1669,0,512,0,3074,252,350,2624,6881,865,605,3040,563,0,2909,287,2,313,614,728,100,214,0,4512,379,0,507,493,1532,9440,1349,1,175,2139,4879,0,0,2572,0,0,0,987,0,262,0,3153,0,0,80913,1941,0,0,0,1478,992,1165,0,3891,0,2572,675,0,941,2444,748
58,3463,1264,369,0,56,935,1499,466,380,5636,963,0,1867,258,66,0,3398,1,1453,0,486,1688,1,237,7966,1046,127,74,479,1971,0,106,746,2189,231,2649,1379,7454,395,614,643,347,819,0,2327,708,309,2432,1257,1201,3487,1206,5248,433,3224,4618,0,478,3194,1,0,0,2185,0,80,1,5188,0,0,86576,2002,295,155,252,10319,1146,1613,0,706,1,3640,1494,0,521,3878,173
59,3354,679,174,0,116,623,1115,212,551,4547,970,0,2277,310,0,0,1978,0,1268,0,889,631,0,258,164,2447,570,226,1515,2183,316,380,2002,761,38,1872,529,686,263,512,336,323,204,0,1992,0,33,1541,448,155,2781,634,477,249,1502,2009,0,0,1508,0,0,0,303,0,441,0,1776,0,0,86851,654,116,38,0,2094,44,1770,0,3542,0,3032,982,0,457,1957,0
60,1800,871,148,0,37,93,433,612,724,5780,552,93,1015,416,2,0,3044,0,177,0,266,26,0,55,17,610,68,124,605,1050,0,260,586,646,0,708,528,62,171,300,408,70,323,0,409,209,64,423,436,193,3643,801,351,21,1189,3061,0,167,5022,0,1,0,568,0,115,0,4071,0,0,16580,152,0,23,86,1816,367,1121,0,722,0,639,410,0,217,757,119
61,1934,488,5,0,650,9,1617,306,448,6773,1666,1,1045,565,1,0,4443,0,1244,0,117,2026,0,447,1181,4482,371,504,2940,2724,0,1617,3287,2908,0,922,1081,2022,114,1210,332,358,1116,0,2326,1098,1,1161,1200,1586,2831,894,5512,693,800,4070,0,0,5085,1,0,0,819,0,197,1,3033,2,0,109657,1469,0,311,288,1144,516,2584,0,1433,1,2724,289,0,1006,2403,192
62,29392,12831,1991,0,142,3782,3865,5027,7105,55617,7607,762,3987,1744,1260,0,12659,0,6180,1,5840,16749,0,1442,12696,4030,465,565,3323,7988,1147,3565,5409,4984,6,10533,11951,14161,1614,5525,4148,7274,2979,0,8196,4905,2182,10123,4630,8033,34048,11198,15393,2458,25188,25943,0,3462,15920,0,0,0,8453,0,1709,0,29859,0,721,280902,6664,1084,1210,1659,67431,7786,8651,0,8173,2,13655,13556,0,3414,13693,2750
63,1960,1626,81,302,157,1089,396,288,323,9980,1651,0,837,280,0,0,2085,0,876,0,1277,0,0,0,1163,3925,480,507,2416,5998,1,1523,4159,1909,0,0,60,519,328,880,33,17,435,0,309,140,147,1413,963,215,4530,872,236,365,1803,1901,0,1,109,1,0,0,729,0,332,0,1416,0,309,22059,764,0,0,349,673,386,2019,0,4948,0,283,591,0,436,521,125
64,2584,860,265,0,0,0,116,227,1208,6988,1258,113,1773,619,0,0,3439,0,1690,0,948,928,0,302,3758,3530,395,205,1667,3148,841,559,4652,1353,0,1079,702,2460,913,724,6,1,515,0,1848,777,0,140,622,897,3897,1338,209,231,1912,2958,0,221,3447,0,0,0,1866,0,138,0,1778,0,208,65566,584,0,89,76,898,1065,1676,0,3406,1,1778,180,0,750,851,330
65,3687,1548,452,0,0,797,24,402,358,9523,1376,90,1380,720,106,0,3268,0,1081,56,703,0,0,598,5153,2213,230,103,1441,1430,481,267,1906,947,0,1541,1483,1592,609,813,74,226,800,0,1385,580,129,2036,1069,609,5700,1066,3779,178,2553,2858,0,59,4303,4,0,0,1417,0,133,188,3863,0,141,86366,1909,139,132,524,6644,935,1578,0,1412,321,963,1767,0,615,788,16
66,3284,1062,0,65,0,1642,888,1060,605,9132,1926,0,594,1954,140,0,4119,0,1380,0,621,2606,0,140,7089,1334,222,489,1521,2702,0,431,2451,1095,0,1266,1045,8890,925,1254,4,730,706,0,1229,569,0,934,1142,705,4776,1131,5264,0,1480,3221,0,598,3630,0,0,0,2135,0,98,0,3292,0,222,80605,1372,0,469,21,3418,1946,1691,0,2366,0,2486,768,0,486,2936,325
67,1419,1236,0,0,0,493,1105,177,1172,9758,1298,0,1522,235,226,0,1907,0,546,0,254,404,0,0,1829,2986,770,363,1880,5375,664,313,3174,573,0,381,421,1054,103,418,354,560,18,0,1377,291,183,1316,577,1142,1813,700,1566,461,1232,3978,0,107,2592,0,0,0,1793,0,333,1,4493,0,0,57081,892,0,0,0,617,710,1008,99,1825,0,490,394,0,471,0,167
68,3601,1690,0,0,3,0,568,804,927,4208,1039,0,705,826,0,0,3401,1,790,0,0,721,0,141,3433,4189,459,396,2116,4984,874,1338,3567,2275,0,348,670,10364,260,1200,0,308,891,0,1402,1006,142,1294,1388,1030,4948,380,2543,175,2533,5269,0,0,4539,0,0,0,2539,0,714,1,3042,1,0,104737,248,0,111,292,3942,1982,3228,0,730,0,4332,1158,0,556,1227,724
69,563,125,0,0,0,159,0,0,523,5614,679,227,0,0,0,0,632,61,774,0,149,183,0,0,621,2310,523,425,2399,2833,482,1045,2009,42,0,790,423,1,137,279,0,5,371,0,197,0,63,0,316,356,988,551,0,0,1405,1018,0,156,426,0,0,0,0,0,61,0,1269,0,121,10061,1356,0,196,0,0,0,604,0,1659,0,0,0,0,232,358,0
70,1540,481,2,0,574,195,102,93,800,5936,975,0,919,605,2,0,3847,0,503,0,217,386,31,240,0,4472,565,477,2752,3678,650,1661,5038,360,0,357,943,1,221,129,17,336,332,0,2121,660,123,635,757,344,1883,48,0,0,1959,4000,0,313,6164,0,0,0,302,1,17,0,2152,0,0,13272,34,0,0,14,564,991,371,0,1051,0,1545,582,0,442,453,226
71,1174,441,0,0,0,285,27,0,267,5306,520,0,1947,22,1,0,1476,0,0,0,510,752,229,0,336,3635,435,666,2957,4490,225,626,3405,1274,0,787,271,99,446,180,35,15,513,0,520,322,302,488,117,396,4128,596,906,231,1169,2278,0,220,2023,0,0,0,22,0,132,1,1116,0,0,21036,728,268,0,0,350,8,792,0,2721,0,1420,310,0,580,118,96
72,5382,2596,448,171,0,472,1049,607,647,5641,1231,0,0,576,0,0,560,0,1253,0,503,1417,0,0,1563,1686,112,163,852,1480,1041,395,1060,602,71,1190,1788,8544,375,370,462,293,595,240,745,854,134,548,428,811,2038,612,2456,645,2950,4759,1,332,5090,0,51,0,2302,0,162,138,1861,2,174,72980,854,407,45,204,7057,682,2843,0,909,4,3872,1140,1,495,1594,175
73,2861,3539,250,0,0,276,793,825,169,4727,2062,578,654,512,214,0,2374,0,877,0,354,2155,0,481,12814,2757,235,376,1780,4217,273,473,2751,2914,306,731,737,9960,364,1144,815,883,1237,0,1306,1167,0,2282,942,2458,3715,2471,5582,124,823,2707,0,679,4488,0,0,0,1923,0,580,0,3871,0,271,130140,551,421,535,1003,3782,1564,913,403,1289,2,5865,920,0,982,1843,169
74,2307,481,529,0,396,1437,487,236,908,8022,400,377,2123,566,0,0,4810,0,739,0,680,888,35,271,5479,1421,329,509,1959,1869,0,564,2488,1078,0,1252,765,3319,463,396,320,211,997,0,928,1395,102,912,964,1385,4038,2706,3087,538,1403,2840,0,360,2194,0,1,0,3938,0,333,0,3382,0,0,88921,1610,220,17,210,1656,538,2019,0,2787,0,870,1288,0,779,1671,515
75,1599,540,274,0,0,644,94,363,211,9920,985,88,195,19,485,0,3854,0,184,0,229,2596,0,260,0,2752,419,492,2386,3252,0,254,3937,0,0,1063,1269,1,130,436,380,78,875,0,590,201,0,1051,515,741,3473,1851,0,283,2787,1099,0,442,3825,1,0,0,549,0,1204,5,1592,0,0,26043,2845,0,0,0,2738,1807,889,0,1745,0,2324,0,0,549,573,450
76,1131,1051,1,1,0,806,394,357,736,7062,2287,172,0,792,1,0,2916,0,1423,0,148,933,1,274,351,1595,84,156,778,2841,0,284,1534,1848,69,1931,903,0,264,580,833,913,587,0,1898,144,11,1299,1150,865,4267,2191,479,487,5682,9057,0,406,6897,1,0,0,532,0,272,1,3425,1,0,13837,6768,316,193,210,6375,1098,1478,0,842,2,2080,513,2,429,2432,244
77,2609,193,629,133,0,4915,930,606,958,13018,362,65,1133,1426,305,0,4112,0,1026,0,926,3150,0,524,2395,3054,483,541,2111,3856,142,567,3326,1229,120,1709,2648,385,1001,1424,0,192,986,595,3254,862,208,1830,799,0,3010,1043,3727,178,2058,2556,0,0,6886,1,0,0,361,44,692,24,5063,3,0,121873,4926,419,160,0,3775,673,1943,370,1787,0,2701,218,0,479,1077,240
78,2012,529,256,0,0,178,1104,2,511,6185,930,1,390,1028,1,0,2414,1,2,0,525,1427,5,503,3000,3599,512,774,2678,3911,264,615,4875,1418,0,351,1234,2254,1157,394,18,591,207,0,18,657,285,364,192,1409,1543,310,2320,741,1047,2405,0,4,2473,757,0,0,3,0,58,345,946,1,295,74840,843,0,166,93,2200,749,787,0,1070,0,2798,545,0,636,374,259
79,285,322,2,0,0,0,90,57,239,1368,309,63,0,195,0,0,1262,0,2,0,65,42,0,0,20,2408,340,323,1384,2536,596,610,2576,200,0,242,137,0,236,255,0,2,1,0,326,252,81,244,237,112,1055,231,3,0,826,465,0,194,8,0,0,0,124,0,91,0,110,1,0,983,610,0,0,0,0,143,302,0,864,0,1394,0,0,185,0,300
80,2450,1456,0,1,18,139,511,307,402,3849,915,0,202,369,93,0,463,1,1275,0,491,804,0,1,1523,1525,102,76,906,1211,414,759,1079,758,1,250,1589,548,317,209,279,301,488,1,2388,642,392,1131,403,409,1827,488,248,23,3146,5859,0,398,2614,0,0,0,278,0,257,3,6363,2,0,63550,2456,1,1,207,3509,2070,1608,0,396,1,1389,1312,0,293,1579,102
81,12084,1259,0,0,0,2852,1649,1023,3123,33405,4157,1,1879,2325,2,0,16885,3,4461,0,1197,9820,0,965,3958,4133,1291,1544,7816,9110,687,2002,8422,801,0,4758,4625,1390,1261,2646,128,4204,1645,0,4329,1601,467,1407,4151,2111,22460,3938,10743,2198,8230,12808,1,1262,14769,0,0,0,3624,0,1479,0,13787,1,320,157248,7628,809,1171,183,23502,2178,8858,0,5567,0,12191,1147,0,3286,1915,1295
82,2388,555,659,0,0,437,22,12,461,6362,1806,0,0,686,283,0,3842,0,889,0,525,39,0,386,547,5576,623,439,2910,2642,380,525,4108,565,0,899,175,1,516,836,0,1076,695,0,278,763,0,1512,1176,1048,2812,657,957,251,2571,4169,0,896,3363,0,0,0,445,0,21,0,1754,0,0,12050,779,0,0,0,3091,490,316,0,820,0,1950,709,0,748,305,438
83,4405,3481,456,0,2,2143,2252,1377,961,12155,2927,0,1789,2005,0,0,5788,1,2497,0,834,684,0,623,4088,2254,242,158,1380,3697,0,672,1961,4426,0,2347,2454,6667,1425,1129,388,871,1494,0,1980,2090,261,3386,1607,228,9154,2175,6482,1454,8233,14249,1,1091,8389,0,0,0,1755,0,587,0,11069,0,178,189686,10152,371,134,1509,21868,2597,4560,0,2107,2,5194,2185,0,876,2841,1065
84,449,5,77,0,65,29,260,0,163,261,141,13,18,21,0,0,131,0,45,0,226,156,0,14,28,1630,158,137,769,1111,306,871,1003,19,5,95,475,275,176,40,52,64,0,0,189,67,44,465,51,231,99,54,644,7,476,833,0,49,2745,0,0,0,15,0,9,0,284,0,6,41720,17,0,60,4,441,74,256,0,426,3,268,0,0,53,0,9
85,4654,4502,0,0,0,68,1499,100,706,7485,2403,0,3040,1100,0,0,6757,0,2059,0,370,3431,333,152,4808,3425,475,489,1523,3157,0,957,2456,834,0,2245,1373,11919,498,1148,1902,297,1460,0,1108,441,267,73,863,1538,5729,1063,3181,484,3558,6148,0,113,5022,0,0,0,1044,0,452,0,11873,0,0,95842,1760,276,75,2,8573,360,3522,0,2099,1,3784,600,0,776,3845,577
86,6826,884,920,18,1,1116,832,596,467,6341,1028,50,628,1652,119,7,1612,34,641,34,516,1408,128,303,7519,1007,93,95,423,1780,61,380,950,1086,7,1038,1718,21076,592,488,591,131,500,10,1048,1326,366,1074,2543,1497,2364,1375,6926,247,328,1796,13,192,5877,49,8,3,1651,2,182,76,2547,40,128,107321,2132,1014,350,1666,4209,241,2030,5,960,30,2400,599,12,912,2476,136
87,23701,8087,212,0,0,779,1037,275,1360,8843,1194,1,0,1527,1,0,3473,1,3501,0,337,4930,93,141,12382,3130,767,243,1801,8072,2682,821,4033,2332,790,3900,2297,19155,952,986,2,484,1081,0,3608,906,191,3157,3213,30,7650,996,3413,1024,7385,5645,0,194,8244,1,0,0,1233,0,397,0,5502,1,1,231827,2964,0,886,0,15568,2768,3858,89,2729,1,15256,906,0,653,8268,4
88,4712,6999,704,0,316,594,836,1003,384,11455,4073,0,123,464,0,0,3613,0,710,0,275,1147,0,49,134,4009,275,372,2561,4738,2035,2333,2169,777,0,3453,1022,34,643,1744,502,107,628,0,1342,43,59,2281,1548,1998,3268,1287,535,524,7258,7824,0,1163,4129,0,0,0,701,0,390,0,2125,0,0,27167,1815,0,4,0,2953,3488,1320,0,743,1,2980,3107,0,300,4487,484
89,8807,5859,224,0,0,298,2324,2023,485,5673,2127,24,1692,244,0,0,3959,0,3010,0,156,1207,236,3,3808,3271,257,417,1944,4588,1912,349,1719,3366,0,1245,2947,16485,770,1207,358,4203,857,0,3256,1531,348,2821,2685,1730,5522,1360,6180,358,4956,10108,0,233,6905,0,0,0,3294,0,657,1,8258,0,0,163576,263,17,453,1905,6365,3298,3360,0,273,1,3549,2205,0,1011,1828,987
90,16033,3597,1427,0,255,2198,4575,4333,2989,20041,4385,173,1657,1433,0,0,10635,88,3612,0,1318,894,38,764,20600,2418,169,156,1455,4803,230,254,2491,7402,55,5386,4890,25233,2570,1823,2419,818,1881,0,8767,3269,984,6772,5145,4085,19891,5069,8594,929,8605,6462,0,1040,7778,0,0,0,5649,0,495,0,13354,0,0,352076,12611,736,649,2637,17526,5045,4756,90,2861,0,6660,2744,0,2602,7978,841
91,1099,357,308,0,0,256,381,117,454,2692,466,1,0,305,0,0,1065,0,207,0,284,267,0,0,125,1196,141,83,510,921,281,200,675,487,0,311,860,0,276,241,0,519,380,0,595,579,0,670,226,281,404,596,392,285,1012,3341,0,129,2920,0,0,0,206,0,210,1,1030,0,1,16170,1755,0,224,46,2378,128,287,47,231,3,476,263,0,128,2,66
92,3119,2031,773,0,0,932,290,135,412,5523,1071,343,1487,720,1,0,2273,0,1082,0,253,865,0,232,4694,2645,554,127,2116,4494,1232,700,3727,1350,0,1637,656,439,248,914,6,0,517,0,0,828,0,1985,581,732,3380,842,5665,383,1269,5074,0,0,3663,0,0,0,818,0,136,0,6351,0,1,78915,1273,0,260,0,3109,568,2022,0,1043,0,4206,740,0,159,249,521
93,8384,3039,2332,423,670,2,949,1366,3060,24017,957,284,2127,1859,69,1,6133,683,7874,0,1135,2102,0,1,0,5186,501,258,2433,8208,2122,1243,3234,3394,0,2930,587,962,214,1188,402,1029,1926,0,1049,1402,266,3452,2919,1648,8596,3246,877,463,7612,16025,1,1032,10856,1,0,0,1174,0,989,1,12084,0,0,118569,2184,3,179,577,9191,2916,4508,56,2045,1,2437,3165,0,528,7135,547
94,8869,4781,1231,1,0,1,3869,2540,348,5680,1858,0,0,1,0,0,4889,0,1523,0,239,8672,0,603,17695,9213,1639,949,3876,8257,0,1511,6817,5310,0,954,2284,24636,1262,2188,0,4093,970,2,5092,2208,15,6405,1182,1352,6012,3657,11868,372,5199,10928,0,0,17266,1,0,0,4939,0,725,0,7561,0,0,376670,742,0,296,1578,5693,4540,1445,0,832,0,9637,2662,0,593,1904,541
95,768,375,66,0,0,318,456,202,125,2346,243,78,776,140,0,0,696,1,325,0,171,28,32,53,2,637,159,127,483,1072,395,564,558,207,0,494,427,763,292,145,93,20,299,0,459,109,36,388,616,127,2429,483,235,190,1195,937,0,201,1875,0,0,0,94,0,357,4,2608,0,27,46395,378,110,57,0,1023,343,1166,0,531,0,190,35,0,244,382,110
96,1101,52,78,2,8,345,464,191,326,3433,361,1,183,341,1,1,1554,0,29,1,128,686,44,42,1137,687,86,36,416,601,5,194,858,384,0,223,558,4164,158,183,148,208,220,0,994,272,98,387,287,210,1810,296,2177,1,1468,2109,1,81,2394,2,0,0,328,0,40,4,1558,0,73,54182,83,19,2,3,1844,462,567,1,441,4,1284,357,2,215,337,34
97,3333,1450,519,0,1,356,878,780,1255,6424,3705,238,0,1576,0,0,2971,1,2026,0,728,1049,0,195,3338,1181,131,174,957,3548,741,1138,2642,2054,0,1698,3134,2,1040,1029,345,1513,544,0,4319,1304,72,3387,827,545,774,1829,186,63,4056,10366,0,1191,5827,0,2,0,445,0,1220,0,6957,0,537,83512,2675,0,851,710,15915,3181,2060,0,765,1,10033,1264,1,442,742,523
98,2982,1020,28,0,321,403,1884,1900,492,10711,1525,1,346,0,0,0,7771,1,1477,0,118,5599,0,1098,12182,2346,654,251,1902,3790,798,1847,3729,2923,0,1649,630,9331,707,1454,1093,1218,791,0,65,1721,958,708,3362,3040,11620,1240,5351,1973,1949,10236,1,76,5539,0,1,0,2232,0,279,33,4979,1,11,172401,3842,0,459,2375,7416,80,1858,0,649,4,3866,33,0,1152,2568,566
99,1467,661,497,0,0,0,161,96,281,1582,534,0,0,95,0,0,978,0,693,0,31,228,0,146,1815,1143,85,70,468,2412,112,362,1352,662,0,517,852,6392,50,623,0,186,282,0,466,841,62,1155,1174,148,734,366,1968,590,1348,2462,0,0,1184,0,0,0,356,1,122,0,3252,0,3,28758,739,0,67,244,1186,502,151,0,300,0,1598,527,0,214,238,71
100,13185,2096,820,24957,3805,4596,10749,6441,0,922,1134,17252,0,9091,4641,5707,0,37275,0,3971,769,711,6746,6146,0,8220,472,712,4117,9618,987,1464,4901,4095,12388,0,0,2,21989,753,16347,14715,342,7081,0,0,3191,9258,4975,0,0,6126,2,6430,0,1,17737,9416,16004,41177,6024,3931,0,5598,3657,123473,0,51797,12089,195141,2429,19299,4867,15224,0,0,1,8982,1576,45697,1,8643,34602,1070,0,4565
101,12473,972,3271,5564,2855,2,486,2556,3,0,1746,4750,0,40370,5659,2535,0,22893,0,6640,594,49,4118,10004,0,1343,203,424,2154,2232,796,544,2636,1622,1553,1,0,1,28648,4491,1478,0,2856,2464,1,2755,1634,2833,1492,0,0,3325,4,2570,1,0,4065,18880,22697,17391,8675,16265,0,1758,5342,43720,0,11818,8409,74551,1,8640,1157,24,118,3227,1,2596,1571,5980,478,681,4778,5115,233,7723
102,19887,1045,3083,24814,7619,1,5227,3545,0,238,3148,26991,0,11195,11234,5697,0,35491,0,11925,599,0,5047,10337,837,6798,889,1146,3510,10548,2667,1099,8487,9667,4828,0,0,4,40794,3271,13508,1974,1539,10578,3,1672,8963,12005,11982,0,0,10241,0,12336,0,0,21342,14494,10316,53330,5758,9017,18,4663,3319,105503,0,6544,27698,392430,0,18544,4652,0,955,0,690,5044,6555,80956,0,2183,17917,3342,0,8198
103,2678,1731,0,1,0,2,0,2801,0,357,2,0,0,3323,0,0,0,2570,0,0,2,0,596,0,1,8610,487,929,3814,14342,2447,6118,4449,3457,1,0,0,0,7738,445,0,0,832,106,2,0,1694,1,1393,0,0,4,0,0,0,1,0,0,4,15099,1988,0,0,976,420,1580,0,0,0,84977,1,0,102,1,0,0,2,11,1469,0,906,6247,27,501,0,40
104,4028,474,1187,5631,1079,24,1256,733,0,195,369,2929,0,2761,1691,2742,0,8424,0,1129,85,0,1087,893,0,475,118,135,336,914,252,57,748,945,972,0,0,0,4421,294,376,747,439,740,1,296,1226,1416,856,0,0,426,139,1044,1,0,3352,5814,9467,6336,2270,2784,0,533,1560,35684,0,5000,2160,83883,0,3344,679,539,0,52,8,1807,545,9303,1,1706,5874,695,1,727
105,24,14,16,0,0,88,0,12,8,3,3,0,0,8,0,0,0,0,0,0,10,0,2290,0,139,60479,11215,9854,35542,91319,676,17400,63328,5831,0,0,0,232,22311,12,0,0,5,0,65,53,2,6,17,0,0,18,83,7,3,4,0,0,40,39417,711,0,13,0,0,1,0,0,8304,35509,2572,0,1,3,3,0,0,0,13,0,4,0,0,9,0,2
106,1670,222,326,1853,458,543,460,179,1,37,23,1757,0,641,674,595,0,3039,0,407,23,0,313,734,0,798,101,96,331,1091,58,344,638,622,411,0,0,0,3694,128,998,124,20,243,0,1,299,236,301,0,0,537,28,339,0,0,1151,1016,3343,2870,777,310,190,538,271,8154,0,718,1129,41753,191,857,328,202,0,0,63,725,200,3897,0,488,971,131,0,157
107,6311,1,0,1490,7249,6912,593,1292,0,0,1634,9749,0,8495,5820,2292,0,6235,0,6411,3084,0,6437,9695,0,11912,812,926,5622,6944,0,752,3748,2360,1789,0,0,0,39789,6665,1797,4115,5700,3697,1,1846,3642,6064,336,0,0,2066,1,70,0,0,266,5685,37570,15448,4053,5869,1,2889,940,12218,0,60012,31212,55403,1,8814,1314,3,7,0,2,217,2634,7967,0,620,1539,2172,0,4251
108,4268,2217,411,0,0,1,0,687,2686,2,465,253,0,0,0,0,1,0,0,0,152,0,0,0,1491,2109,547,287,2024,3936,495,425,4691,3804,0,0,0,403,488,741,0,0,0,1,5345,1372,134,617,996,0,271,308,303,0,0,1,0,0,138,0,0,0,2932,0,0,1,0,0,0,31514,0,0,0,0,0,0,1,0,5198,81,0,223,0,1067,1,40
109,8321,569,874,12928,1351,4863,4348,1638,71,355,87,3809,0,2740,3609,2520,0,13577,0,1669,413,0,1456,2119,0,2632,164,226,1018,2322,228,622,1535,2773,5542,0,0,0,8813,624,4556,6002,657,4338,594,1169,1343,2136,1943,0,0,987,0,3009,0,0,5949,3073,4849,22228,1696,2890,623,2955,2511,44544,0,18117,9876,107169,0,6615,1519,1557,111,5,1,1945,628,24580,0,1223,13200,360,0,1663
110,5788,410,1850,6887,1754,2402,1973,670,0,0,391,3472,0,1920,1330,2188,0,7101,0,1065,555,0,1853,1859,0,2424,387,130,1445,2781,1406,807,2011,1701,3269,0,0,3,10943,559,3905,541,223,3020,1,751,1548,1543,1787,0,0,2497,11,2803,0,0,4593,6338,5224,19287,3276,1297,715,1924,1223,35733,1,598,3054,70180,1771,4571,1459,1529,226,0,0,1836,814,18986,0,1893,4886,571,1,1555
111,3284,202,367,765,639,1018,167,214,37,76,250,628,0,577,760,231,0,1206,0,613,78,0,774,237,10,444,35,32,247,765,41,259,327,340,107,0,0,0,3473,295,388,297,116,723,77,97,212,96,166,2,0,318,59,291,0,0,960,768,1350,3607,664,1069,179,461,464,2116,0,1676,1403,20826,47,1452,466,13,38,40,0,346,347,1905,0,1193,4090,272,0,425
112,2360,82,530,1160,2092,1,132,183,0,0,349,779,0,766,53,319,0,1018,16,397,44,0,1713,774,71,1097,127,66,696,1580,241,218,568,356,76,0,0,17,7165,86,222,154,31,927,1,1,214,843,143,0,1,556,96,163,0,0,629,995,7197,3971,1428,1069,71,365,124,4199,0,0,817,43013,303,335,169,47,0,0,247,304,656,3642,0,337,662,234,63,432
113,6650,331,1251,4540,321,78,1218,1140,0,79,424,3274,0,6666,4736,2271,0,10450,0,2121,172,0,1182,968,0,931,131,86,713,1996,105,691,736,1991,835,0,0,1,9616,653,986,280,448,1193,0,349,5795,3425,1605,0,0,1686,18,3205,1,0,3664,9318,30992,8556,6283,2652,90,1413,1422,18187,0,12190,5488,173637,0,3676,1275,659,182,121,0,3016,1293,7669,88,826,6468,935,0,1461
114,20986,3680,3359,10773,2235,10167,11430,2752,0,2,699,11064,0,4371,8566,8318,0,30548,1,8128,294,0,6012,6245,5,5018,709,806,2642,10246,1453,2241,3749,8322,17913,0,0,5,29612,2542,5862,4616,1382,5764,1,1822,6311,6103,6363,0,0,5367,11,3147,1,0,6086,8230,21339,37165,10835,3730,0,6390,2573,90276,0,11597,14656,306869,1142,14511,3404,9392,2661,0,75,6069,3002,46893,0,1567,13572,918,0,5579
115,14,9,0,0,0,1666,1,4,3,0,586,0,0,2,981,0,0,0,1,0,1436,0,0,0,3,21086,3656,1614,11175,20402,309,7675,12296,738,0,0,0,9,2542,0,0,47,0,0,2,2,944,1151,74,0,0,5,1,3,2,0,0,0,1,6000,398,0,2,1305,0,3,0,0,0,8052,1,0,2,0,0,0,0,0,3,0,0,5,0,1,0,1
116,12,458,231,0,0,2626,1,262,0,0,37,0,0,1,367,0,0,0,0,0,1421,0,34,1,0,2436,495,586,2194,2967,485,744,2595,31,0,0,0,0,71,4,0,186,4,0,3,7,26,1,1,1,0,0,1,0,0,0,0,0,11,670,0,0,8,13,0,0,110,0,225,5969,588,0,0,1,0,0,504,0,2,0,0,1,0,20,0,0
117,3552,202,324,5047,2531,1515,1014,864,2,51,136,5926,0,2025,594,1008,0,4837,0,717,33,0,1062,1968,1,1165,207,90,451,1060,136,220,614,1392,567,0,0,1,7576,445,1308,597,161,2332,1,46,217,2209,588,0,0,1536,1,1249,0,0,4602,1628,2896,6352,2351,1413,192,1428,264,21951,0,284,3143,76455,3878,597,965,1360,332,0,655,887,538,26863,0,1026,4081,500,0,701
118,3852,172,1238,548,1631,952,470,271,0,25,119,2933,0,889,517,628,0,1342,28,619,94,0,1523,536,1,1127,275,174,919,1881,220,326,898,1071,66,0,0,1,9573,433,454,129,226,1379,1,58,593,364,222,2,0,1054,97,338,0,0,877,922,3924,4717,1953,403,220,689,343,3412,0,2980,1305,55275,259,1868,565,55,2,0,0,547,893,2995,0,946,2003,199,0,809
119,2431,525,109,2279,1414,110,658,601,0,0,218,2344,0,941,431,1127,0,5505,2,847,19,0,1028,1480,0,658,141,150,495,1050,221,212,815,1008,523,0,0,0,5190,417,1334,358,117,499,1,70,359,751,349,1,0,831,1,677,0,0,1997,1607,4974,6306,1008,1104,49,581,635,15029,0,0,822,75936,480,1393,468,239,112,0,2,433,654,9352,0,1152,2902,136,0,492
120,2387,168,496,3354,631,674,1931,484,0,67,281,653,1,2946,1911,2717,6,9111,0,1435,15,1,867,936,16,738,101,16,421,720,75,258,613,1102,1040,0,2,123,4756,229,833,392,359,938,2,343,1262,1408,941,1,5,1127,56,1538,1,5,2054,6106,14791,4848,1667,1698,89,393,983,29165,4,6829,2674,111636,208,2970,978,215,223,174,49,1374,370,4849,2,112,3860,518,71,752
121,2785,161,582,3166,1090,2141,958,234,0,189,186,1839,1,498,384,913,0,2937,0,830,14,0,1235,1088,19,525,166,89,445,1555,251,72,996,480,265,0,0,148,5401,357,1718,714,253,473,1,168,724,278,907,0,0,1211,79,649,0,0,2277,1739,4863,4745,947,801,1,495,1305,12893,0,1649,2004,90985,0,2210,861,760,102,0,0,841,442,8187,0,1477,4260,279,0,662
122,809,2,2,1265,0,1750,0,3,7,2,3274,0,0,33,10,0,0,0,0,0,1470,0,0,13,0,10323,1432,511,11747,18168,0,0,5446,10,0,0,1,0,1988,6,0,5,1,3214,2,0,539,8,9,1,0,55,12,3,1,0,0,0,218,0,1124,0,3,673,0,2,0,0,0,13597,19,0,0,1,0,0,36,0,18,9,0,0,0,555,0,0
123,19232,3963,1258,23677,1265,0,10604,2564,71,634,3467,4735,0,32910,4656,27697,0,74876,0,3667,944,2075,5703,5890,1,2898,473,356,1329,2916,24,659,1433,2283,7974,0,0,1091,17131,2093,2372,362,1815,2190,781,1798,4560,6794,6208,0,0,3551,521,11755,1,0,60859,45261,71850,56605,35962,17829,0,6474,8951,205666,0,944,5304,656536,115,7844,2843,2233,1748,2289,2,11981,1909,16383,44,5115,17004,2527,439,6301
124,4112,351,877,2246,370,0,279,294,11,19,219,827,0,2762,880,873,0,5516,1,560,34,11,407,336,0,261,15,25,105,279,55,68,188,359,168,0,0,1,2301,248,236,2,160,200,28,66,356,457,312,0,1,471,1,725,0,0,3201,4911,3221,3706,1531,2095,37,457,1108,6101,0,1860,1061,49222,0,1660,219,19,75,15,304,873,285,2118,12,175,1481,389,0,553
125,21634,7886,3192,6688,0,1,3305,4774,1,737,2024,0,0,18655,3198,8263,0,46915,61,792,432,0,1990,35923,0,1370,126,139,981,2378,191,460,1230,8258,935,0,0,253,659,2468,1731,21,4601,512,1,1502,600,3572,2567,0,18,2323,899,5972,32,0,7404,0,15270,67910,0,1482,121,2227,2511,68628,0,342,556,270253,0,629,2664,2144,493,0,247,2724,685,907,764,31748,38487,1751,1,1398
126,9064,1861,0,1,0,1,0,1709,7,0,1296,0,0,1,595,0,0,1,686,1,356,0,0,2009,0,10053,821,815,6844,13588,1753,2726,7540,5752,0,0,0,595,1357,14079,0,51,1278,103,3,4335,504,828,6368,0,0,0,0,0,1,0,2,2,11586,1,0,1,617,0,0,5,0,3,0,129808,0,1,1,1,0,0,0,0,4648,2,18,37392,723,5020,0,1571
127,43004,2291,4849,43193,21991,0,20254,3759,0,891,4607,17535,0,9679,6718,13177,0,49515,0,4664,291,1,12441,11680,1,3854,484,198,2028,6244,47,1707,4534,8225,19133,0,0,0,58243,5016,15149,13137,2911,18697,0,1692,6968,11195,13068,0,0,12907,1326,19166,0,0,27055,8837,23883,78576,21441,11612,0,12782,5464,266820,0,0,7222,465468,14036,13603,5950,8159,2916,0,1075,7174,2455,167215,0,15355,42324,3009,0,5777
128,2606,203,296,2948,727,1176,1039,340,0,35,242,1865,0,1070,1518,774,0,3548,0,807,59,0,1050,919,0,553,58,121,452,1182,316,349,596,1044,1009,0,0,0,3875,278,668,1360,75,902,0,0,372,611,271,1,0,461,51,1036,0,0,2244,1421,2141,3451,560,696,0,474,274,15379,0,6985,2144,56035,0,1413,513,87,176,1,143,829,275,5093,0,439,3973,204,0,422
129,3,1,692,2,0,8,1,1126,1,2,1047,0,0,0,4,0,0,0,1,0,2,0,0,1,2,8016,2275,2113,10863,12722,0,2386,10214,6,0,0,0,2,485,17,0,41,383,0,3,0,41,1,16,0,0,1,0,0,0,0,0,0,0,602,0,0,1,0,0,0,0,0,0,24054,1,0,1,0,0,0,1,18,275,0,0,11,0,157,0,0
130,4066,176,21,3063,367,441,888,389,0,1,317,952,0,706,407,1721,0,5465,0,446,26,0,1311,909,108,734,165,156,704,827,240,455,902,637,713,0,0,1,2807,513,1359,210,229,1010,1,454,380,130,295,0,0,688,83,1038,1,0,1576,2193,4699,7351,1141,480,133,950,684,18362,0,711,1549,39508,505,1490,672,419,0,264,162,1114,331,4609,0,1032,3655,239,0,473
131,14082,1864,1339,35659,9851,1,6544,1871,0,0,752,15897,0,5438,5572,14501,0,30771,0,5865,453,0,5148,4941,0,4580,434,377,2261,6822,3186,446,5968,6023,10604,0,0,2,34235,2180,6178,5668,558,6698,1,1113,3469,8940,4249,0,0,8762,0,13331,1,1,8282,8373,8659,40300,6691,6918,658,4915,2836,156033,0,18,4982,178548,5229,6531,7751,4956,0,0,2,6402,1648,57623,0,3601,22650,1780,0,3470
132,3902,265,201,2967,605,825,1289,133,1,59,89,2483,0,934,535,966,0,4606,0,572,1,0,788,601,2,518,94,64,587,1090,8,290,494,1099,1231,0,1,84,3485,121,829,881,148,1283,1,76,418,1126,547,0,0,1009,0,1032,0,0,1144,1364,3692,2952,1217,589,64,491,563,16821,0,0,1276,41164,555,853,545,322,399,23,1,522,452,6216,0,694,3574,211,0,665
133,4991,4,353,3828,1140,1609,2183,842,1,33,279,3810,0,1512,1066,1870,0,9956,0,841,56,0,1726,2442,1,1415,160,217,1132,2552,0,294,948,2619,1311,0,0,3,7864,463,1556,611,164,1840,3,151,1775,2283,1353,0,0,1652,37,1588,0,0,6139,4463,2345,11751,1660,1626,2,1416,327,34062,0,647,1699,46925,1461,1470,1772,2903,602,120,149,1793,246,13761,0,1257,1308,452,0,641
134,3417,242,164,4625,1427,34,1145,568,0,33,206,1800,0,836,661,1551,0,4700,32,580,42,0,1536,2163,187,743,80,78,430,982,2,106,560,780,1180,0,0,4568,5515,126,921,639,159,1018,0,92,286,1391,220,0,0,1025,1021,765,0,0,2145,725,3363,5147,1401,1361,105,317,362,19809,0,0,686,51389,740,1378,587,1076,303,0,1,558,496,12727,0,805,2571,329,1,623
135,5739,749,636,8388,245,0,2162,1382,51,96,719,1536,0,14474,1342,6983,0,37761,0,872,175,0,1049,1518,1,450,59,45,215,537,62,37,567,1314,1920,0,0,87,2004,646,1064,72,552,744,1,1029,2019,2552,2749,0,65,1580,24,5658,4,0,33324,15293,16879,14627,13227,9612,131,1166,2912,71570,0,384,2020,142548,0,2357,2010,633,190,1328,42,2941,597,1551,139,6701,19108,674,0,3500
136,1916,252,419,3039,702,207,1302,121,1,0,117,1177,0,640,1096,645,0,3930,0,664,33,0,352,1202,1,590,199,99,559,803,21,250,765,713,404,0,0,1,3174,378,979,350,105,107,2,194,461,747,539,0,0,695,0,610,0,0,1192,995,3657,4914,1394,798,7,322,642,14855,0,989,1300,63823,0,1347,797,278,14,0,2,480,224,3933,0,404,1621,218,0,440
137,10106,0,1269,6401,6810,13236,55,228,925,922,1735,17177,0,9591,1269,987,0,12344,1,14625,2116,0,4603,11511,0,3482,2179,1043,2836,8476,1,3,7633,11750,1234,0,0,2,42239,562,5703,1390,882,2877,5609,796,3158,2591,3567,758,0,4308,0,4643,2,0,4624,8318,18072,13451,1366,5570,1,4077,4753,13743,0,31208,24512,40323,1,5192,1943,10,0,0,1,1845,2553,15011,0,4813,1490,3068,0,2077
138,4010,1245,2199,13772,7505,3361,2968,6154,0,0,2556,19702,0,15762,5412,4599,0,39324,0,8313,1761,0,5825,127,1,24858,1713,1541,5943,30738,73,7699,15101,17002,5945,0,0,0,30437,525,9862,8264,985,4828,1,2037,8804,6459,5690,0,0,6474,23,10874,0,0,7962,14672,17013,14998,6871,5879,1,3183,5444,175357,0,32311,18388,258610,1407,9741,4366,0,1964,0,0,2347,4223,35444,0,3700,12089,1197,0,13948
139,4,1,0,0,0,6914,0,9519,642,0,16854,0,0,0,2070,0,0,0,0,0,3012,0,0,1,1,81070,7097,7541,29838,118783,12931,12001,115254,6495,0,0,0,3,4151,2,0,1482,0,0,1,1,1,1,1,0,0,1,0,0,0,1,0,0,8,6792,0,0,0,0,0,1,0,0,0,166790,7625,0,0,1,0,0,3,0,1099,0,1,8714,0,0,1,0
140,2761,512,481,8303,976,674,3468,685,0,259,668,5066,0,1759,2348,1450,0,12757,0,1215,69,0,2239,1276,0,1901,164,200,879,3206,427,590,1829,3325,648,0,0,1,5507,479,2787,2709,252,1964,494,638,824,3202,1992,0,0,2070,95,3234,0,0,3275,4698,5413,12535,2057,706,857,1931,998,29780,0,24798,5038,55459,360,2753,719,4044,122,0,16,2539,354,12066,0,640,8278,478,368,1459
141,2476,281,300,1136,880,13,95,182,0,45,119,1143,0,493,177,447,0,1508,0,162,2,0,498,231,0,173,21,34,173,574,159,75,271,195,149,0,0,0,2559,151,319,141,39,341,0,181,178,310,90,0,0,218,0,459,0,0,728,494,642,1896,713,553,25,206,417,3233,0,0,614,17767,150,580,475,10,105,0,0,364,214,4252,0,578,1794,101,0,303
142,5570,746,1755,8937,1069,2194,2233,1162,1,63,796,2254,0,5111,1918,2161,1,11508,0,1551,337,0,2641,2499,0,1618,162,241,423,1697,58,403,1091,2719,908,0,0,721,10499,948,4193,574,175,3696,298,1041,3828,3451,2965,0,0,3365,12,2892,0,0,5444,6300,10394,14764,2676,928,418,1781,781,30291,0,14698,4575,114283,1636,3712,629,3901,343,406,159,1350,650,12641,0,1104,6664,956,85,1079
143,2668,111,892,3422,1387,1,1040,919,0,2,398,2918,0,1315,627,1340,1,3073,25,1465,0,0,1972,1353,30,2415,342,391,1718,2338,303,0,1996,807,750,0,0,2590,12523,451,2095,974,415,1786,197,368,1513,1817,1559,0,0,696,600,1277,0,0,2405,2357,10870,13206,2074,2247,0,1760,731,20690,0,833,1607,127385,706,1206,990,1952,234,259,82,763,697,16994,0,967,2659,294,0,1303
144,3102,112,974,6906,1202,4496,1315,1668,0,62,195,6394,0,2258,1643,1223,0,7615,0,838,68,0,1331,2090,0,794,164,106,652,1030,386,216,998,1318,1288,0,0,0,5005,444,2915,1852,472,1805,1,575,1343,2707,2177,0,0,1098,1,1602,0,0,5442,2353,1469,11390,1542,1855,524,777,758,20081,1,18507,3397,103308,292,4011,1096,1258,0,0,1,1578,447,19762,0,1793,7983,547,0,1327
145,2788,251,628,3575,1137,40,1766,891,1,132,359,1651,0,871,994,1312,0,4677,1,479,55,0,1149,1319,1,696,105,157,421,1114,80,81,698,1200,883,0,0,2,5692,158,1115,1264,127,482,0,301,734,998,961,0,0,536,428,818,0,0,2235,1013,3736,4674,1169,613,277,797,618,18018,0,327,583,82249,647,1009,524,882,4,0,0,1178,444,13002,0,1436,2480,167,0,260
146,3024,411,365,4156,1570,117,1251,791,3,173,697,4269,0,2254,1109,1940,0,5340,0,1533,3,0,380,2435,0,1535,138,51,919,2313,296,548,1124,1289,394,0,0,0,9071,301,1137,1057,567,3649,1,459,2205,4197,1525,0,0,1201,0,2200,0,0,1613,3000,1842,6303,1908,1480,85,608,658,27909,0,3617,3099,69364,143,2991,2091,1871,352,0,0,1537,444,8635,0,309,2536,647,0,1445
147,1535,156,315,5259,2107,1994,1459,540,4,102,184,5934,0,1480,849,1518,0,7523,0,1066,34,0,300,1908,261,1914,249,169,766,2587,293,623,1278,2173,1711,0,0,175,8085,283,2054,1443,296,1936,148,617,2235,2889,1722,2,0,1072,0,2215,0,0,4348,2397,5380,13879,2259,1511,481,1320,1160,26914,0,2944,2035,68959,195,5452,1582,4279,0,0,98,1730,465,23517,0,1878,8186,594,0,951
148,415,1,2,0,0,250,0,0,0,0,365,0,0,0,269,0,0,0,1,15,60,0,0,1,0,3048,479,244,2196,3231,0,847,2905,1,0,0,0,0,1,210,0,0,0,6,0,1,298,192,115,0,0,265,0,1,1,0,0,0,9,0,0,0,0,0,0,0,0,0,1,5080,0,0,0,1,0,0,1,1,81,1,285,127,1,109,0,0
149,9487,946,948,8764,5350,1,2344,1241,0,144,786,5061,0,3403,1137,4207,0,13370,4,1282,307,0,2185,2820,7,1203,178,186,985,1398,371,348,1311,3776,1159,0,0,2,18708,1144,2393,2386,380,3525,0,656,675,1899,2167,0,0,3080,0,4249,0,0,5469,4577,3426,18838,5542,1410,513,2425,532,41521,0,110,2600,139224,3356,3593,2034,3655,290,0,2,1749,1255,38705,0,1140,5557,651,0,1355
150,5424,429,414,5327,497,395,2622,161,0,0,86,4089,0,2484,1851,1151,0,6370,0,799,222,1,1955,1473,0,803,85,105,515,1510,304,256,737,848,698,0,0,0,4049,271,1765,782,216,1621,0,212,1004,1005,467,0,0,1481,0,1076,0,0,2468,1663,3308,5309,995,1559,1,405,1569,22390,0,1755,3364,56810,361,1583,268,336,280,0,1,1059,499,13277,0,1096,6058,307,0,879
151,12743,3,2332,21301,5704,13,8660,2499,248,1,2451,13750,0,8114,7462,8991,0,26977,0,5567,288,0,3795,2339,1,7725,805,326,2635,8906,2,4809,3718,3861,8016,0,0,0,15483,1179,9110,9851,354,5350,0,1058,7860,11683,4785,0,0,2371,0,5070,0,0,14364,11563,16257,42721,13790,7164,37,4657,4157,114644,0,18338,8429,560825,1623,9093,2683,7621,30,88,2150,6548,1837,47975,1,6573,32379,1844,991,2905
152,8343,1848,934,11616,5486,1843,2039,1118,41,333,701,2031,0,946,1391,999,0,7863,574,1025,1356,0,2505,2704,0,589,21,88,475,674,114,471,468,2423,1656,0,0,0,14172,572,2972,971,395,2605,0,140,623,2361,2653,0,0,2938,79,4549,0,0,7662,1381,3742,12023,2796,1916,131,2586,730,36510,0,0,1006,131035,4037,1963,828,445,358,0,180,1042,776,31810,0,4605,17731,792,0,896
153,3006,272,243,1753,529,897,833,9,24,94,106,1609,0,337,1094,760,0,4551,0,416,52,0,459,645,0,474,139,61,443,1282,198,320,686,784,520,0,0,1,3951,325,572,482,174,683,2,315,500,662,222,0,0,382,10,524,0,0,1176,1343,3715,6603,842,1349,1,826,657,17358,0,2458,1018,61517,105,1414,887,661,200,0,1,377,338,4365,0,327,708,258,1,519
154,6406,716,1229,7566,1844,621,2333,1110,106,203,452,4286,0,3444,1881,1930,0,8826,1,1549,259,0,1542,1140,109,1012,32,157,887,1387,1,330,745,1596,1723,0,0,274,9503,364,3258,1457,386,1410,139,225,1679,2441,2656,0,0,2333,77,2758,0,0,6586,3494,3436,13149,2180,2403,232,1204,726,23677,0,17766,5544,104543,676,3654,1479,1215,456,0,0,1040,541,14125,0,2309,9160,769,0,1603
155,2350,253,643,1713,869,498,1104,223,1,39,274,1125,0,617,1182,621,0,3681,0,824,41,0,776,967,0,532,114,80,641,1023,51,116,586,826,493,0,0,1,3734,181,1128,1038,215,973,0,430,879,984,541,0,0,540,123,747,0,0,1493,1296,3403,2315,609,381,0,432,482,13041,1,2467,1411,50752,199,1056,841,342,124,0,0,1144,237,5660,0,512,3076,94,0,431
156,8371,1998,3229,11298,11324,657,2326,2136,68,237,1156,5806,0,3942,5738,3284,0,17961,0,2439,138,0,2787,4034,0,2656,481,143,1718,4443,0,268,2428,4385,3219,0,0,1,25163,780,5950,2923,1004,4987,538,870,1255,3259,1506,0,1,4083,227,6853,0,0,6453,7842,8308,16731,7756,4718,0,3889,2311,83692,0,162,5836,228619,7800,5935,3916,0,1563,0,0,2312,2983,42227,0,3846,8005,1328,0,2582
157,5134,1788,1038,7304,825,1716,3038,1162,0,128,382,4036,0,2482,2347,1691,0,7436,0,712,277,0,1219,1686,0,1239,158,28,1019,2504,0,733,1119,1713,3410,0,0,1,10368,1035,2342,3398,225,3278,158,442,1142,778,1205,0,0,1380,4,2167,0,0,4113,4140,4521,6508,844,2014,753,1033,1037,28451,0,13466,5010,78140,0,3978,2679,834,301,0,1,2371,455,25630,0,1114,7334,151,0,1391
158,13991,899,1298,9436,4098,5296,480,1041,0,223,789,13094,0,3496,3075,2237,0,8814,0,1942,219,0,3462,1618,0,2828,209,244,1330,3249,0,439,1777,1365,549,0,0,0,12584,1684,1499,1850,608,6028,0,413,446,1686,611,0,0,1668,284,1913,0,0,5214,5124,4867,18700,3926,2346,371,2585,3581,20577,0,13286,8469,34118,1,5201,1395,896,14,5,0,1705,1393,18035,0,3968,25957,1235,0,1865
159,4415,253,85,2608,472,316,900,259,1,0,68,1027,0,618,882,615,0,3373,0,459,44,0,705,1398,0,973,59,115,508,620,25,149,486,909,636,0,0,3,3498,359,931,441,65,370,74,225,180,596,307,1,0,365,0,629,1,0,1212,2057,2632,3396,850,1029,161,728,320,14526,0,24,1250,43225,11,2000,404,288,28,0,0,379,85,5312,0,445,3313,124,0,626
160,1439,77,443,3499,558,1672,897,421,2,0,550,1686,0,2095,616,711,0,6420,0,1278,23,0,1090,1125,1,1274,184,133,745,2230,148,258,1243,2102,1867,0,0,0,3570,432,1652,2091,244,1153,208,315,1495,2147,934,0,0,1062,1,1132,0,0,3220,2141,2573,8371,1693,1085,298,1573,448,18041,0,9771,2367,43075,1,1273,722,916,840,0,223,1760,237,7570,0,1299,6532,302,0,856
161,3837,693,578,5775,445,722,1495,777,51,33,470,3653,0,2049,2194,1670,0,6090,0,1135,110,0,543,1038,1,1059,36,91,555,1913,229,562,747,1258,1723,0,0,251,4418,516,2420,419,114,1110,0,535,1419,2662,1332,0,0,1067,17,1055,0,0,4474,4090,4363,9189,1062,1550,428,753,774,25578,0,4874,3112,58326,109,2796,239,1029,263,0,40,974,417,9283,127,1255,3012,366,0,1303
162,3548,410,310,1985,1554,209,131,423,0,54,184,1336,0,920,488,353,0,3024,0,203,62,0,938,230,0,312,11,33,204,437,19,123,138,384,244,0,0,1,4138,241,396,331,111,577,0,66,182,306,372,0,0,409,3,596,0,0,1059,439,863,2530,1450,646,36,367,122,4189,0,0,469,27516,322,748,257,52,49,0,42,170,333,6436,0,807,3079,202,0,316
163,2982,242,312,2879,1349,30,1034,401,1,54,479,943,0,1013,412,1289,0,3051,0,397,51,0,1374,886,0,537,22,67,389,580,126,46,386,660,1137,0,0,1,6920,247,850,210,267,1040,47,395,363,749,386,0,0,1166,1,1060,1,0,2466,1442,3701,3159,1471,1439,43,831,777,21075,0,0,1003,79761,994,1706,659,635,6,63,3,751,485,10609,20,1949,2866,237,0,571
164,10281,344,1004,15466,3512,5643,10261,183,2,39,2027,4199,0,3068,5838,3875,0,34132,0,4274,458,0,5027,10444,3,12848,2387,1170,7999,17073,0,1823,11375,1913,3260,0,0,3,21405,1488,10345,4063,313,9454,3,1323,2399,9404,2299,0,0,4114,17,3450,0,0,5575,6303,20803,13272,7181,4348,0,2046,2644,62226,1,26948,8932,386481,0,8027,2338,0,599,0,0,3830,2419,11656,0,1332,12663,178,0,1682
165,5262,677,602,4057,1763,317,1753,622,21,78,343,3006,0,1423,1451,1797,0,6555,0,830,26,0,1542,1374,0,623,99,75,449,1357,293,250,605,2019,2432,0,0,0,8238,224,1245,490,278,1797,0,277,1488,736,1087,0,0,2213,109,1606,0,0,4255,2144,7558,6960,2606,1243,0,1343,773,30130,0,34,1172,113013,1510,1742,765,714,93,0,0,1759,617,15780,3,898,2008,254,47,625
166,8451,960,850,14114,1445,9578,6583,1096,1,88,2412,4793,0,5743,4623,3074,0,15320,0,3080,167,0,1600,1587,0,3466,636,427,2457,4903,361,1718,2294,4810,6343,0,0,1,16753,1507,7631,8850,443,3098,418,999,5517,8186,3907,0,0,2665,227,4781,0,0,5145,4562,21380,14229,6110,2714,562,581,2554,49933,0,41273,11277,329868,1339,7742,2811,4989,995,254,207,5042,1042,25786,0,595,12691,889,0,2595
167,2515,430,1840,8471,2294,2178,6817,561,0,65,591,1583,0,3481,3020,4127,0,7893,1,2012,679,0,3233,1821,0,6555,365,521,3655,4572,0,2167,3409,690,4730,0,0,1,10868,1024,5567,1083,502,1673,2,857,1368,3326,1413,0,0,1284,0,5604,0,0,4125,5438,13678,21363,2429,1359,373,2123,543,46859,0,5321,3356,295928,699,3591,1115,8462,595,0,363,1889,639,19936,2,819,5161,739,0,1115
168,1375,303,399,2355,705,241,1153,136,1,213,470,1678,0,244,361,564,0,2832,0,306,86,0,536,1026,0,711,129,115,412,776,12,179,508,418,549,0,0,1,4315,193,1078,711,114,799,0,290,439,911,398,0,0,898,19,743,0,0,1663,919,3001,3629,936,1084,6,813,541,13105,0,172,339,47142,683,991,400,93,155,0,1,388,378,6245,0,655,2697,282,0,252
169,14049,1605,5003,18948,9440,2482,6751,1100,93,266,1803,4757,0,5287,3450,8670,0,21380,32,4472,446,0,5616,4653,191,3002,275,388,2048,4367,293,647,2913,2831,7098,0,0,21,35181,2019,4758,4161,939,6408,3,1459,3888,7602,3527,0,0,4917,9,7014,0,1,10516,9425,13351,40415,9307,4477,149,3861,3048,98325,0,16022,5467,497979,2846,4652,2469,7027,997,0,1291,3306,2593,39152,225,5544,14785,1281,2,2830
170,13788,701,1757,20207,4703,4212,7812,4623,0,70,1521,7233,0,10210,10209,7880,0,30453,1,6092,3267,0,3953,2189,2,7928,1430,794,3427,6759,966,2509,5797,4889,6875,0,0,1,27180,1188,4711,4997,998,2537,2,2051,3318,4319,3039,0,1,3763,1,5815,0,0,9153,11136,34909,32835,11531,4198,0,5005,2073,92314,0,39564,6345,490923,0,6880,2249,12189,849,0,1066,8221,2085,27447,0,3036,7202,1488,0,3003
171,28,1,2,0,0,0,0,68,2,0,89,0,0,3,1,0,0,0,1,0,7,0,0,613,2,6882,1529,1770,7892,15896,1937,3580,8180,5,0,0,0,2,744,13,0,11,1,0,9,0,0,5,4,1,0,150,1,0,0,0,0,0,48,5300,1036,0,5,0,0,0,1,0,0,11329,0,0,0,0,0,1,10,0,0,0,0,1,0,102,0,0
172,3135,241,546,6251,712,0,1956,638,0,53,606,411,0,6180,3827,4646,0,16202,0,1109,75,39,807,1028,0,645,54,85,204,693,43,107,482,592,1933,0,0,55,4333,635,622,119,298,686,68,387,941,1367,1758,0,0,850,88,1536,2,1,7668,12897,14891,9239,4815,3377,0,1214,1584,52147,0,2215,1567,177319,0,3091,630,468,91,5,0,1798,784,3331,84,1173,4884,724,0,1007
173,3412,213,296,3187,2154,35,1969,491,36,204,260,1948,0,532,345,1214,0,4478,0,594,20,0,1582,1773,4,570,62,80,412,638,331,186,978,498,1583,0,0,64,6689,186,992,1909,423,844,0,462,345,594,750,0,0,986,60,1046,0,0,2486,895,5145,4393,1254,1434,3,638,421,19665,0,0,1060,74684,1560,1983,884,386,158,148,47,714,381,13842,1,802,2800,321,0,375
174,22,2,128,0,0,1332,0,0,0,21,0,0,0,1,211,0,0,0,1,0,282,1,41,0,1,7459,1418,1810,5242,10399,1541,2057,7017,1549,0,0,0,7,3340,119,0,1,0,0,1,1,0,879,0,0,0,5,4,0,41,0,0,0,308,9405,3624,0,0,29,260,615,0,0,0,19279,4,0,35,0,0,0,3,0,6,0,0,175,0,1,0,0
175,3,0,0,0,0,1797,0,1455,234,0,3,0,0,0,0,0,0,0,1,0,322,0,95,0,0,8496,829,1665,6216,12479,1687,3129,11412,3,0,0,0,2,771,1,0,586,184,4,3,538,0,0,0,0,0,42,1,1675,0,0,0,0,5,0,0,0,0,927,0,0,0,0,0,30072,21,0,0,0,0,0,4,0,0,0,0,0,0,0,0,769
176,2147,386,0,6588,1529,2278,2266,1047,0,284,394,5983,0,889,1609,1655,0,6416,0,1319,208,0,1489,923,0,557,95,137,598,1695,1,311,653,2175,1961,0,0,1,7354,507,2091,3399,586,2289,0,541,251,1113,971,0,0,1323,10,1508,0,0,4750,1725,4887,6770,2261,1742,298,1791,848,34372,0,833,2211,75866,1121,2321,767,1882,569,0,207,1165,336,25860,0,1181,6755,787,0,837
177,22374,5276,6714,40308,10607,7498,8704,4501,1,0,2259,9367,0,7465,20823,17963,1,47054,0,13643,7,0,11955,10228,0,13744,1777,1702,6951,17958,4620,1627,6694,7150,16276,0,0,1471,51782,1059,15155,9907,3593,10428,2,4058,11911,7589,4586,0,0,14282,5430,14975,0,0,23303,31613,30691,70893,15583,2909,28,8980,3936,187018,0,13221,15610,493436,14045,10409,7454,21567,15,0,0,4162,4179,104448,0,5700,36963,2782,0,2735
178,4335,586,306,5380,1207,1772,2431,676,49,35,605,3840,0,1490,1544,1762,0,8759,1,796,280,0,993,1803,0,979,252,58,355,969,149,550,770,1028,3288,0,0,0,7014,250,2001,2556,484,1443,1,1,322,251,519,0,0,890,71,1332,0,0,3254,2256,4846,6496,1891,1577,61,924,539,30416,0,1204,1744,79322,644,3151,669,258,61,0,114,999,706,10520,0,3230,11367,274,0,795
179,8129,628,462,3333,2277,0,389,570,0,165,614,3921,0,2120,816,572,0,4932,0,887,63,0,2386,303,128,1224,61,15,528,1146,200,377,460,611,408,0,0,0,7384,632,1534,720,147,1892,0,449,114,741,613,0,0,1124,1,1443,0,0,3254,1800,1381,10770,1729,1985,0,591,837,15098,0,0,824,23887,766,2185,989,73,336,0,64,581,778,12622,0,1188,4937,625,40,842
180,5885,618,1495,9260,2091,1310,1460,671,1,143,447,3840,0,2841,2307,2479,0,11779,1,791,2,0,1699,1713,0,1553,136,190,750,2374,123,273,1338,2280,2456,0,0,1,7821,341,2643,1723,626,4495,0,175,1146,3347,1614,0,0,2219,111,2426,1,0,6990,3157,4482,14273,5056,2121,429,1063,1473,32873,0,5604,4449,94474,1749,2583,3087,1996,19,110,72,1379,624,20351,0,2088,14870,756,0,1241
181,20261,700,2417,41964,13543,11723,17552,3243,2,853,3808,17888,0,14922,18224,7048,0,43825,1,8564,1451,0,12587,8245,4,6621,915,1666,6870,8800,1,4539,10735,13390,5694,0,0,2686,33670,4257,16237,15358,1180,13218,1,2567,5474,11171,9707,0,0,10567,1,13366,1,0,32668,29679,5389,84180,10257,16907,350,14562,7504,195666,0,27744,23997,438933,7565,18956,4756,6298,2976,0,86,9256,2197,91001,0,14757,64890,5287,0,9216
182,2641,928,436,5447,651,1039,1381,994,0,0,254,3234,0,2518,819,2389,0,6838,0,1457,158,0,1737,2671,14,1119,303,190,1079,3080,599,802,1625,1065,1508,0,0,1035,8663,371,2653,419,318,1595,1,633,1712,1540,1252,0,0,600,191,2689,0,0,2245,5348,2585,10080,2358,2570,115,885,194,22863,0,6732,2161,75441,1,4535,894,1241,171,0,0,1678,648,8832,0,1496,5082,610,0,1195
183,9281,557,6351,5693,7144,5101,530,271,0,621,2033,18554,0,11667,2830,1455,0,14486,0,6949,217,0,6197,8528,0,4258,243,528,1384,3910,1,388,2103,2842,2704,0,0,1,24573,3624,7894,2384,1501,6484,1,310,2753,4554,3359,0,0,5515,349,1938,0,0,7305,7846,29016,18241,3040,4846,0,3948,1104,31884,0,25826,21549,77103,35,3861,1942,6,0,255,1,1506,2662,19227,1,2229,9147,2897,0,2375
184,5814,383,1650,6146,1208,5511,3527,726,2,0,315,10513,0,4116,3517,1429,1,7128,0,1973,434,0,807,705,5,2449,632,398,2308,3544,137,573,2617,955,1487,0,0,1,9080,957,2263,3215,589,1527,3,754,3838,3695,1548,0,0,665,561,1202,0,0,2827,2871,11245,11666,1462,901,253,3897,930,34315,0,19015,8347,199750,0,5613,1032,3759,298,0,24,1792,899,9658,0,1284,5881,742,119,520
185,6009,1,5050,7520,11804,5974,1694,1,0,2111,344,24610,0,4901,4125,778,0,6394,0,7843,576,0,4228,12410,0,8375,590,1458,2616,4361,1,1,4425,5841,1810,0,1,0,21696,2338,5932,4715,2873,9183,1290,835,2544,8490,1796,0,1,1498,1,2784,0,0,8465,5704,16583,24638,683,6072,2,4351,1025,25257,0,42497,22440,64406,440,8870,2279,214,0,0,0,1449,1703,29117,0,2149,7230,1749,0,3670
186,7758,754,2056,12525,3915,840,7833,1814,0,4,625,5579,1,4148,4980,7143,0,16228,0,2702,0,0,4683,5013,2,2489,580,163,1920,4238,2142,1398,3581,3108,5924,1,0,0,21216,1345,6160,5938,482,6128,2,555,4578,5166,2094,0,0,4387,1,4930,1,0,7592,7231,19133,22016,7319,1917,6,2329,807,64265,1,5343,6599,353938,2075,4019,1317,5923,934,0,1,2337,2148,43947,0,2466,7429,971,0,1734
187,6176,288,2008,9536,2151,3721,10583,951,12,421,860,6035,0,5066,5127,4240,0,14463,0,5228,502,1,2588,4557,2,4853,615,352,3225,4019,0,322,4385,2839,4038,0,0,2,14511,341,9242,4528,509,3830,1,680,4499,8537,3888,48,0,1544,605,2254,0,0,8759,6058,10997,16000,2807,5762,299,4340,2160,66908,0,13079,4713,394616,0,3709,3408,3644,671,40,38,3006,978,26284,0,3620,12691,1473,0,2401
188,4091,743,528,6249,1318,373,2904,652,110,8,340,2784,0,3813,1515,2161,0,8054,0,1516,244,0,1021,2846,301,2150,126,83,1064,2567,652,776,2245,1406,1841,0,0,179,6330,619,3277,681,140,1534,293,638,1974,2196,1116,0,0,737,108,2348,0,0,3576,3677,3946,10364,1973,1921,194,455,1035,28434,0,6460,2631,106853,37,2333,1429,1282,227,28,152,1455,1448,10212,0,1011,7048,616,0,1529
189,8864,307,1335,17130,7300,593,6215,1371,1,126,1303,5001,0,3191,3929,5362,0,15562,5,3617,225,0,8600,3454,0,4242,380,462,2384,4073,453,1116,2913,4071,7847,0,0,0,30112,862,3607,6711,1193,3572,2,687,1724,3884,5766,0,0,3370,446,6312,0,0,7733,8433,10797,24473,10805,1867,1122,7353,2099,80088,0,187,5820,466326,1322,4237,3779,1513,796,0,682,3026,2581,31893,0,2109,12232,1021,0,949
190,15127,1231,4856,18162,5524,1608,11068,3434,0,99,1006,10573,0,6826,3820,14106,0,20765,0,4017,272,0,5749,3573,2,4478,840,646,3513,3878,676,1532,3564,2645,7828,0,0,53,29163,1054,4884,2672,432,5308,4,3025,2066,4400,4205,0,0,3248,1,6538,1,0,13014,13062,15243,31280,15796,2089,1,5026,4210,75187,0,12658,8342,408648,0,5320,3856,2826,658,0,343,4103,3548,42765,0,3178,14188,629,0,1860
191,2804,150,540,6224,1031,1223,1986,958,2,51,390,1793,0,1534,1323,1455,0,5317,0,667,47,0,1425,1063,2,1039,80,78,637,1405,1,327,1007,1615,1458,0,0,0,5754,258,1396,1548,161,1497,0,159,448,1368,1002,0,0,883,2,1606,0,0,4829,1941,5237,5510,1256,1382,206,1088,990,26518,0,6087,2862,69728,324,2834,625,1513,15,0,33,1696,291,12948,0,1930,4113,196,0,580
192,4,0,0,0,0,4392,0,0,3,0,1931,1,0,0,1,0,0,106,1,159,3,0,0,1484,3,7172,2034,106,7566,20983,3327,1385,11224,0,0,0,0,1,1267,1632,1,2,1,0,0,0,0,0,2,1,0,1,0,0,1,0,1,0,763,10668,952,0,0,0,1,463,0,4,1948,6631,1,2,1,2,1,0,1,1,0,4,1,0,0,1,0,0
193,6750,856,1078,8637,261,63,2711,1432,0,152,870,1637,0,10893,2575,11417,0,28085,0,1008,3,414,1391,1467,0,474,27,53,376,919,499,351,428,704,2237,0,0,3,3460,1117,1039,52,758,461,0,509,677,2232,2371,0,0,734,83,3379,0,0,21875,12979,22396,21059,12684,6837,0,1457,3629,82899,0,1013,1480,153268,1,4109,2097,510,84,693,1,3461,567,6360,368,654,2351,1531,0,1687
194,45578,5637,9587,78906,1165,5,25210,5880,0,1066,7418,2478,0,67177,17315,54346,0,190608,0,6276,1250,1188,8831,4921,0,3504,672,125,2059,7435,2897,1778,4239,7047,30423,0,0,1342,29268,4182,9127,3837,3381,8378,52,5126,4693,16678,15655,0,0,14205,635,22133,0,0,123695,136320,127799,76985,58795,41466,97,12418,20138,649511,0,21623,10958,674403,2,23227,10912,7225,5064,3716,1,39102,4328,51018,1,11609,64977,6079,0,13822
195,4273,206,132,4575,810,2453,1305,475,0,60,147,5377,0,1042,1438,1620,0,6669,0,453,47,0,673,990,0,1273,35,85,551,1323,161,406,575,821,3185,0,0,0,4573,305,2878,787,93,1422,0,580,635,1251,963,71,0,884,1,1563,0,0,2587,1255,3410,4054,941,602,134,1405,918,22951,0,2948,1000,45295,1014,2535,871,1937,277,92,0,664,210,13433,1,369,4040,51,1,839
196,4230,581,327,4049,1112,895,1632,441,0,28,364,2231,1,2058,1482,1086,1,4835,0,641,112,0,597,1456,101,692,234,138,669,1695,2,377,790,699,1463,0,0,2142,5443,404,1350,732,357,1120,1,256,625,1091,392,0,0,899,208,577,0,2,2745,2118,4069,5855,1502,1108,77,1308,707,18175,0,1233,1652,55243,548,2565,744,809,68,10,73,1118,311,10014,95,1370,5397,376,0,686
197,14006,791,3648,18937,9776,4429,5123,2901,1,0,675,20898,0,11355,5358,10818,0,37103,0,5187,1561,1,9056,9007,1,6817,635,773,3986,8746,896,527,4631,4935,6829,0,0,1,28036,2930,14862,8728,983,6131,808,1620,5526,2329,7099,0,0,7258,0,8976,4,0,20647,12613,6711,33797,6766,2605,0,4118,2630,129928,1,23369,12627,124228,6270,8493,8101,944,1053,0,262,8153,3661,74982,2,8890,26473,2080,277,7521
198,4936,453,1760,7556,1320,1876,1190,881,0,60,378,5525,0,2565,1549,2299,0,9430,116,1482,339,0,2487,2305,2,1188,216,95,517,2791,547,153,801,1281,405,0,0,0,11680,682,3472,684,574,2173,1,394,2225,2488,1544,0,0,979,28,2832,0,0,5560,4343,4111,9582,2588,1941,9,1878,1295,18334,0,12654,1493,78763,1285,3046,2011,2025,660,0,2,792,690,14480,0,251,5908,580,0,1856
199,2832,551,923,8122,1414,905,3192,831,0,85,434,4116,0,3216,4086,2315,0,7337,0,1908,160,0,1522,2192,0,1349,209,120,875,3014,158,394,1455,3553,1209,0,0,0,9459,560,3582,2410,232,2255,2,739,2047,3043,2768,0,0,1395,249,2355,0,0,2948,3834,2253,15065,2659,1810,859,511,1162,27756,0,12710,5831,89577,704,3036,1321,874,319,0,471,2033,400,18004,0,2234,11805,777,0,1278
