,0,1,2,3,4,5,6,7,8,9,10,11,12,13,14,15,16,17,18,19,20,21,22,23,24,25,26,27,28,29,30,31,32,33,34,35,36,37,38,39,40,41,42,43,44,45,46,47,48,49,50,51,52,53,54,55,56,57,58,59,60,61,62,63,64,65,66,67,68,69,70,71,72,73,74,75,76,77,78,79,80,81,82,83,84
0,4484,803,237,0,124,529,564,0,288,5348,406,0,0,375,0,0,2788,0,372,66,0,0,194,5014,2669,4161,1256,4833,1036,0,676,1222,781,851,710,503,0,1092,0,568,640,78,971,88,268,1577,3496,1195,231,553,140,3085,3756,1967,0,151,7877,0,0,0,2098,0,572,0,3385,15,0,0,94026,1647,0,276,0,880,2,259,822,0,1072,0,917,12,0,647,562
1,2665,104,275,0,175,983,16,80,846,5524,704,1,0,1124,0,0,2350,0,1852,0,0,0,1080,1450,811,726,742,1504,55,0,495,701,1951,505,183,45,0,341,0,1256,371,160,1074,894,170,387,2063,473,2984,327,12,2415,994,234,0,2,5193,1284,0,0,2681,0,538,0,3120,16,0,171,50665,127,255,0,1,542,399,127,554,0,1047,0,537,209,0,473,699
2,4050,3089,1,0,0,3099,165,600,6166,21962,4378,0,3072,2024,1,0,10720,1,5004,0,0,2,6545,7291,5814,9734,4938,8539,7076,0,4730,2587,2779,1006,2890,4,3655,878,1,4412,678,294,2361,3015,6192,2590,8336,3833,1018,1638,542,8220,10787,2970,0,663,6508,0,0,0,3554,0,1149,0,8397,0,0,0,125653,2452,0,62,331,4011,2839,5050,340,0,5211,0,10391,5397,0,2056,4237
3,6304,171,579,0,1684,1038,345,586,1958,3734,84,0,0,1246,0,0,1247,1,3,65,0,0,2661,1272,1044,2348,518,1949,2033,0,1040,827,14220,7404,849,142,217,393,0,3322,1956,418,1345,760,426,1274,1412,1082,3094,1528,540,3197,5597,1025,0,542,13080,298,0,0,9684,242,0,0,3832,90,0,608,129407,760,14,115,14,204,0,861,6,0,2561,0,2202,147,0,898,89
4,12743,3635,1424,0,0,7922,2431,2551,5928,37071,6258,574,5181,2970,0,0,19127,329,3665,114,0,435,13495,4184,2677,5488,495,2966,2133,0,3477,3616,1199,1887,2679,604,4092,1988,1,7997,1677,344,6459,2972,3245,5484,11314,5159,1854,416,587,11997,17308,2469,0,2002,15229,1,0,0,7292,0,791,0,9660,1427,0,416,342753,7798,305,756,283,16649,6809,4390,1940,210,8085,0,17353,1966,0,1713,7910
5,6849,3183,184,0,0,374,1291,1530,3947,18558,2172,444,797,473,0,0,8014,1,1925,297,96,0,18481,7290,4559,6639,1726,5576,1751,0,1528,1760,3865,1018,3569,846,274,438,0,7013,649,45,3322,1938,2507,2231,12754,2905,13723,6120,366,2744,3144,790,0,447,12898,0,0,0,5683,0,955,4,8920,490,0,812,243043,653,0,241,7,7080,1460,5249,2733,0,6041,0,1766,685,0,1373,5859
6,4302,2138,1161,0,0,780,524,476,440,9699,936,2,673,16,0,0,6752,1,1923,168,0,263,868,2900,3222,4627,538,1982,1207,0,269,773,4,340,431,481,336,681,0,772,112,186,541,930,903,831,6773,1745,2,0,487,4002,6210,653,0,855,1859,0,0,0,792,0,203,0,7817,1190,0,31,43613,2220,0,671,0,4320,1061,2991,233,0,1612,0,977,762,0,334,337
7,8234,2763,725,0,192,1842,570,2820,3166,16811,2700,936,1178,1706,0,0,16729,167,1937,84,0,145,7229,2179,1432,2944,535,2023,2936,0,3052,2411,5229,1166,2036,508,294,1688,0,6278,2235,654,2815,2376,2343,1662,9749,3969,8818,2812,557,6872,8955,1887,0,494,15585,5,0,0,3197,0,1249,0,10864,295,0,337,206394,4140,0,404,0,2282,2549,3927,4000,0,7158,0,5378,1544,1,1851,3844
8,5565,1316,1,0,0,501,1716,183,330,5883,928,582,1036,67,0,0,5447,0,686,0,0,303,11813,3236,2828,6045,1241,4589,2197,662,1332,1159,9700,351,2336,9,1017,319,0,1162,1069,546,2585,1478,1884,141,2860,837,1865,1399,0,749,1687,194,0,640,7193,0,0,0,6188,0,724,1,3735,460,0,6,151098,1411,0,0,559,2183,561,1600,2168,0,1397,0,2341,981,0,580,1628
9,9573,1245,981,0,130,1044,658,728,577,8002,850,70,542,2026,0,0,6349,0,1864,0,151,68,4718,1198,929,2645,366,872,1491,0,305,1488,11406,990,861,1060,14,1525,0,7,827,620,1344,2556,792,577,2252,1191,6063,985,32,1688,5243,586,0,92,5010,131,0,0,2158,0,332,0,6430,237,0,195,107635,807,301,136,92,4798,617,2366,1494,0,1153,0,2343,947,0,838,1138
10,1555,1278,392,0,0,1137,1322,1648,1000,18613,2505,353,2438,229,622,0,8670,0,2143,0,0,523,585,5204,3151,7049,1340,5011,2112,0,658,3037,2,793,2162,1292,2886,632,0,3044,1750,456,1965,1188,1314,785,12816,1865,266,1,678,1811,10085,2437,0,944,3756,1137,319,0,1278,0,231,0,7455,2066,0,539,72606,1909,0,0,1,6529,4226,2236,2102,0,2025,1,7563,578,0,563,3207
11,5171,2013,1191,0,0,1734,741,1260,2853,17187,1819,202,1051,2377,183,0,10398,2,3000,0,0,1192,9407,2643,2029,3461,662,2847,1979,0,2462,2170,3428,966,2841,293,814,1872,0,3133,1708,151,1726,1259,3146,1210,6475,2533,5376,3638,769,2772,8304,670,1,455,21982,1,0,0,3821,0,161,0,8049,946,2,144,160878,1724,573,40,522,2496,2484,2451,4080,0,3603,2,8512,1670,0,1421,1980
12,3260,904,369,0,0,397,724,195,972,8789,1038,0,0,1448,0,0,4795,1,1583,108,0,14,1488,2731,1242,2960,926,2775,645,0,2039,410,5011,1315,300,169,534,889,0,3020,74,644,334,275,399,1801,2859,355,3268,344,164,2318,7635,1715,0,22,7207,1769,0,0,236,2,81,7,3056,111,0,125,59130,423,0,234,0,2388,338,1398,1062,0,792,0,1585,615,0,773,685
13,3840,3793,316,0,0,1567,1969,2207,486,5620,1746,10,307,1024,131,0,5463,2,708,52,0,154,5968,2882,2699,4542,431,1537,2731,484,977,2705,14002,744,910,30,976,701,0,733,2215,1246,2335,2505,485,1776,5719,923,5540,3689,0,1665,5661,1094,0,86,8313,0,0,0,5855,0,219,0,9291,1366,0,0,249021,2538,218,34,5732,6314,260,2367,822,0,1106,0,3535,0,0,736,2238
14,343,237,256,0,0,974,92,388,1211,5763,856,0,51,247,0,0,2912,0,871,0,0,65,632,3982,2234,3589,903,4095,878,58,385,56,4,525,2,112,0,13,0,984,645,9,12,155,1938,0,4506,1188,0,1,124,1353,3076,536,0,259,1461,0,0,0,1010,0,413,0,2151,370,0,0,38224,437,1,213,0,66,1,840,672,0,3327,0,1006,1,0,321,523
15,6870,2664,496,256,0,2757,1024,1800,5877,21375,3965,0,4237,1744,47,1,16428,9,3806,3,2,831,4900,4037,3182,4459,950,3362,3204,1,4485,2072,0,1324,2008,408,2583,2603,0,7870,2238,404,2771,2840,2271,4413,7363,4366,466,55,456,9031,17033,4299,3,457,14036,7,2,0,2323,0,1201,32,9559,1206,4,2,70523,8112,1,948,189,10860,4051,2043,1321,1,3539,6,9330,2292,4,1552,4907
16,7352,3888,1397,0,313,8131,1111,2838,5935,22293,3401,659,2073,845,1,0,20632,0,5985,201,0,296,9795,2530,1900,3555,557,2272,4519,0,5479,2340,8983,2230,4952,1059,234,1874,11,12534,2809,187,5652,2893,3506,1657,26607,5869,7899,2217,1819,10915,11993,2343,0,938,25476,0,0,0,6641,0,1231,2,16766,814,4,516,279732,2990,218,634,28,5727,2791,9318,3260,0,11799,3,8484,1693,1,2424,4084
17,3240,2968,1,0,0,36,831,762,1724,3911,2249,0,187,3367,0,0,4030,0,2598,0,0,131,7565,3302,1962,7873,751,2422,782,0,803,942,16195,525,489,0,321,572,0,1362,1403,975,1561,456,1474,1710,1475,569,2033,1386,25,3337,6453,1153,0,0,10797,0,0,0,1029,0,0,0,6466,130,0,412,91043,297,0,559,132,1868,1226,3475,655,0,838,1,2133,2107,0,827,14
18,8854,1828,716,6,169,298,942,1193,902,8873,1954,678,2338,2709,0,0,8564,0,2379,94,0,66,2784,1947,917,1903,625,1961,2762,0,1745,3515,6002,1891,1632,547,554,4015,0,4254,761,497,2771,1102,971,3980,8756,1493,1509,322,640,7672,13285,2351,0,526,13654,416,53,0,981,148,754,0,16646,79,84,0,143566,1138,213,622,316,2796,2110,4623,1188,0,1986,0,1847,1143,0,1166,2189
19,3089,699,204,0,0,1024,566,890,662,4286,420,0,3,698,0,0,1797,0,396,3,0,13,2626,1459,1386,2344,605,1649,734,0,1867,1031,2477,341,323,313,257,599,0,1012,417,357,1764,308,1720,1577,3663,921,953,435,134,3777,4686,730,0,297,3222,0,0,0,655,0,1,0,2521,63,0,77,75057,432,434,27,120,1874,674,3611,209,0,853,0,1063,750,0,482,1493
20,2653,1018,454,0,0,239,161,264,1910,9617,1591,0,205,217,0,0,3181,0,2461,0,0,47,1453,1656,1382,2212,727,2575,325,0,840,978,5135,817,638,93,1658,1608,0,1456,188,4,1317,291,604,933,1430,577,294,115,72,6077,10905,489,0,174,5848,0,0,0,767,0,219,0,4447,248,0,0,85787,279,0,237,10,706,935,1386,194,0,626,0,2349,645,0,298,821
21,11476,4294,2380,0,401,3720,1293,2130,1781,46060,9439,783,2347,2781,0,0,16733,0,4216,12,0,1479,24287,9087,4166,5241,2119,3780,2995,0,3700,3812,5418,1601,6201,2363,939,2395,0,3231,4766,425,4457,5980,6947,5011,28228,5332,7049,4175,1236,4753,9844,3715,0,718,27483,0,0,0,9288,0,640,0,17270,2455,0,1,474905,5366,727,337,2230,18144,6263,7488,4903,0,13203,0,18791,6023,0,4061,18970
22,1486,6,503,0,0,197,82,340,613,3241,488,0,112,944,0,0,1295,0,810,0,0,110,637,3394,1200,2389,543,1457,433,0,405,480,2269,185,873,196,44,284,0,276,529,369,1209,303,1764,1015,3251,270,1959,102,0,489,4789,1309,0,1,4608,0,0,0,217,0,323,0,3603,4,0,0,52686,461,0,38,0,1069,547,290,0,0,448,0,1428,296,0,394,830
23,2394,1915,585,0,96,641,640,225,547,11688,1820,0,1792,1419,155,0,3742,0,2696,40,0,228,3279,3413,203,3733,465,1541,1861,0,1495,605,783,939,1168,170,841,1635,0,2920,412,27,1620,870,326,1935,1981,631,318,591,214,2286,3079,720,0,182,2663,0,0,0,1425,0,1005,0,4532,746,0,198,146834,919,0,43,0,3017,4058,1188,1627,31,706,0,3713,2089,0,838,1446
24,5577,1837,776,0,15,0,427,2173,1161,3600,3859,505,0,1331,0,0,2089,0,526,0,0,6,12,4808,1797,4223,2207,2534,434,1,1453,995,2,132,1087,225,345,855,0,4579,663,367,1433,105,708,1601,3880,2065,251,0,337,6002,8975,2774,0,581,9620,0,0,0,3940,0,507,0,9769,212,0,0,36422,306,0,131,0,1046,1225,3002,949,0,1488,0,1517,240,0,414,631
25,2718,838,259,0,0,520,1,556,548,10571,2258,429,750,1840,0,0,2591,0,1036,0,0,0,12025,6366,6719,8520,2796,6122,2372,0,863,697,2022,0,604,0,373,0,0,597,124,1909,726,1556,1827,811,1970,1138,1199,956,0,1531,4440,423,0,403,10014,0,0,0,2061,0,911,402,1393,0,0,0,152488,0,0,0,0,3708,624,1264,296,0,1670,1,1288,1150,0,609,1817
26,15467,8231,430,0,1163,3026,5463,3479,3287,32639,6779,336,2485,8021,237,0,23311,0,6248,0,0,122,38800,4230,2244,5359,1612,3518,7381,0,4058,5888,19253,2227,5920,4114,3418,5548,1,3860,2871,862,7791,6316,5360,6598,20866,6479,13311,7179,1255,19622,32642,8245,0,2106,14023,0,0,0,4837,0,2552,0,16485,2388,0,245,542374,11754,622,1260,2043,41272,7399,11321,3602,0,4877,0,11189,5048,0,2932,8669
27,1034,431,932,0,0,0,1545,678,1767,5235,945,180,391,0,0,0,4829,0,1583,199,0,599,7207,9890,4201,5258,492,5326,444,0,2532,421,1839,659,3312,622,0,646,0,310,660,0,1553,954,613,117,12390,973,3091,2774,0,3685,1057,978,0,0,4097,0,0,0,455,0,316,6,3178,254,0,0,162052,1697,542,318,0,1655,1226,5013,938,0,5325,0,926,330,0,737,632
28,5967,1057,402,0,0,912,685,1014,785,9890,765,183,777,3791,0,11,6785,0,1555,181,0,614,2923,2207,1217,1941,1382,1019,1254,1,597,1913,7638,950,903,990,65,2213,0,2025,669,2048,1591,1526,1639,918,6069,3006,5130,874,333,2784,7384,1082,0,465,8994,0,0,111,1927,0,69,0,6326,0,0,647,75816,3272,0,186,0,4013,1046,2810,1957,0,2068,0,3216,1058,0,671,2687
29,3623,1250,408,1,0,744,1,1007,884,9211,1999,0,685,1032,3,0,5001,1,1504,11,1,97,7919,3284,2789,3781,892,3884,2548,0,745,557,5526,1009,2281,0,837,157,0,3569,381,4,1379,2002,116,661,8201,2013,3240,1080,0,4089,4788,509,0,0,3146,0,1,0,860,0,378,1,2458,142,1,571,115417,2733,0,0,506,204,806,3171,607,1,1899,0,379,1620,0,968,1258
30,6181,1910,0,245,0,0,131,1097,929,9104,1011,0,301,0,762,0,4259,0,2571,196,0,0,36,4559,1724,4395,1797,2328,876,0,1311,1605,2,1081,375,24,1473,997,0,2339,668,0,2964,1379,250,949,2799,1066,406,355,962,1513,5943,2006,0,342,5144,0,0,0,1012,0,888,1,6332,478,0,204,28997,703,0,310,1,4449,1758,1675,2,153,738,0,2518,1161,0,750,2782
31,7364,2398,771,1,213,1381,1701,1060,1926,12546,1549,7,997,2117,256,0,14620,2,1951,1,0,221,13162,4248,2811,4967,433,2567,2024,1,835,2265,9880,423,1206,332,118,1974,0,2266,2290,480,2194,2311,1729,526,11502,2308,15107,3208,877,2292,2474,688,0,857,13125,2,0,0,2434,1,260,2,7363,711,0,293,232347,1560,249,267,534,4868,693,3751,2317,182,5782,3,5494,1631,0,947,5814
32,4644,642,4,0,0,4206,491,868,1283,13585,1045,401,2043,1758,0,0,11388,0,1490,123,0,144,2970,3959,3018,5457,1165,3437,3537,0,425,965,1190,679,852,893,401,30,0,1768,1349,1301,2658,1666,810,1427,7552,1948,6682,2414,1227,6027,7450,1616,0,287,6750,489,152,0,960,280,889,1,8269,268,0,587,188557,7239,664,0,90,4698,848,2932,2139,206,2964,0,8485,567,0,678,5278
33,5556,1835,314,0,53,1124,875,1384,388,10707,996,779,1712,924,0,1,11060,242,1131,0,0,104,6573,2277,1944,3676,325,2235,2146,1,1843,2424,4670,618,1499,514,285,458,0,1139,1031,282,2469,1516,749,1224,4627,1152,6883,1401,536,2105,3560,264,0,1,5812,0,0,0,1892,0,795,1,4760,823,0,307,191144,1152,0,374,193,3997,2035,4576,3084,0,2719,1,2435,114,0,936,3162
34,3227,1611,447,1,0,331,1067,911,3490,3872,1799,1,1216,888,0,1,7744,1,2406,0,5,568,7697,3149,2261,4560,628,2637,3659,38,2645,2702,534,588,844,0,2004,1551,0,5899,1920,4,2290,1213,1509,2022,3896,2824,1311,542,330,7589,13200,1841,1,1213,9962,3,0,0,1301,0,308,2,5356,413,0,0,199895,1764,0,1212,926,8935,3543,2778,397,2,1710,0,5910,1196,0,661,3326
35,14599,5497,2646,0,0,844,1589,1897,1975,29960,2906,719,2324,3258,0,0,24083,0,3825,207,0,644,15763,987,1557,3022,440,2012,5744,0,5699,2407,5500,804,4179,1273,119,2234,0,2934,2359,1167,6659,4353,2605,1792,14177,4018,12033,2698,1333,5954,11442,2473,0,242,17236,0,0,1,4390,0,1467,1,11032,1105,0,236,279091,3654,0,440,151,7829,3832,10426,6087,0,8963,0,12324,4768,0,2644,5222
36,2851,2340,2056,0,104,1,520,1024,360,6831,659,0,0,1719,190,0,4785,0,741,281,0,200,1630,2268,1439,3222,718,1752,1317,0,449,1575,9186,4267,276,232,644,855,0,1026,694,252,1839,361,1756,397,6850,1414,2330,899,1,3329,7953,770,0,188,7209,1,0,0,1497,0,0,1,1905,126,0,0,54755,2422,0,0,436,2587,942,837,990,0,282,0,3563,320,0,700,796
37,3909,3742,553,0,0,2340,1193,1152,3099,8225,2919,145,1423,2220,0,1,6678,0,2584,211,143,69,11151,1631,1192,4254,883,3295,1890,0,2329,1396,22491,954,1645,18,2073,1449,0,8442,1276,209,2520,2695,1411,1166,5614,1516,7885,4773,829,4392,8175,838,0,1,10502,0,1,0,4993,0,540,3,5956,969,1,186,210869,2901,0,637,1120,5113,3098,2413,1177,0,2627,0,6032,2389,2,1146,920
38,480,11,119,0,0,4960,0,435,437,85,0,0,223,0,0,0,0,0,665,0,0,0,0,2361,1551,3076,955,1989,1199,0,0,0,0,513,1017,0,0,0,0,1,0,70,0,228,0,0,0,594,0,0,0,0,0,0,0,0,1,1406,91,0,0,121,0,0,0,9,0,3,101547,1065,0,0,0,0,0,0,0,0,0,4630,0,0,0,34,0
39,3146,1589,1405,0,0,1,602,596,424,5692,1890,0,1846,1579,0,0,7146,48,1249,0,113,354,8457,2277,2943,3647,751,3293,2538,11,326,527,10056,414,790,0,1140,713,0,5566,2542,104,2921,2244,1942,2983,528,2221,3142,6051,469,7829,9876,907,1,320,5870,0,0,0,820,1,273,3,3431,747,0,31,153495,923,0,231,262,3434,3555,1398,221,2,1368,1,4912,1596,0,1076,1973
40,7985,2390,715,0,0,2332,361,1574,768,28249,3660,0,458,3829,0,0,4044,0,2052,149,0,101,596,5889,2005,4014,2024,2401,1893,24,2222,1496,1018,2779,1371,64,823,1283,0,3558,714,133,1593,1093,343,8414,911,2076,5118,1212,773,20220,16390,5040,0,1765,12709,0,0,0,2146,0,312,0,11670,226,269,0,63676,2199,0,311,0,3983,6620,2791,1090,0,951,0,6336,2273,0,874,3999
41,1659,510,346,0,0,0,411,460,53,5768,33,0,337,1816,101,0,1707,0,688,1,0,44,1712,2120,770,2809,669,1680,563,0,580,2284,2836,313,294,103,466,404,0,584,117,98,1330,257,1553,237,2189,739,1767,378,0,1820,3108,507,0,54,2801,211,0,0,692,0,61,0,2878,0,0,0,47263,334,0,22,0,1439,198,1108,916,0,604,0,312,366,0,197,385
42,7403,2347,913,0,189,2338,1751,2136,3619,18681,4339,505,2376,6726,60,0,8161,115,2910,0,212,232,4759,1876,716,1681,1078,1395,1498,2,3553,3389,5315,1415,1827,262,1065,2575,0,5138,1477,826,7114,1658,2326,5183,7731,2452,5500,417,867,11074,20617,4483,0,575,17323,0,0,0,4167,0,403,0,8388,328,0,132,127090,4111,464,551,59,8902,2606,5213,1194,88,1932,0,6820,931,0,1785,4591
43,1997,813,2,0,0,108,990,451,571,3840,703,0,195,198,24,0,3112,0,120,0,1,16,5175,1315,514,872,135,753,1067,0,951,1331,3420,198,302,400,240,569,0,654,864,46,1269,638,187,534,2603,652,3013,498,246,896,1464,251,0,53,2954,0,0,0,436,0,86,1,3076,170,0,3,39283,819,0,170,328,3816,432,871,765,0,557,1,1103,963,1,135,852
44,8948,2196,603,0,312,4703,1727,3194,1431,29319,1162,8,1245,2668,0,0,13285,0,2215,192,0,1200,1345,6439,4764,9374,76,7799,676,0,1397,1363,1,1446,716,1056,945,222,0,4076,2844,1,6536,1371,4549,2542,11781,3762,75,23,1125,5111,8350,1663,1,1882,11385,0,0,0,2972,0,2522,0,4912,1044,0,0,253355,6000,0,412,1,8239,2789,8492,5005,0,8770,0,5391,3857,0,3120,7955
45,1280,372,400,0,110,432,712,206,260,3934,36,0,248,315,0,0,2744,0,292,1,0,8,3124,2601,1656,4509,709,2244,1148,0,1455,628,254,200,847,264,3,1052,0,0,46,88,918,330,819,629,2028,974,3247,813,672,530,1132,770,0,793,4621,0,0,0,527,0,224,0,2470,1,0,0,65038,305,0,0,0,3369,1248,10,126,0,775,0,1859,458,0,250,436
46,4584,1797,59,0,0,0,469,780,758,3098,364,0,96,2058,0,0,1803,0,345,37,0,89,2131,3479,1744,3028,620,1462,243,0,536,857,15770,976,871,298,698,867,0,657,1194,239,900,1431,1251,636,1431,479,4433,2150,33,3051,3762,129,0,351,5817,744,154,0,1017,193,254,0,526,428,0,0,65543,108,0,1,176,2085,935,324,626,0,529,0,3554,0,0,617,407
47,5380,199,0,0,0,559,334,0,207,6222,577,0,0,3390,0,0,6393,0,416,199,0,75,15,2665,1644,5407,1705,4139,1285,0,2958,2119,0,458,1714,399,1055,1067,0,420,670,429,919,72,2459,253,2411,1094,3830,0,12,6321,6072,1225,0,257,9270,1001,162,0,853,0,458,0,6102,229,0,365,6588,861,912,2,71,2040,668,1585,1360,0,1192,0,965,0,0,333,2208
48,15288,1292,1402,642,82,944,2872,0,3002,48586,4612,1907,4242,1033,0,0,15844,1,3885,1,311,1435,4775,4721,5559,10388,1828,7285,2138,932,8453,3917,4,2136,4441,903,534,2177,0,1967,2632,1,4488,2848,2978,3573,15376,2512,1217,626,765,9708,15940,4610,0,1017,12684,0,0,0,1680,1,229,1,10138,1177,1,338,584513,5644,2978,378,641,19838,7348,9260,7994,0,7670,0,8165,3836,0,2025,9014
49,10429,2942,2197,12,284,245,1628,1300,3999,21387,2431,218,2062,3249,0,0,14764,0,3001,76,0,420,9340,2110,2943,4538,392,2528,3219,0,6364,2764,3741,2101,1956,470,481,3458,0,7429,2995,588,3461,2254,758,3911,10315,3569,10681,1330,2507,15553,20069,5146,0,1828,12615,215,0,0,1833,347,1840,0,11150,1840,0,1,236416,1756,0,820,108,9607,5417,5191,1693,0,4465,0,4041,2732,0,1588,4813
50,8443,2198,581,0,50,1654,432,946,1327,11559,2037,6,1508,1688,0,0,5067,3,2848,0,61,273,5062,1241,829,3167,250,1541,815,2,1213,1312,5658,889,1634,40,827,1360,0,3111,867,673,2139,406,1921,1632,5904,1639,2670,285,359,8067,11586,2966,0,388,13796,0,0,0,2067,0,508,0,12689,147,0,133,125258,585,109,23,49,3825,3672,2731,622,0,1190,0,2639,1170,0,1047,1354
51,2891,481,165,0,36,1482,1482,329,721,6482,819,183,121,1335,0,0,3796,0,890,0,0,589,677,1365,1552,2652,1053,1274,1234,0,2843,1437,2,524,559,648,1047,818,12,768,884,1094,1727,724,158,1007,3234,990,1980,135,624,1976,3597,1724,0,768,4152,349,151,0,585,0,440,0,2190,0,1,0,57260,1737,244,269,532,13409,766,1809,836,0,657,0,3739,738,0,245,3755
52,2257,1095,442,0,0,1200,1390,472,2620,7928,2527,0,1126,317,0,1,11658,1,2151,0,274,816,1083,4738,3920,4056,1012,4860,2788,0,806,1577,1,805,889,0,3403,1693,0,6063,432,265,3895,666,2114,2362,2201,1197,0,0,395,6431,7267,1889,1,79,9731,1,0,0,1155,0,723,0,4276,1269,0,343,43293,8169,454,120,1,8171,4135,2554,95,1,2214,1,6454,1060,0,1467,2128
53,1113,872,0,0,2,699,65,465,395,5194,1050,48,0,225,0,1,2382,0,781,105,0,104,458,1845,1252,2777,1190,1302,1117,0,493,615,1,151,314,22,76,486,0,347,145,1,1269,205,250,462,1974,746,240,187,12,385,1386,496,0,0,5425,0,0,0,437,0,313,3,2062,221,2,0,50733,2297,1,65,0,769,10,530,1503,0,1437,4,1831,134,1,326,1346
54,1096,912,0,0,0,984,1061,0,889,7686,851,0,459,380,0,0,7414,1,1379,2,0,242,3714,3165,3327,6311,588,3974,2797,0,1882,77,2029,732,1169,455,746,523,0,2659,957,0,1433,359,1331,367,5740,2067,472,788,604,2199,6113,740,0,8,2163,24,0,0,2748,0,450,1,1657,504,0,373,115659,942,0,342,0,2317,1427,2944,408,0,4004,0,3131,1067,0,483,518
55,4496,5866,1613,0,0,251,2115,941,2068,9911,1423,1,1539,777,336,0,5115,0,1616,109,0,111,7997,1186,1017,2295,458,825,1910,0,774,1769,13996,1205,1019,0,4713,2317,1,3894,712,363,4609,2291,364,3022,486,1012,12111,6078,761,4792,9899,1421,0,395,12156,0,0,0,2544,0,244,0,6483,720,1,1,172621,15,372,404,242,10347,2155,2158,256,0,609,1,3616,1518,0,975,653
56,3566,2623,979,0,0,554,865,12,3060,4938,3523,0,1237,834,0,0,10838,1,3393,17,105,573,2715,3161,2549,2503,606,3664,2391,0,2254,1177,168,1547,2040,422,406,1044,334,4531,2035,146,1221,1783,3114,831,2034,1682,167,182,253,9866,7374,2720,0,976,7439,684,37,0,1073,0,644,0,2358,268,0,0,56375,890,6,40,551,814,1660,1518,809,0,4383,0,3282,0,1,1004,1451
57,41540,9995,815,0,170,4,5843,4762,4892,25547,2022,2,1651,8983,83,0,26849,0,5645,466,687,1518,59907,9286,4090,10208,1275,6836,7719,0,3546,6939,69501,1732,2002,1289,6423,6578,0,5848,2931,1684,7231,6498,2261,746,23608,6345,45117,11360,2936,6187,14988,2655,0,480,14724,646,0,0,23256,0,545,1,37870,1434,0,171,547304,5308,416,744,1510,40625,6590,8050,2059,1,8835,0,8506,4506,2,3783,6404
58,11534,5531,201,0,17,283,341,4,825,3363,379,76,344,1311,16,0,1265,0,1331,37,75,449,2360,1325,814,1565,721,1073,417,0,1063,1409,13910,456,821,209,15,718,0,657,679,215,936,537,694,1804,2987,297,2382,2417,238,1554,2746,687,0,27,5054,0,0,0,1558,0,37,0,2382,310,0,0,45964,1521,88,151,694,3744,610,1440,851,0,359,0,1868,1062,0,153,844
59,769,351,181,0,2678,1934,0,425,114,77,5,0,822,0,259,0,0,0,170,1,0,178,0,1205,1010,1560,186,814,185,0,0,0,98,358,185,139,287,136,0,61,270,236,258,167,111,0,29,925,125,232,333,0,0,45,0,0,3123,0,0,0,1778,0,0,0,762,221,35,87,11979,21,59,157,90,84,0,617,235,0,85,1235,0,1210,0,173,501
60,1043,397,70,0,0,5,366,297,431,1036,251,0,0,263,17,0,1007,0,47,13,0,38,1679,637,765,791,224,570,391,0,198,576,474,133,263,48,190,251,0,632,283,209,432,922,187,15,1356,388,540,640,164,392,794,135,0,84,1564,0,0,0,1039,0,132,0,1464,86,0,67,36807,582,0,0,264,1058,10,475,445,1,504,0,484,190,0,98,265
61,1713,600,632,3,1,1,546,380,455,6789,1770,46,2,877,0,1,5675,2,0,0,215,0,4496,4640,5125,10363,1024,5396,1903,1,742,849,995,1561,1775,0,1226,1,1,815,1606,438,1049,2917,778,277,8298,3848,504,824,294,4590,4764,407,0,0,4232,4,0,0,721,1,852,7,826,671,0,0,150476,3101,1,443,0,314,0,1221,556,0,3124,4,3859,258,2,1331,1914
62,4183,1757,407,0,431,0,1088,918,2171,12588,632,232,258,2602,0,0,5433,1,1036,119,0,519,2839,709,825,2683,127,937,3069,216,1051,1436,3141,754,1530,610,158,1437,0,2294,499,648,1744,409,1541,1146,6427,1874,2448,803,508,6109,10040,2500,0,1179,4607,0,0,0,1322,0,218,0,7746,344,0,10,62213,1551,3,149,397,8439,1192,1985,1855,78,1470,0,2307,1947,0,493,2086
63,1052,1238,266,0,0,2205,602,1152,2770,13931,3139,4,1170,2346,0,0,2917,0,2971,258,206,52,3321,1301,2882,3748,1638,2396,1251,0,1338,1645,424,1220,1867,7,2589,2461,0,2304,1902,757,2273,999,702,3034,13,1901,267,456,1784,14617,17597,4408,0,2698,12517,0,0,0,1841,0,1025,0,13379,353,0,0,38750,3000,0,6,1,9054,2376,1243,278,0,1265,0,1126,535,0,453,1404
64,10014,1630,1257,0,0,2776,940,1359,3198,18650,1160,174,940,2149,0,0,12028,0,1512,1,0,221,7282,2879,1790,3878,559,2461,2133,280,2602,5803,10222,1782,3109,266,2130,3947,0,6406,654,427,5767,1753,1395,2904,9701,3610,3428,547,581,10976,19459,2830,0,575,14038,0,0,0,864,0,446,0,9061,964,0,408,212437,2675,174,843,351,15844,2786,4065,1357,1,1248,0,5648,930,0,1123,3960
65,12068,2713,0,437,0,895,1458,2436,468,9491,1797,0,336,3295,0,0,7023,0,1857,0,0,578,6074,1853,1259,5233,1920,3608,1676,0,520,3593,15480,830,1301,36,475,425,0,1429,654,552,1555,374,3330,1757,5190,567,6782,1522,357,3670,7912,1535,0,347,6619,339,0,0,419,0,414,0,5530,904,0,0,58564,622,0,237,465,8859,2720,2073,417,0,1353,0,3315,2025,0,743,4754
66,5509,1688,312,0,0,459,122,570,148,6471,425,0,0,2181,61,0,2538,0,886,126,0,118,2419,2429,1123,3016,434,1350,994,0,1670,596,5839,573,661,40,162,605,5,43,333,259,1448,719,1324,1274,3667,965,3258,210,2,1064,4776,224,0,0,6804,720,166,0,1102,3,347,0,2389,4,0,0,82650,862,0,207,26,4769,1338,848,442,0,955,0,992,553,0,813,811
67,2802,1441,0,0,53,1842,647,658,753,14485,845,447,1075,2263,0,0,3786,0,1832,0,0,81,1205,2452,1381,2758,1626,1360,784,0,2494,3241,4044,81,1031,430,394,1260,0,3694,123,268,1743,242,322,1454,3584,1230,5219,590,1017,3693,8739,3235,0,133,9793,0,0,0,161,0,349,0,8125,175,0,0,79277,863,353,97,1,4459,1407,1033,847,0,730,0,4654,507,0,528,586
68,10899,4761,1438,0,0,2315,1647,2852,7136,11125,5698,0,2916,2818,7,0,14908,0,2744,144,125,162,2381,2771,1708,4740,786,2729,3925,127,2255,4270,6937,3975,3063,0,1476,4000,0,14874,2138,761,7070,1936,2447,6533,866,4124,5339,2727,1024,16075,33429,6788,0,1881,23639,283,0,0,2721,913,186,15,8465,328,0,254,165072,1944,660,224,251,7843,2997,2182,444,11,2336,0,7393,2349,0,1344,2741
69,7306,3141,1309,0,13938,7065,831,1588,2989,9919,3204,160,1875,794,390,0,6991,0,3098,136,241,2230,2336,1007,838,1381,389,733,2281,116,1799,1071,1826,1587,1685,312,1518,1123,63,4041,2166,336,2391,1668,2127,4377,4479,5092,631,526,936,5683,13361,2276,0,573,4979,0,0,0,1632,0,242,1,6319,970,2,6,41293,5527,623,849,235,7329,1709,4417,864,28,3955,398,6503,1378,0,1264,2357
70,5469,658,685,0,158,6409,932,749,981,21703,2834,3,975,504,0,1,10588,0,1847,191,63,749,347,2601,2282,4540,822,3793,2233,0,2639,1776,17,1210,1063,961,398,1776,0,2698,844,131,1927,1401,2203,820,11599,2101,322,0,415,7427,3429,1553,0,0,8968,0,0,0,2064,1,1076,1,3275,10,0,0,115293,3344,617,631,0,2365,3053,1254,2646,0,3781,0,5662,641,0,1026,4762
71,3996,1658,1283,0,0,1043,1541,1170,646,10406,2113,0,921,1704,0,0,2714,0,714,0,0,489,11128,6286,3328,6479,1496,3844,330,0,3299,4225,7094,1767,1455,15,224,836,3,1274,2204,648,2886,2236,2519,2144,3980,1851,11914,219,909,3732,6236,1661,0,506,4476,2598,756,0,723,0,284,0,3041,1360,0,632,142162,1926,780,229,566,9365,225,604,843,0,2404,0,5355,136,0,919,3929
72,1858,406,306,0,361,242,179,0,741,15154,2965,0,1097,0,40,0,9163,0,453,0,0,2,350,3526,2946,4629,468,4111,1825,5,637,648,4,1116,259,687,252,514,0,742,492,164,868,1886,2188,1296,10452,2685,4,0,483,2797,5092,632,0,0,3895,0,0,0,1994,0,370,0,3289,377,0,300,27483,4612,0,284,0,2412,2137,1943,936,0,4194,0,3934,702,0,716,1764
73,553,77,101,7,0,76,261,216,326,1262,143,0,241,0,3,0,653,0,59,7,0,149,160,722,1243,1319,265,1173,262,159,217,312,525,178,40,245,77,96,0,696,192,138,327,432,178,46,1725,236,289,197,125,743,1171,136,0,2,1790,89,0,0,381,1,9,0,1082,202,0,77,14598,736,173,241,0,1124,9,316,1224,0,443,1,896,0,0,138,122
74,1966,2303,454,2,0,4047,1240,466,2743,13032,3778,372,885,161,0,0,8596,2,1453,0,0,218,2298,3490,3545,5503,590,3389,2548,0,1677,933,1,441,1528,732,1534,41,0,4128,947,312,1201,2357,741,3336,6387,2712,434,1,0,2475,5605,3635,0,1120,6670,3,1,0,566,1,465,6,3871,346,1,273,31786,4427,2,582,756,3145,2299,2751,3164,0,3190,1,6728,862,0,1139,1995
75,2896,5290,659,1,1,517,1231,3332,3046,8545,2956,379,1596,1101,280,0,7718,0,1217,0,1,458,16103,5374,3500,6089,1353,3657,3060,310,672,2692,20780,1658,710,1,1666,175,0,2493,3549,89,2853,1775,1181,1387,10502,1579,3772,4595,875,5752,5550,2467,0,0,1758,560,1,0,556,1,0,163,5353,690,0,621,148142,1111,1,1,427,313,1187,2564,708,0,2618,1,5149,2702,0,1023,888
76,935,655,1252,0,0,0,227,745,1684,4545,1924,1,1106,557,2,0,6324,0,958,31,381,2,1606,3149,2572,3433,1357,2369,2093,10,782,331,1365,321,385,0,1657,134,0,861,679,342,865,420,1875,842,3430,1473,585,940,400,4104,4374,1781,0,208,4267,1081,0,0,2020,0,0,4,1421,874,0,480,84974,1766,0,494,683,772,754,1621,384,0,1464,0,2591,1314,0,388,0
77,10198,3388,536,0,53,483,2649,1537,1809,17200,1489,357,1291,1265,98,0,8568,0,1069,52,89,193,8843,1192,596,1507,844,556,3429,0,2195,4553,27539,1122,1072,615,997,2470,0,3176,1362,565,2981,2092,2784,2555,9984,1752,10742,3870,445,5497,8809,2581,0,659,7391,0,0,0,1731,0,492,0,11203,1167,0,189,184364,4237,84,213,987,11828,2121,5796,2566,141,2580,0,5218,2366,0,1751,4194
78,1070,865,127,1,0,0,188,215,286,1508,391,0,169,248,2,0,900,1,576,0,222,67,444,2035,1706,2716,221,1649,718,0,0,10,1664,317,89,0,247,230,0,678,192,0,480,514,412,98,1511,638,804,443,239,530,582,177,0,0,2584,397,71,0,241,0,0,2,933,140,0,0,36406,181,0,227,459,830,154,130,346,0,69,0,350,318,0,112,0
79,885,1196,392,0,56,1996,36,417,1802,10632,2189,344,142,581,0,0,8956,0,921,0,0,174,7922,4516,2801,5386,444,3224,2496,0,423,1461,920,964,1446,23,0,0,1,1189,1411,186,1894,2428,1993,547,8385,2805,1775,256,253,1727,2587,1163,0,372,13517,0,0,0,3579,0,279,0,3061,454,0,0,97252,2413,276,372,0,653,173,1328,466,0,5585,0,3676,1166,0,996,669
80,1721,1810,839,0,154,0,16,1,3599,13556,750,0,1,512,445,0,8155,0,1001,0,0,1,1396,4671,4291,6553,331,5554,2717,0,1753,66,3,410,992,641,22,448,0,3346,928,0,876,1662,575,297,16699,3648,604,0,0,4175,5120,2137,1,0,6,0,0,0,1149,0,713,2,3841,1701,2,0,17743,1062,0,434,333,722,1886,1898,523,0,5235,2,615,2961,0,619,707
81,5775,2395,602,130,2853,951,1581,556,2292,5663,980,0,767,2498,88,0,5223,1,1493,2,0,43,7178,1826,1108,4103,771,1804,3536,73,1977,1546,12245,13977,1323,567,681,486,0,2446,1457,209,1012,3247,1323,1788,5948,1941,4448,2872,437,5717,6011,2338,0,1266,16109,1,0,0,6341,0,203,0,6125,207,0,92,233278,4025,114,157,1002,4758,391,1022,647,0,1138,0,4312,1026,0,1005,378
82,3554,1880,79,119,0,10,201,1065,1131,1162,725,1,666,938,0,0,1606,0,756,0,0,494,375,2209,1593,4692,1309,3269,1094,696,0,645,9747,582,554,9,385,1138,0,1335,156,3,1642,360,1091,316,2369,235,2415,608,2,2101,3257,2015,0,88,4914,0,0,0,182,0,0,4,2760,455,0,0,89580,4230,0,0,230,283,482,2139,770,7,411,0,1294,901,0,153,1179
83,5193,5482,1375,0,83,1904,3215,1531,917,29375,2817,272,870,1683,299,1,9934,0,4913,214,0,96,23800,4390,4095,4236,1587,4416,3625,1,3189,2215,17434,1934,3789,1708,1686,2204,1,2532,1897,167,4229,3016,1728,981,15661,4137,5552,6455,1280,8348,10264,2371,0,1198,22017,0,0,0,6690,0,2564,1,28308,2496,1,805,176525,1694,0,433,416,6306,4667,6597,3881,0,7145,0,4643,3607,1,2359,5006
84,10665,2136,1611,0,788,1428,3889,7,3477,30843,2128,0,1368,3593,621,0,10229,0,7780,14,0,919,28286,6533,3905,7545,1566,5968,667,0,4964,2131,11122,1539,3055,2157,1864,1242,0,10374,3586,530,4516,2967,3226,371,25781,6506,31374,4418,2055,5443,7892,3161,0,214,20932,0,0,0,7676,0,1961,2,9863,4981,0,0,440598,3641,1363,802,1584,10085,7639,2875,7378,0,7016,1,13028,2116,2,5471,6930
85,7838,2210,435,0,0,2011,733,1495,1906,8433,1761,0,1409,1219,0,0,2350,0,1148,0,0,217,6405,2133,1504,2603,1140,1870,1360,0,3030,1589,21557,756,1037,0,1768,532,0,2470,1067,527,2991,1484,1664,2974,3327,835,4223,2806,587,5651,9257,864,0,788,13544,307,424,0,2913,0,58,0,7183,65,0,24,87215,953,154,532,377,7548,2404,3070,1026,0,754,0,3474,1297,0,470,2928
86,19982,12427,1567,0,2,2515,3855,2556,8673,24522,9784,8,7231,6550,0,0,18501,609,7584,546,700,61,11360,4305,2134,7886,1875,4580,5577,0,8363,5605,5175,4607,4436,0,9662,8091,0,14638,4078,3143,14513,5819,5351,14491,4241,7518,1683,2540,1993,42849,64135,9791,0,6788,22806,391,0,0,5930,0,1283,0,26635,5550,0,0,422563,10347,0,969,431,39027,10529,11163,4074,237,5086,0,16900,9723,0,3040,6484
87,2802,676,565,1,0,1060,83,40,1423,5538,1886,0,1,199,0,0,4586,0,819,0,0,132,766,2831,1269,3028,890,2371,403,0,1207,933,357,808,1809,0,739,1357,0,1684,14,104,2469,180,18,1334,1481,1629,0,97,486,4989,5969,2170,0,2668,6241,0,0,0,2180,0,297,1,4591,8,0,79,38711,1649,0,58,116,5909,863,1410,267,0,1463,0,5335,244,0,485,1444
88,8819,3287,885,0,40,3332,2768,1577,5898,19481,2553,1317,1262,1243,0,0,11289,0,2570,121,0,83,9483,2068,2108,2749,503,2215,4185,0,3599,1903,1073,2404,1846,2027,348,1975,0,7340,2964,335,4630,2313,1405,633,17601,4854,10927,1854,798,3536,3906,1882,0,1548,9425,0,0,0,4063,0,743,0,10397,1295,0,338,178624,2696,0,246,481,12445,2414,3693,3526,0,6657,0,2336,1264,0,1713,3242
89,3836,3338,2,0,0,3,1235,1066,1348,8764,1828,0,2314,2577,1,0,10074,1,1585,0,0,878,14415,7324,5003,11256,350,4882,4826,0,1602,4382,24508,790,1817,502,1369,2306,0,3293,2452,258,2982,6453,1104,3124,9042,12,20459,13084,1538,1816,5246,497,0,1,14072,0,0,0,2987,0,226,1,2076,1038,0,462,311893,3380,0,269,1837,4617,1687,4392,3082,785,2888,2,8297,5629,0,1940,3257
90,2890,1642,223,0,0,34,398,411,357,8219,1550,0,1179,1887,341,0,4798,0,1496,0,0,352,4429,1843,1183,2470,605,1906,503,0,2632,1385,11037,734,960,1379,962,1032,0,1429,1076,358,1534,406,2171,2027,6705,838,3362,313,355,1133,7086,756,0,1307,9208,15,0,1,900,0,595,0,3950,424,0,2,92221,1516,92,49,965,6849,1238,1931,350,0,764,44,3112,319,0,1363,875
91,261,183,68,0,0,53,268,181,276,108,181,0,161,199,0,0,595,0,67,38,0,2,489,534,530,864,131,441,1123,0,386,161,220,50,207,0,207,236,0,254,161,17,252,223,176,100,810,178,131,21,79,908,1275,58,0,0,1320,1,0,0,69,1,103,2,123,29,0,1,21483,94,0,20,62,346,48,568,89,0,91,0,448,200,1,106,227
92,1097,1713,482,0,393,2716,128,1507,2830,7106,363,0,0,316,0,0,2828,1,930,0,0,303,2506,2956,2824,4305,601,2720,2673,2,1380,241,1689,996,202,2,0,157,0,5013,960,1,947,1038,235,385,5646,1664,3309,1971,733,1266,1263,1629,1,1066,4617,0,1,1,1665,0,248,1,2588,221,1,249,63946,2529,0,0,524,4809,0,322,236,0,4073,2,2082,106,1,588,472
93,4610,1055,880,1,97,297,200,1094,1924,18462,1963,173,680,1620,0,1,12747,1,2372,9,1,701,10824,1318,1581,2519,605,1548,1827,0,2698,1293,1884,942,2182,1123,1,691,0,6150,2372,719,2201,2397,2779,1639,11175,2656,3962,937,574,5322,5010,2552,0,819,3756,0,1,0,2676,0,1454,8,4388,1,2,168,50487,2135,0,373,275,2468,1617,3682,1507,0,4612,3,3989,1234,3,1721,4998
94,4010,2627,1326,0,165,2,771,2,3258,9585,1338,2,1352,1779,0,0,13236,1,1142,23,0,0,1908,5111,2568,4724,558,3035,2861,0,1063,708,3495,555,3861,673,5,321,0,2315,1164,542,2575,1857,1363,1260,7200,1550,6264,893,91,6799,5185,3072,0,100,2954,0,0,0,2810,1,496,0,3155,0,0,1,65597,1723,0,462,0,2413,2308,2776,983,0,2706,0,2506,1946,0,1000,1642
95,7144,2848,1647,109,0,1300,726,765,1851,14350,1983,39,820,1170,0,0,5505,0,1759,137,0,291,3324,1981,1001,2046,473,1574,2400,0,3298,1707,644,722,1553,0,739,2251,0,5338,789,381,2222,1637,654,3103,3567,3239,92,212,684,5355,12409,1804,0,168,10735,0,0,0,900,0,0,0,5207,926,0,81,44455,5632,0,276,80,14108,3142,1652,1479,0,1003,0,3575,711,0,976,3042
96,4478,2808,1674,0,0,238,183,446,706,7459,1376,0,1264,3054,0,0,2538,0,1215,0,0,32,3242,1695,1734,3832,1024,3519,1165,0,991,2079,5837,412,670,0,468,2182,0,1828,135,49,1585,428,1877,618,1938,437,520,732,268,3792,7487,105,0,23,6256,0,0,0,950,0,152,0,4062,60,0,0,79172,781,25,9,0,9918,1720,550,487,0,244,0,2176,1413,0,799,984
97,6041,2464,549,89,0,4561,2056,969,2696,21153,3847,3,1311,1077,0,0,12354,0,3460,100,341,523,11715,4246,2474,3601,482,2382,2891,0,3181,1910,2853,899,4491,89,1201,994,0,4834,3095,1136,2911,2906,2870,3469,7651,3922,4869,377,2001,7109,12148,2537,1,1270,27478,1,0,0,2300,0,1102,3,4667,678,0,241,95087,5883,1,401,483,10233,5956,3599,1345,0,5013,0,10175,2949,0,1769,4660
98,5098,817,876,0,0,516,1218,875,513,5959,1579,0,15,742,83,0,4255,0,2092,0,0,315,7099,2658,3634,4665,1274,4158,3414,0,598,1297,2950,686,842,959,571,760,0,592,2653,282,1477,1892,3694,721,6115,501,880,749,415,1392,1644,187,0,0,1345,0,0,0,1517,0,202,0,7119,744,0,0,54743,687,0,783,0,5270,1938,1783,791,0,1722,2,1469,1286,0,341,1730
99,3673,1356,270,0,0,0,630,1796,997,7430,708,0,694,4112,201,0,1851,98,918,188,0,171,3046,2724,1695,4168,1554,1718,860,0,1154,1656,6434,649,107,0,301,1237,0,1883,2322,863,2182,1690,958,1552,2410,653,2987,923,350,3796,7141,1231,0,0,6379,0,0,0,948,0,156,0,4315,208,0,35,75467,1343,0,392,311,3225,1018,1881,303,0,543,0,1515,1228,0,886,2682
100,49994,8083,4501,73307,13674,22327,29610,4380,12,1737,2225,45358,10083,0,25127,14730,0,63605,0,17478,20655,8232,0,9852,4969,10850,5022,10080,10247,21585,0,0,0,65302,3678,26674,33511,2352,13515,1310,5582,15434,14390,8114,0,0,0,19144,0,0,13484,0,0,0,71575,8095,75234,58379,13638,17115,1026,8039,8931,182356,0,9334,12658,29795,1087744,20188,31342,8787,2777,3708,0,0,516,13979,2030,463843,0,25438,110311,3000,172
101,11984,1228,2333,21004,5243,3841,5910,2647,98,215,1161,10457,2905,0,3389,3003,0,17933,0,1726,3342,2451,2,2847,1463,1712,641,2403,5597,10211,0,0,535,11658,842,6371,4381,887,4393,1,1523,3319,2491,2924,0,0,0,2948,544,1,4692,0,0,0,12156,5501,14416,25809,4429,5232,0,4745,2850,79044,0,3012,17783,11224,284971,214,7178,2337,4634,406,192,486,13,5501,725,26294,0,2829,10252,1176,224
102,43409,4937,3143,30223,4531,28446,12385,4740,0,948,2149,5388,11454,0,16165,16619,0,34117,0,8532,7524,5921,0,5930,3796,6637,4815,4051,8716,8599,0,0,0,23723,1867,12320,3829,3659,7711,1136,3967,4174,5437,4846,0,0,0,7622,810,0,6622,0,0,0,19224,11181,23519,22864,9858,4863,2653,1547,2592,109243,0,3519,44470,11984,289806,1,23561,4392,4070,290,0,1361,1018,7699,2432,45861,0,4982,31711,1380,165
103,11567,1800,1374,11379,520,29,3206,1833,1,289,1257,1101,14453,0,8804,10787,0,33298,1,2701,2033,2446,300,2813,1131,3425,363,1720,2811,6441,0,0,879,13130,1666,932,472,421,2774,2,834,3915,4149,4162,0,0,0,2261,859,478,4721,1,1,1,15610,18123,40325,31835,9612,8981,288,3473,4634,127795,0,3156,22610,7398,336649,0,8345,2825,501,817,840,175,0,6124,1918,20712,382,1903,8720,2239,0
104,1801,236,192,3726,2095,42,626,370,1,41,310,2195,855,0,329,1215,0,3642,26,586,1289,1649,1,347,399,644,171,254,666,1235,0,0,1,5506,186,978,886,165,816,1,190,717,854,628,0,0,0,738,0,0,752,0,0,0,2151,644,2808,4277,1497,1209,112,573,329,16415,0,270,60,1545,81254,883,1113,845,322,55,4,22,0,547,366,10384,0,1217,2772,343,2
105,352,712,329,0,0,1,0,1,0,1940,434,0,0,0,0,0,1493,0,4,1,1,0,0,4924,3463,5709,859,4595,332,0,0,0,335,1,197,0,298,0,0,5,168,0,1,25,0,1,1339,706,440,115,1,0,738,276,0,0,227,0,0,0,1,0,0,0,412,0,2,0,86211,0,0,1,0,0,0,628,1,0,1791,0,633,0,0,102,0
106,1268,1,1,0,0,7414,0,3,3,0,1,0,1,1,0,0,0,0,0,0,0,2,3,33775,20748,33267,3128,25544,7,0,0,0,10,8147,3,0,1163,0,4110,1,0,1,0,0,0,0,0,2,3,2,2,0,1,22,2436,0,3,23309,968,0,3,0,0,258,0,1,0,0,96123,0,0,0,0,0,1,449,17765,0,2,0,0,1,0,5,0
107,7558,1371,307,0,0,0,0,488,4621,0,487,0,0,0,0,0,0,679,0,0,0,0,1636,4984,3730,9915,1356,2552,7209,0,0,0,1,1502,1207,0,0,0,0,10618,2658,318,1648,1247,0,0,0,2109,0,4375,0,0,0,170,0,0,6506,276,0,0,754,0,0,0,0,0,0,0,306823,404,0,295,0,0,0,0,0,0,3217,1,0,354,0,1469,0
108,2932,348,0,0,0,6035,0,2997,428,85,739,0,0,0,1296,0,0,0,0,0,0,0,0,6064,3323,11355,2536,6639,6,0,0,0,1,1115,0,0,1726,1,608,0,1,460,455,16,218,0,0,0,1,0,737,0,0,0,0,0,0,1021,178,0,0,3311,0,2,0,530,3,0,47557,0,0,0,0,0,0,0,2163,1,4,1,1080,655,0,528,0
109,8274,9031,0,0,0,2,0,1614,1810,0,1323,0,1,0,0,0,0,465,0,0,0,0,13288,5733,4000,5189,634,5592,6595,0,1,0,3382,919,1031,1,1,293,0,6550,1722,338,1234,720,0,0,0,1199,579,7763,0,0,1,338,0,0,6363,0,17,0,3558,0,0,44,0,0,0,1,150106,173,0,249,0,0,0,0,0,148,3587,0,0,42,1,1635,0
110,748,1,0,0,0,1504,44,0,1,0,216,0,1,0,546,0,0,0,0,0,0,0,1,11549,8022,10692,3190,9529,1395,0,0,0,0,3884,1,0,609,402,0,1,0,273,413,1,1,1,0,3,0,1,1,0,0,1,0,0,281,12807,267,0,1,225,0,0,1,0,0,662,3569,1,1,186,0,0,0,1,0,0,0,2,0,1007,0,97,0
111,1232,157,857,758,1115,0,288,353,0,4,378,3583,1464,0,694,433,0,3844,0,699,578,817,0,2588,1230,3581,151,2565,1057,670,0,0,2,6126,1011,1114,365,282,1654,0,306,810,1199,748,0,0,0,652,99,0,192,0,0,0,2591,2265,20031,5645,1652,481,432,1304,455,6858,0,150,9334,1483,89890,0,1604,1036,339,0,0,1,0,550,311,4251,0,349,5788,434,0
112,52861,17120,3522,3545,5,53,14253,8438,0,1443,2747,0,14711,0,7280,4379,0,60017,0,192,2952,11297,1,3948,783,3894,2236,1497,14646,10483,0,0,0,1399,3996,6804,309,2366,415,2,1006,1365,5030,5898,0,0,370,3975,199,0,10497,0,0,0,19246,0,56302,64672,0,1316,0,3646,4355,113857,0,6917,208,2,840668,0,2310,6844,5456,641,0,0,0,8797,523,1471,2747,93259,67551,3488,0
113,16912,376,1761,37977,2737,1,9937,4360,0,439,1983,5832,41783,0,15107,26541,0,113536,0,5352,8138,7831,0,2220,2056,2839,1061,2408,2999,17051,0,0,37,29937,3280,5840,2166,2549,4161,0,1496,11552,22281,11331,0,0,0,5049,889,0,12842,0,0,1,81161,64534,84422,77349,37312,26733,15,4083,12661,333894,0,6329,10740,12965,671764,0,15454,5400,4130,1134,3354,1,0,14117,3578,38646,877,3657,32041,4129,0
114,1,2,1714,0,0,0,295,2,0,1,0,0,1,2,0,0,0,14,1,0,0,745,0,18519,10050,27563,7249,24822,2012,0,0,0,1,17145,2,1685,1,0,186,0,0,1,4,5,0,0,0,2,0,3,0,0,0,0,0,0,5,9252,0,0,0,3338,0,2589,0,1,0,0,20215,1,0,0,0,1,0,1243,0,0,1,1,0,1,0,2,0
115,83282,7926,18114,80824,10312,7808,27466,10187,0,1716,5360,32005,19636,0,52339,21010,1,102118,0,21506,14839,13775,1559,20500,7150,13131,1859,8183,19436,14377,0,0,142675,51506,7543,31334,29485,4283,18934,1,2386,6584,16549,18953,0,0,0,9760,2600,4180,32972,0,0,0,30390,27866,134744,92799,30883,16414,18,7716,14391,281959,0,14978,188545,57903,1301172,0,23747,3910,20495,40,786,0,0,24892,3140,120268,1,27237,234547,2889,0
116,32054,6631,14183,115869,39713,2675,19490,6236,0,1002,4762,54969,20282,0,6431,25574,0,111535,3287,14884,21302,3616,2205,8540,6675,10679,1125,14373,21572,26500,0,0,1,118654,5404,28453,18862,3810,29607,1,3503,8554,12077,19507,0,0,0,25728,71,123,28723,0,0,0,60210,36071,29932,122223,36990,27538,0,15665,14961,600544,1,14025,1418,15200,1027627,28789,27353,18912,18049,5775,0,0,0,12168,10198,240839,0,32119,59077,9296,0
117,45103,1307,14306,103128,30564,2368,63616,17227,1,0,9497,136647,43977,0,31130,29814,0,109827,0,20972,25092,3056,1,17505,10363,17902,4997,16088,19899,32459,0,0,3,101488,8086,45639,81386,5468,33690,1,8947,11454,24125,35507,0,0,0,15920,1,2,41798,0,0,0,96992,57439,36451,169344,32585,32583,1,38306,19246,716047,0,11910,26903,79388,1389786,2439,43479,8135,35452,200,0,1,2573,21326,7258,461413,0,37993,137778,8922,0
118,7302,1425,92,4650,917,407,1710,742,1,85,548,4664,2261,0,1417,1355,0,5194,0,1531,1801,1709,0,1936,836,2021,1136,1917,891,1115,0,0,0,6834,741,2757,400,709,1504,0,776,881,1578,1016,0,0,0,1527,77,1,2693,0,0,0,4355,3735,5346,7970,1749,2186,135,696,1463,29164,0,1588,845,3939,69340,539,2979,852,653,136,0,24,0,1477,541,12281,0,661,3045,355,269
119,6288,957,1422,5144,1331,1213,1108,1085,7,26,223,5493,3376,0,1785,1146,0,7320,0,1272,1386,708,1,1032,781,2704,869,754,1558,852,0,0,1,4995,468,1663,1634,556,1790,0,546,1139,1191,840,0,0,0,1646,23,0,925,0,1,0,1928,4679,2888,5065,1092,852,416,178,1012,18384,0,1116,12379,5172,92209,0,3514,822,1700,263,0,1,0,1477,617,10352,0,661,4746,606,0
120,29053,2311,2956,31775,2538,12956,12952,4653,0,0,2726,21390,12163,0,9964,6979,0,31394,0,8398,3428,4126,0,13385,8070,10822,1562,6752,6072,7915,0,0,0,40493,3487,7097,3329,4299,7528,0,393,15215,15012,6199,0,0,0,4490,2,0,5222,1,0,0,23749,21776,29399,41314,12382,5395,1326,8526,2852,193894,1,5499,38465,29535,307569,1,17016,6500,19132,1333,0,1625,1378,5354,2722,39038,0,6761,28931,4985,0
121,71083,5128,35197,58851,9121,1,23654,20099,522,2113,6050,8379,74959,0,61733,56361,0,185921,1411,5584,12118,13389,767,7346,4017,11869,1774,7893,8690,42628,0,0,7503,38455,9208,12643,1584,9680,6005,0,9202,8266,20662,22182,0,0,0,11615,1654,554,21878,0,0,0,140025,138679,168943,118878,59325,48891,3548,13992,23881,578709,0,16762,100482,21203,1733063,0,39544,6603,8007,2569,12689,5,0,45243,5237,68070,677,13829,54315,10458,0
122,34032,942,1875,37049,8522,11181,11929,2064,0,190,1642,23679,10915,0,8603,7207,0,44297,14,10258,6187,2981,0,4676,2487,12227,2494,6647,11493,16427,0,0,427,33977,4610,13952,21805,1364,9318,1,1578,3547,10766,4707,0,0,0,4256,1424,0,14559,0,0,0,19435,11136,27557,35144,5681,5044,0,8570,8499,120324,0,4475,26424,19797,313446,4811,13331,6780,5069,79,2,0,0,7959,608,102043,0,7014,53083,2693,1229
123,28146,3001,2462,27782,7355,1084,10627,2678,2,302,4028,32364,8023,0,9798,10336,0,47503,773,4476,7059,10656,1,7185,4325,4798,972,5419,9667,9518,0,0,2,36213,1537,9365,7790,2461,6902,2,2993,7640,4318,5596,0,0,0,3866,530,0,6910,0,0,1,14234,20309,30308,39718,11623,8808,2702,3194,4120,150059,0,3637,10405,11156,625591,9849,13240,3693,12882,862,0,0,0,4696,3608,63877,1,6153,32762,2234,1165
124,12793,1951,2406,24502,12196,0,10415,4867,696,1575,1768,21261,10239,0,10043,7038,0,66979,0,4878,11287,6214,2819,7789,6278,9042,1518,6929,6845,10990,0,0,3,39902,3272,19118,20327,1412,10211,226,1544,4323,5974,6662,0,1,0,3849,34,0,10608,1,0,0,7295,22324,13693,62522,12290,14454,631,5338,8168,234783,0,5379,74563,35025,277891,0,15418,3297,9876,0,815,3,0,10585,2789,106319,0,9940,43197,2059,0
125,26915,1708,5303,24478,5963,1902,9807,7367,124,388,3934,16962,32463,0,12557,20706,0,48069,0,3795,3017,2329,1,4119,3717,6450,1770,5651,8311,4980,0,0,942,35443,2911,7890,353,3193,6259,0,429,16149,26255,14389,537,0,0,10457,1029,0,10752,0,0,0,12353,55632,77171,46033,23382,14776,685,7961,7059,227777,0,11695,86042,17968,909125,0,24697,5006,2050,2081,707,564,1,13636,3721,50451,1,3839,23205,5485,0
126,8797,897,1729,8675,2169,1343,2455,1289,0,37,177,4103,3464,0,1728,1951,0,9862,209,1680,1631,1461,280,1975,943,2359,962,1573,2801,1657,0,0,1541,10631,302,2260,3206,376,1856,1,483,1251,1489,1510,0,0,0,2031,339,186,1176,0,0,0,5705,5365,5833,11863,2012,2627,396,1588,858,22425,0,1521,11510,6110,99329,0,2318,3038,582,323,0,0,0,2398,764,20233,0,2631,11569,537,0
127,8271,629,2465,14775,3786,606,6221,173,6,170,381,4627,3968,0,4106,4986,0,15697,0,2143,2533,2341,1,1578,1281,3717,1616,1798,2721,4784,0,0,3,12686,1185,4973,6212,411,3749,9,567,2010,2021,1147,0,0,0,1496,6,2,3594,0,0,9,9821,9756,6613,17962,2135,2980,95,3867,2410,74480,3,3033,10166,8592,243633,1797,6796,1539,5147,238,0,704,0,2612,599,30303,2,5327,17617,685,0
128,30609,2076,6943,45563,6091,17104,16359,7003,1,391,2966,34847,12561,228,14370,13214,0,59141,170,10462,9532,16021,861,5814,3264,10726,884,5171,10363,12260,0,0,5214,44092,3129,10935,6717,1354,6429,438,2553,6589,8058,6294,0,0,0,10125,1827,1229,9567,0,0,0,32936,21079,23972,53570,15560,13013,1078,8690,10224,182002,0,7088,86261,28148,677815,1204,29898,7162,7545,2589,46,2,333,10168,4424,86168,0,6843,62737,4788,0
129,7900,1006,924,11113,583,6125,3458,1029,1,80,383,5562,4071,1,4458,2203,0,13538,0,2487,1829,2489,0,1558,654,2755,479,1560,3435,3169,0,0,1497,7931,630,3743,1563,533,2924,78,916,1119,2106,1079,0,0,0,1202,273,0,3160,0,0,2,8847,6026,12065,18102,4438,3543,107,3196,1907,46400,0,2532,48007,6040,132784,220,6535,1301,2772,972,267,0,0,2390,591,18653,1,1497,14761,647,0
130,1381,219,1286,4660,511,2926,955,684,24,3,266,1375,1335,6,1010,1389,0,5146,0,1858,1072,842,10,1250,407,1229,479,745,1233,627,1,0,120,4414,772,1020,2162,361,492,2,203,732,798,790,0,0,1,222,97,61,1448,0,1,0,1561,3088,2762,6023,1033,265,1,1570,868,16472,1,162,16349,2176,59548,0,1969,724,607,98,0,0,0,721,118,4649,0,465,4271,253,143
131,5905,2124,606,3926,815,2059,1783,512,0,50,345,1663,1707,44,1731,1896,0,7951,36,1957,791,946,2049,1641,522,2326,219,1169,1579,2458,0,0,12717,9088,432,2564,773,277,2947,0,242,847,972,701,0,0,0,865,23,124,860,0,0,0,6277,3184,5878,8962,1592,2354,345,964,758,29179,0,854,8399,3659,73287,107,3863,1018,1147,0,0,173,0,2131,477,14072,116,115,4283,419,0
132,8893,1047,1487,11843,2628,2947,3167,651,0,95,364,6656,2600,0,718,2407,0,11586,1,1947,773,1582,0,765,609,1386,159,1623,2245,5379,0,0,0,8707,538,2732,2045,443,3655,0,652,1042,1668,1698,0,0,0,1077,61,0,3115,0,0,0,5800,3066,7583,6644,3675,2118,87,1487,1667,53680,0,1406,434,3542,74075,841,4505,2023,2827,417,261,0,312,2389,808,19431,0,1895,7759,650,0
133,3214,610,106,4845,998,426,1747,790,0,83,249,2928,1490,1,1148,1219,2,5256,0,1149,1700,977,67,611,389,1891,174,1157,890,1272,0,0,1,6696,272,1359,1597,484,2045,18,181,1018,1721,918,1,0,0,287,0,0,1220,1,0,1,2206,4053,3176,13105,2119,2163,72,1260,899,21028,0,642,1269,2996,68814,10,1871,642,1815,215,0,2,1,2152,299,10967,2,2558,7436,395,0
134,11130,2625,1230,15279,384,6795,4256,1785,61,428,679,7084,4090,1,4361,2287,5,11919,0,1829,3007,2850,0,2045,1372,3270,838,1867,4118,2532,1,2,2,6506,990,5163,3569,1105,4969,0,226,2239,3961,2031,0,1,5,1728,649,0,1450,0,2,0,8209,2190,11415,19829,4508,3282,0,2626,1332,50554,3,2439,60187,13474,186616,1,4274,1536,5676,3,0,677,41,3420,612,27144,0,2744,18927,802,1
135,7356,385,733,9999,1905,5031,3018,472,1,53,435,5936,1404,0,1834,3430,0,8783,0,1093,2082,1525,1,1167,915,2613,116,1182,1371,2415,0,0,118,7044,701,1679,224,283,1286,1,685,1434,1816,1690,0,1,0,806,330,0,3041,0,0,0,5716,2623,9297,9578,3546,964,83,1318,1231,49582,0,1159,5091,4505,68357,0,3302,1531,1855,383,0,103,100,1257,444,15262,0,2442,12836,438,0
136,3011,39,535,4146,3852,1,1193,1033,0,204,561,3917,3365,3,1518,2337,0,6680,55,1292,2788,5906,271,1972,2065,1833,505,1750,1449,845,0,0,147,11811,315,1831,1156,399,2493,3,892,1501,1589,1385,1,1,0,1429,0,0,2097,0,1,0,2951,3520,588,11659,2109,2406,143,1624,697,33256,1,814,3254,3902,27775,1,2411,803,518,260,0,14,25,1303,731,24678,0,1077,5834,369,0
137,7342,1119,2069,10576,1018,1792,2216,943,1,19,340,10579,3365,0,2335,3161,0,8665,0,2121,1798,1361,3,2035,1091,1865,510,1708,1475,2708,0,0,1,8619,274,3478,2135,347,2079,0,293,1644,1888,866,0,1,0,1723,1,1,3704,0,0,0,6465,6417,7704,6661,1457,2478,1,843,2427,45592,0,846,6877,4834,107298,226,4369,1455,190,272,0,0,1,3160,864,15545,0,1423,8858,540,0
138,18917,5,449,16151,1421,2309,7181,2796,0,212,381,9380,1524,1,4217,4931,0,10186,0,2137,1525,1135,0,3557,2772,5508,581,2871,2427,8591,1,0,5,12074,408,5418,4770,1653,4101,1,526,1931,4208,1307,0,0,1,1950,26,0,1415,0,0,0,5323,9464,16787,13354,6329,4786,1,3426,2737,60348,0,1684,14636,8260,265855,207,6298,2568,5465,402,0,2,0,2666,671,24414,0,5382,22203,794,0
139,2449,399,575,3635,929,285,3562,321,2,55,80,3704,1555,1,1491,2257,0,8690,0,1183,1188,1512,2,1139,1153,1900,162,1788,1855,1340,0,0,0,5351,155,1339,563,136,1056,1,867,713,871,571,0,0,0,806,0,0,1513,0,0,0,2931,3643,3866,7628,1843,1728,136,744,1119,26165,0,524,3544,2778,86510,478,3124,1982,807,354,0,2,1,1174,467,10243,0,1077,4822,417,198
140,14580,512,1673,32127,6935,874,22692,7459,1,1115,2215,23429,10356,0,5032,12558,0,43189,0,5894,9756,8112,9,9117,5108,11478,3530,5581,9793,9167,0,0,0,51144,4412,13331,7395,578,14767,1049,2537,8141,15726,7616,0,1,0,9033,0,1,11553,0,0,0,14684,11000,28385,43405,8185,3044,2052,8193,4950,151738,0,2824,10016,13644,556078,1,10869,6079,15498,1,0,474,0,6728,1797,98350,0,6399,45514,2103,0
141,6655,756,1309,10227,4248,4092,2706,869,0,103,756,4547,2455,0,1340,2745,0,12821,0,2401,1616,1447,64,2275,1074,2138,408,1789,1857,2395,0,0,3718,8914,537,2833,1452,872,1389,266,140,550,305,1271,0,0,0,1713,94,0,2181,0,0,0,4514,3417,6735,9130,1713,1726,258,2373,1687,45224,0,1416,318,5373,97606,1206,4410,1749,2044,407,0,0,0,2649,746,25165,0,1454,6345,515,82
142,7552,307,877,12929,2967,5363,2676,1336,0,104,505,8749,1648,0,2931,4158,0,8869,0,2718,4018,3050,1,2119,1073,2452,275,1863,1371,4859,0,0,0,9595,460,1306,2582,550,2553,0,811,835,941,1057,0,0,0,1700,143,0,1882,0,0,0,8115,4677,12980,13236,3031,3929,430,1781,2299,52451,0,1770,8093,5402,86999,1342,4944,2305,533,548,241,25,102,2813,594,19187,0,3158,13224,566,0
143,1395,1,495,6192,1925,545,1947,1268,1,0,867,2164,1117,0,1675,2398,0,3710,0,1109,1981,1,0,5001,2083,11026,2775,4814,1313,1530,0,0,3,5203,601,92,1644,1,515,0,0,1884,2117,544,0,0,0,2066,0,0,638,0,0,0,6959,2923,14621,5962,2201,444,3,937,359,4802,0,631,16966,2563,562034,717,4015,1195,10,273,0,790,258,2326,567,5791,0,229,5948,335,0
144,6600,1993,1076,19886,2016,93,4387,628,287,159,204,13687,3174,0,3684,5987,0,18671,1,3544,4347,3423,0,2717,1852,6723,1114,3392,3206,5677,2,0,3,10807,1235,5883,8219,1205,3218,15,945,1795,2250,1549,0,0,0,2020,18,2,5565,2,0,5,12373,7253,11005,22045,6134,3098,302,2141,2471,72476,1,1214,7577,4123,304965,3214,8221,3682,7059,321,0,0,0,5553,1122,47531,2,1783,11789,1350,40
145,937,74,366,1954,408,703,936,314,0,59,60,1069,350,0,355,868,0,2637,0,507,291,510,0,383,660,439,120,611,784,1138,0,0,1,2309,146,964,858,89,1491,2,189,692,191,320,0,2,0,377,46,0,808,1,0,1,696,1828,2343,2876,516,484,0,784,309,17488,0,293,3883,907,34911,2,848,476,56,84,0,32,91,520,441,4475,0,432,1707,141,9
146,7782,901,361,4015,1150,7609,835,319,0,320,41,1661,2202,2,4118,1123,0,9613,0,1867,1346,1049,2,1862,1282,4443,615,1497,918,508,0,0,1285,7502,587,2842,4,365,2187,0,908,915,2118,1270,0,0,0,1182,46,0,234,0,0,0,4079,1892,7709,12522,3144,2305,465,1145,651,19232,1,511,28672,3972,69450,0,2715,2929,1692,1,0,1,81,1732,152,9377,0,556,1226,533,0
147,2801,1,1657,0,0,2,0,0,0,0,455,0,0,0,0,0,0,2827,1317,1261,0,0,0,16589,15648,42933,8658,21010,4088,0,0,0,3,18225,0,0,2919,0,0,0,1,25,1497,2199,0,0,0,0,0,2,0,0,0,0,0,0,1,93979,8762,0,0,8,0,2587,0,0,0,4116,46585,0,0,0,0,0,0,0,0,0,1118,0,0,0,0,440,0
148,43550,3471,423,54139,2613,1339,9771,4411,0,368,1238,21788,12283,0,16674,10742,0,51676,0,9946,12555,6620,0,6316,2618,10262,2498,6127,9340,15079,0,0,1,32339,2553,11226,15532,504,15668,0,594,8396,8827,7519,0,0,0,4273,866,0,6490,0,0,0,23984,13521,54468,58900,27217,9452,621,8348,5963,141554,0,5655,95788,20614,752566,1963,19954,4938,16435,2667,0,656,0,10740,4407,63515,0,7946,48115,4233,0
149,4,0,126,0,0,0,1,0,0,0,116,0,0,0,0,0,0,0,0,0,0,0,0,2194,2233,4136,2192,2161,1,0,0,0,0,678,0,0,0,0,0,0,0,0,0,1,0,0,0,1,0,0,2,1,0,0,0,0,3959,1165,532,0,0,0,0,0,0,0,0,233,49201,0,0,0,0,0,0,0,0,0,84,0,0,0,0,0,0
150,3686,91,4912,16476,3209,2541,4911,10,89,598,354,4067,2397,0,4421,3941,0,12556,2,4213,2744,3460,0,5728,1939,15310,3023,5187,5939,4942,0,0,0,18380,3334,4455,8282,4026,2846,1,1100,1735,2910,5876,0,0,0,2455,2,0,6675,0,0,1,6504,4052,9597,19315,7644,3582,132,1222,3534,47126,0,3601,27682,14612,359147,0,9441,1112,4844,1533,0,1,20,5950,1036,30321,0,2309,29307,1550,0
151,6854,579,822,5155,2739,136,1425,1188,0,23,273,1856,1349,0,364,991,0,7384,368,1065,2377,886,147,1243,693,2198,391,992,1345,2179,0,0,2866,12800,375,1838,406,5,2394,0,1078,375,1175,924,138,0,0,1278,113,0,1322,0,0,0,3402,1775,4732,10140,2225,1482,95,1088,981,25791,0,491,0,2287,96027,2149,1196,1101,257,142,0,367,0,938,795,22073,164,2804,9043,422,0
152,11511,1548,583,17504,1686,8424,6862,2050,79,207,1101,15197,6997,0,5506,8290,0,30731,0,6326,4324,2498,270,3429,2694,8763,1101,3585,5450,9670,0,0,0,9098,2564,6059,9368,805,2962,2,1069,2760,3157,3073,0,0,0,4821,1,0,5823,1,1,1,19052,15473,17795,30825,6381,4960,186,4923,5476,107624,1,3188,46595,15398,381844,589,17605,3066,3764,0,969,1,0,11893,1929,27333,1,3828,35603,928,0
153,3575,673,1311,9318,376,1094,5952,409,1,419,697,5619,3689,0,4778,3363,0,11011,1,3588,2392,1743,3,3755,1359,4009,1010,2886,1823,734,0,0,3,9403,847,3536,5987,100,1430,0,516,2545,2146,1684,0,0,0,2507,207,0,1936,3,0,1,8500,2095,17874,7820,3103,2752,237,1572,2932,49086,0,1128,36725,7080,176759,0,6207,1080,5099,1008,207,1,0,3500,502,25363,0,1008,18750,758,0
154,9692,1740,1939,15700,2144,1674,6352,2683,1,45,204,8855,3744,0,2510,5574,0,13023,0,3232,3836,1180,0,2589,1366,3494,1069,3936,4355,6471,0,0,0,14734,829,3894,5276,570,3291,0,406,2926,2224,3006,0,0,0,2816,824,198,3110,1,0,0,10415,5164,9711,17750,4961,4885,33,3347,1347,71239,1,2625,7202,8613,298751,569,5532,2583,3666,465,0,434,0,2543,406,29688,634,5083,10374,1258,0
155,9,0,1,0,0,30,0,1,3,0,0,0,7,0,3,0,0,0,0,0,0,3,2,32632,12399,24891,3542,23630,1,0,0,0,6,3537,9,1,1,0,0,5,0,0,1,10,0,0,0,6,1,1,2,0,0,0,0,0,13,27868,0,0,0,0,0,1321,0,6,1049,2299,9783,5,0,45,0,0,0,2,0,0,8,3,0,0,0,2,0
156,12846,827,2701,12591,1092,6815,1552,1510,1,200,243,9686,5101,0,2326,2089,0,10385,0,2964,1719,1086,0,2110,1404,5074,783,1856,4039,2263,0,0,608,10571,326,3914,3432,807,2903,1,315,1403,1057,1533,0,0,0,1407,21,16,3333,0,0,0,6369,6666,6028,14890,2621,4396,1,3203,3027,46443,0,1116,33016,9432,173573,0,6539,2717,2090,831,0,0,0,3239,864,23741,0,1852,14688,1080,0
157,6821,361,662,10146,3185,743,1570,867,1,80,879,10124,887,1,2408,3047,0,11265,0,777,2495,1520,0,1098,581,1610,782,1386,1784,2607,0,0,0,11681,929,2496,2308,165,891,0,643,1298,1524,52,0,0,0,1967,0,0,2563,0,0,0,4429,2237,11590,10785,2345,2668,131,1032,1648,51015,0,1519,2059,3782,40465,1507,3380,2120,1641,234,0,0,157,1105,1181,17813,0,2817,8098,297,0
158,26193,4716,2718,19856,13635,35635,6355,1510,637,0,9819,71100,16849,1,11336,6906,0,93691,0,5611,12987,6496,5,16407,13485,28168,4000,15181,15845,3668,0,0,1,49693,1508,38820,14876,0,9169,2,5813,8771,11929,15894,0,0,0,8820,0,1,11898,1,0,0,20044,32197,47489,155818,28821,6830,1,11180,9054,203665,0,2415,57236,45573,332223,2566,23552,7213,16322,0,0,2,0,16834,6694,35048,0,20512,97900,5241,0
159,1707,293,173,1408,574,339,1144,288,0,59,131,1635,339,0,208,467,0,2350,0,279,558,503,0,370,330,500,170,357,966,1081,0,0,1,2948,93,752,201,94,627,0,297,198,473,488,0,0,0,594,2,0,632,17,0,0,1503,621,1953,3180,577,540,25,455,238,13572,0,266,83,1120,30113,172,618,1084,225,187,0,0,22,502,249,7907,1,680,1418,87,0
160,7587,750,1128,9326,1088,1395,5086,631,0,166,253,1835,1784,1,2832,2307,0,7498,154,2838,1454,1185,0,2582,1383,2307,200,2223,2099,4416,0,0,1,9284,730,3186,4148,886,1666,0,448,965,2312,662,0,0,0,1770,0,11,1337,0,0,0,6059,3461,6560,10764,2445,1625,705,1017,1970,52660,0,1283,7769,4334,130506,0,2095,685,3221,728,199,0,0,3259,175,15080,0,1627,11702,279,0
161,525,4,11,0,159,12080,1,530,668,287,1223,1,1228,2,1748,0,0,0,4,2,99,9,12,5798,4504,6321,683,7225,844,1,0,0,2,1087,1895,0,0,4,30,1,3,301,236,83,0,0,0,1655,2,1,904,0,0,0,0,0,2055,1,0,0,0,0,727,2,0,1,3,1,210089,1,2,661,0,0,0,1100,0,659,1649,1,1018,67,2,408,0
162,8802,201,1492,9097,1365,1171,2520,557,0,235,415,6187,1070,0,2798,2721,0,12748,0,2185,2031,955,0,1526,857,1632,587,1097,2031,2591,0,0,19,6433,526,2092,2036,188,2093,0,573,1240,2549,926,0,0,0,1576,1,1,1990,0,2,0,7994,3574,8476,13014,3220,2834,0,642,2778,40804,0,1023,14949,4477,76148,482,4952,938,958,258,0,18,2,1373,338,15805,0,1868,9841,566,0
163,1499,68,342,1885,218,88,1170,162,0,29,94,1354,912,0,1069,1191,0,3756,0,599,259,736,2,337,267,688,219,299,415,835,0,0,0,1791,151,571,859,35,1111,38,177,198,670,471,1,1,0,489,0,1,576,0,0,0,1131,1389,3708,2749,512,662,2,225,507,12073,0,472,4107,1003,40274,0,1901,378,1155,97,39,5,0,741,103,4506,0,521,2306,140,0
164,7377,729,3003,6118,1729,1040,2851,731,0,203,556,4150,4246,0,2518,1926,0,16213,0,2147,1754,1219,0,1076,990,1756,544,651,2465,1988,0,0,0,5190,415,2428,1250,432,2188,0,816,998,1803,925,0,0,0,767,0,0,1503,0,1,0,4565,6475,9171,11328,2783,2132,0,1752,2068,38298,0,802,19844,4378,46977,0,3495,1160,479,0,0,0,0,2006,569,13330,0,1748,10804,370,0
165,3461,216,1576,10031,5730,2100,3251,727,0,131,508,6668,5093,0,6256,3463,0,17946,0,1967,2394,4267,319,3518,4826,5591,1453,4032,1495,5526,0,0,0,19443,1354,6068,5195,1083,5195,290,612,1395,1262,2777,0,0,0,2920,194,0,3945,0,0,0,4853,4931,2903,20575,5898,1940,11,3000,1818,58516,0,2287,46625,8557,99693,877,4373,2665,960,563,241,0,157,2525,1110,17141,0,3885,14483,1471,0
166,5686,357,1065,9831,1936,4511,3651,1674,0,280,68,3363,3911,0,4829,2864,0,8211,0,2919,2215,1338,6,2277,1393,3983,285,1697,2356,4272,0,2,1198,8346,631,4179,7253,210,3005,0,781,1671,2171,925,0,0,0,1367,81,0,1568,0,0,0,6718,3507,11702,10855,1388,2253,413,2328,1013,36064,0,1177,11686,5391,119731,919,3671,1787,1623,0,0,1,0,3237,531,28455,0,2466,14858,496,0
167,3011,632,1272,7550,2845,1258,1236,2108,2,182,1217,15495,1589,0,2323,2410,0,11223,199,1441,3617,2705,1,3277,2616,6376,1132,4415,2712,2319,0,0,0,9882,1383,6722,1855,170,3789,178,1911,3047,2471,2686,0,0,0,1543,0,0,3510,0,0,0,4869,3846,3331,14837,2984,3600,0,2281,1446,48843,0,1778,9782,9009,26002,922,3460,3351,307,176,0,341,0,2060,2682,18771,0,2861,5486,1533,271
168,19146,4275,4347,29306,3823,8833,10259,3613,343,0,3623,6303,19762,0,13608,22539,0,54369,0,12735,6798,12128,1,6395,2620,10140,1648,7336,13534,14432,0,0,2374,23096,3491,9599,5594,3879,7886,21,546,15055,10643,12148,0,0,0,4075,216,99,10134,0,0,0,34170,30850,105422,36596,10342,13231,929,4766,9016,214955,0,8400,160903,22518,723858,4,27386,10116,3910,1352,659,4,0,11667,3546,44011,0,4109,36108,3440,0
169,17890,2456,3126,11395,7274,991,4853,1800,1,101,1150,14508,1828,0,2243,5065,0,12126,1,1531,4654,3265,587,2140,1413,3198,1144,2542,2180,3389,0,0,223,17291,1598,2013,2964,1403,2493,1,1051,2011,2591,3551,0,0,0,2773,299,490,3109,1,0,0,6258,4428,22589,7801,8057,2746,410,1741,2128,53700,0,1043,1351,3799,332824,2771,5224,2312,324,826,0,7,1,3063,1726,30050,5,4357,10454,1159,983
170,2,1,22743,0,0,1,1,2,1,0,0,0,0,0,13598,0,0,0,0,11279,0,7,2,207321,100054,207782,45706,160054,8,0,0,0,3,62390,2,20837,0,0,1,0,0,0,0,0,0,1,0,1,2,0,0,2,0,0,0,0,85,243260,10055,0,0,25611,0,1,1,0,0,2578,267834,0,0,0,0,1,0,1,0,0,0,1,0,17623,0,1934,0
171,3548,204,560,3023,378,1069,1206,366,0,176,241,1783,597,36,512,1457,0,4995,0,1506,883,451,416,882,557,1585,508,583,1882,497,0,0,315,3208,60,1622,1109,198,1519,0,593,301,1927,1057,0,0,1,940,5,102,827,1,1,0,2455,2419,4217,7754,919,898,130,393,735,14502,0,458,6509,2195,51604,0,2151,1055,674,281,0,1,0,932,288,6860,0,348,5800,510,0
172,6152,116,105,11395,1458,4504,4836,1834,0,0,521,487,1915,0,3097,1960,0,13290,1,1745,2090,2282,783,5263,3289,5418,1194,3941,2888,4341,0,0,574,11144,963,4731,1467,1263,2801,474,638,1190,4934,2876,0,1,0,2279,529,709,3006,1,0,1,5854,6207,12874,14415,2318,1468,541,3114,827,45276,0,1412,6782,7239,186337,0,3382,962,6712,364,448,2,1,2777,464,26217,0,1527,12231,793,0
173,3950,168,1145,7848,1268,3551,3699,1122,37,240,394,3364,4799,0,2024,1909,0,7994,0,2373,1312,2221,34,2609,715,1791,799,1984,2285,1842,0,0,118,5640,1075,1647,2269,1176,2167,0,203,1251,2272,1553,0,0,0,1262,79,47,653,0,0,0,8094,1192,9527,9722,1535,2801,244,2032,2530,31903,0,2901,24209,4607,100180,0,5402,1489,1246,110,0,2,0,4385,278,23470,0,1491,7428,345,0
174,11436,496,1572,5821,1171,6502,3227,278,0,284,464,6704,2839,0,1158,2530,0,11321,0,2580,1082,1707,0,2682,982,1183,668,1043,1682,2443,0,0,0,8254,176,2557,1386,639,3477,0,1034,2188,2633,1958,0,2,0,1227,0,16,2957,0,1,0,6639,7219,4860,9225,1997,3438,10,1447,2036,38783,0,1092,12252,4619,140489,0,3996,939,1039,307,0,0,0,1644,808,16598,0,935,8275,892,0
175,7810,787,859,6693,438,2150,3023,508,1,204,178,4672,1501,1,1978,2271,0,10094,0,1349,1162,1426,0,1494,773,2952,442,1163,2198,2781,0,0,0,6473,840,3006,1476,140,3110,0,885,798,1578,763,0,0,0,1071,0,1,1713,0,0,1,4015,3798,3685,9140,2403,2718,42,1326,1950,32931,0,911,12030,4135,86901,0,5079,636,2457,182,180,8,17,2347,567,20599,0,2981,8328,377,0
176,5832,556,950,6016,1284,2543,1283,862,0,0,232,5259,2823,0,2801,2750,0,10154,0,3417,2299,3068,0,3194,1458,2646,1474,1551,2147,2001,0,0,0,8844,596,2257,2874,290,2938,18,259,928,940,875,0,0,0,1493,3,0,1161,0,0,0,3751,5490,11352,7911,3936,2179,204,735,2426,41144,0,2335,4590,5174,18344,1708,3285,1367,3916,707,97,521,241,3366,492,17500,0,2409,9240,872,0
177,3538,185,124,3362,918,1392,1731,250,0,113,204,1881,1294,1,1028,1402,0,5110,0,235,859,1104,0,767,597,959,398,1002,708,1881,0,1,0,3845,283,2330,199,139,2331,0,177,955,1242,655,0,0,0,441,2,1,706,0,2,2,2562,1947,3587,3380,1221,1091,109,1130,387,17798,0,425,4866,1049,42264,979,1680,883,856,0,0,2,0,987,417,8209,0,413,1781,327,0
178,2181,20,491,3989,839,744,1481,355,0,14,252,2166,1136,0,1735,1565,0,5108,0,961,837,2033,113,1398,632,1550,231,1120,1125,2669,0,0,1,4740,243,1869,693,79,2175,2,431,1360,2145,1041,68,0,0,664,118,0,1032,0,1,0,2972,4326,4632,6197,1900,714,233,809,375,28895,0,781,4164,3706,49657,1576,2983,284,1323,198,0,86,157,2342,317,9139,1,246,5336,258,0
179,14771,311,737,21990,4488,1781,9409,854,0,363,1168,12678,7337,0,6142,8431,0,27166,0,5572,6896,3720,1,3582,1645,4164,1326,2748,5026,9236,0,0,2,22876,1497,6997,6180,601,6119,376,347,4500,10589,8043,0,0,0,2885,0,0,5780,0,0,0,7794,11003,17552,34037,6243,7752,629,4233,2867,106819,0,3360,4943,5725,302433,5575,6989,3734,8641,1335,0,576,0,3382,1669,53270,0,4517,15299,1499,0
180,6436,608,1014,6755,2460,3110,1185,818,78,96,553,3435,1150,0,2118,3196,0,7718,0,1473,2831,2096,58,1645,1386,1830,430,1842,385,1467,0,0,263,8721,445,994,2660,668,1448,356,453,1953,1550,486,0,1,0,1046,347,0,1760,0,0,0,5960,2199,8031,7124,3116,1737,156,931,1428,40311,0,574,1167,1106,129231,70,2145,653,1981,289,0,1,0,2321,978,14644,0,1722,10660,334,36
181,5690,680,719,4653,1695,1044,1574,1065,3,210,1124,3526,6707,0,4841,7056,1,15572,0,1203,1568,3271,50,1329,1504,1676,401,1337,2208,2705,0,0,0,7437,1050,3273,1440,347,2734,3,1267,2850,3429,1838,0,0,0,1231,262,1,2721,0,0,0,5628,8087,17446,12664,6250,3584,32,2176,1822,60937,0,1563,26241,6850,13759,0,4982,2792,312,437,304,1,3,4097,1580,9521,82,1367,8093,1158,0
182,9713,588,1376,7430,1079,1840,3069,1428,73,118,558,2617,1810,422,5041,3413,0,8308,0,3147,1104,1886,2,2088,1566,5186,1064,1944,2441,5654,0,0,1335,10158,669,4863,6037,969,1965,6,2293,1859,3395,1102,2,0,2,852,347,39,3017,0,0,0,3797,4277,6749,15580,3138,2026,14,2924,2509,35137,1,1148,15338,4946,121352,2,3578,1805,3147,7,0,5,0,1537,185,11681,0,1273,8394,522,0
183,3191,976,1085,8396,1359,3651,4085,1131,1,328,697,8251,4919,0,2511,2006,0,10992,0,1616,1856,2869,1,3215,3129,3841,507,2843,3402,2707,0,0,2,9660,872,4751,3359,744,3798,0,1203,2290,4595,2936,1,1,0,1986,245,1,3250,0,0,0,7845,4589,1464,14112,2003,2296,3,1232,1483,58797,0,2233,21342,8680,96633,0,4359,1455,194,33,543,3,62,6811,1808,10417,0,773,2897,1169,0
184,12113,0,6212,30290,4607,10679,3422,91,2,753,2997,28456,24391,0,3806,4876,0,42465,1,9538,6270,22213,1,4750,2796,8405,472,3488,1,7696,0,0,1,23196,2280,9313,4799,1231,7025,0,984,1662,4506,4709,0,0,0,6782,1215,0,827,0,1,0,33454,25295,44636,33413,4188,11703,0,3783,7997,254434,0,6774,67742,19669,129856,452,12857,7685,0,0,1,0,0,13130,1070,104243,0,5460,21205,4516,0
185,5657,554,558,6106,2257,0,4366,715,1,177,469,8029,660,0,2042,3040,0,12216,0,1728,3007,902,1,906,618,2279,727,894,1619,4671,0,0,3,11375,413,3473,3696,148,2585,1,600,891,364,1199,1,0,0,1415,12,0,2891,0,0,0,7335,2636,4122,11136,4368,2116,86,830,1474,48800,0,967,0,1522,92260,1783,3695,1716,2403,184,0,0,0,1048,679,31630,0,3112,11020,379,0
186,15377,516,733,14138,1144,6203,6273,2139,99,341,773,5615,9213,0,13578,5900,0,25039,0,2721,137,1482,0,1943,1300,1972,1428,2237,3506,6333,0,0,3,5567,1696,3826,2651,66,2607,68,1399,4256,5542,2502,0,0,0,1095,734,0,5606,1,0,0,12868,10776,26094,10117,4386,4518,56,1384,3521,94761,0,4738,52212,10370,250935,0,10195,2587,1938,1424,276,2,8,7361,1024,21951,0,2814,19567,1014,0
187,14834,2412,1072,4303,1,0,10345,2075,0,748,2460,0,12562,0,4836,8736,0,21486,0,440,1403,4685,0,1172,1112,3040,358,1237,3652,505,0,0,320,544,1765,1873,94,821,505,0,937,879,3535,2151,0,0,0,1742,30,0,6250,0,0,0,7079,0,51606,31482,11,2173,0,2379,2596,51050,0,6032,1316,28,413441,0,1129,1007,1496,554,0,91,0,3029,104,549,460,17180,23387,1375,0
188,19810,2844,913,0,0,2,0,195,4710,0,503,0,1,1,0,1,0,0,1,12,0,495,3829,5152,2776,3833,303,3966,7467,0,0,0,890,622,1495,1,0,841,0,10370,1295,28,2142,2923,0,0,0,897,0,1581,514,1,0,0,1,1,5306,592,0,0,1353,0,0,3,0,456,0,1,261256,1,0,548,0,0,0,0,0,0,6465,0,0,349,1,1085,0
189,1106,271,59,2095,156,273,663,185,0,22,43,685,378,0,487,569,0,1915,0,241,198,465,462,494,420,727,236,359,226,471,0,0,3718,1547,253,851,1019,41,713,54,139,434,1032,557,21,0,0,274,193,43,598,0,0,0,829,591,1277,3148,251,388,63,114,199,8380,0,448,400,1117,22094,157,986,220,117,0,0,34,0,388,96,2622,0,318,2039,111,0
190,9734,4,1,9213,1041,1202,2987,1812,168,194,394,6505,4285,1,4626,1878,0,8508,0,1956,4246,3799,370,3326,1305,3413,301,1982,4344,1658,0,0,0,13601,787,3791,2194,562,1739,0,1495,2569,3256,1588,0,0,0,1449,0,1,2674,0,0,0,6191,3098,9917,13728,3094,2335,390,3082,918,29349,0,1387,38616,6588,101740,1,3850,1784,3870,25,1,585,0,2381,160,19351,0,2831,20514,485,0
191,7802,2275,228,5042,0,0,4182,1435,0,238,817,0,8054,1,3355,7900,0,13920,0,305,1228,3664,2,1211,735,1554,429,1061,2553,1817,0,0,0,178,2535,954,238,139,112,121,356,365,1097,892,0,0,193,1360,174,0,5063,0,0,0,6155,0,28385,31721,0,0,1,1404,1277,35702,0,3452,1253,236,222424,0,526,1262,81,403,0,0,0,1429,62,687,221,4208,5269,1105,197
192,1797,230,207,2161,318,1695,473,446,0,18,110,1170,1394,0,1045,939,0,4168,0,1000,607,767,142,615,320,1104,65,461,360,393,0,0,97,2146,330,689,780,0,717,1,408,394,584,656,0,0,0,407,185,68,721,0,0,0,1572,1521,2678,3339,1298,520,106,577,495,11921,0,683,9737,1372,27875,24,1137,556,1174,6,51,0,0,797,68,4564,0,963,3776,157,0
193,3705,314,326,7020,1438,3,2043,660,0,0,412,4028,2123,0,2989,846,0,5402,275,1813,1396,370,0,2725,2034,3749,762,3089,1510,3161,0,0,5,6902,298,2039,3158,319,526,561,368,1750,2057,1464,0,0,0,2355,276,0,1043,0,0,0,6179,2584,6353,12269,1640,1005,0,1648,1168,32253,0,1169,6490,3793,161516,429,2849,1310,1283,1293,0,0,0,3237,424,14115,0,2001,11199,415,0
194,1794,283,812,1725,336,117,838,406,15,44,341,381,2292,1,920,2553,2,8540,29,598,433,511,0,357,397,503,162,528,724,1138,0,0,0,2539,224,375,28,110,344,0,310,751,961,689,0,0,0,448,56,16,1237,0,0,0,3076,6864,4257,3627,2061,1916,46,544,861,24568,0,713,4723,366,51488,1,1821,565,83,77,269,1,2,1403,594,2833,201,176,1119,348,52
195,386,67,78,983,126,515,657,134,0,30,42,1330,266,0,318,240,0,1505,0,226,223,279,0,392,447,377,21,249,443,566,0,0,30,1463,39,323,481,0,347,1,147,167,373,312,1,1,0,211,2,0,291,0,0,0,466,439,2172,1065,179,201,23,262,149,5377,1,128,1699,982,18627,158,520,203,237,72,1,0,0,200,96,2439,0,358,1572,54,1
196,19747,539,6629,46866,3990,3696,19010,4011,0,1491,3959,9796,37467,0,9597,23093,0,74574,0,8564,9795,5744,0,6970,2501,10805,1212,3965,13190,21808,0,0,1,44939,2939,9934,5517,169,17240,0,5385,16004,24856,14013,0,0,0,9630,0,0,16169,0,0,0,25796,46355,101828,48481,27538,22300,598,8544,10276,235152,0,13089,89447,21742,877696,0,15658,7349,21506,4206,91,8,0,24415,6422,51748,0,5721,59173,4549,0
197,7862,829,339,8974,1225,5678,2851,674,0,376,560,6047,2209,0,3371,3248,0,13039,0,3911,2655,1598,0,3011,1052,4223,1167,1951,2269,4655,0,0,0,9783,1310,2536,2432,1137,3662,0,876,801,1389,1992,0,0,0,2016,0,0,1317,0,0,0,4049,7227,9824,12778,2392,1887,1324,2617,1398,38379,0,1135,17599,6443,156724,346,2923,1036,3672,0,60,0,485,2055,688,14662,0,1286,4349,667,0
198,6753,203,1071,8688,814,4006,1686,1116,0,0,113,2345,3129,183,3052,2782,0,8909,0,1199,591,2617,2,935,1388,2074,815,1785,1231,1482,0,0,954,7593,376,4192,1212,154,1006,1,229,1172,3305,2348,1,0,0,1705,934,127,1399,0,0,1,4249,4687,4398,11814,2770,1403,24,1120,1052,26344,0,1293,10914,4019,97421,0,1538,1284,2201,224,0,0,0,585,312,7830,0,1118,9345,502,0
199,13730,981,825,8681,1832,3272,4217,1199,1,348,229,6157,3473,0,2862,1451,0,9532,0,2161,3174,1298,149,880,743,3616,554,1092,2537,3036,0,0,420,10620,908,3229,2345,344,2187,164,638,786,2043,2110,0,0,0,1446,313,0,3200,1,1,0,8283,4044,9514,13186,7052,1952,0,1742,2251,49700,0,1338,6433,4022,129736,1238,6104,1348,1216,140,0,230,0,2616,389,29474,0,1541,8740,962,313
