,0,1,2,3,4,5,6,7,8,9,10,11,12,13,14,15,16,17,18,19,20,21,22,23,24,25,26,27,28,29,30,31,32,33,34,35,36,37,38,39,40,41,42,43,44,45,46,47,48,49,50,51,52,53,54,55,56,57,58,59,60,61,62,63,64,65,66,67,68,69,70,71,72,73,74,75,76,77,78,79,80,81,82,83,84,85,86
0,6,0,231,1224,382,166,234,645,98,284,374,1216,3017,191,174,533,169,358,599,2570,320,252,0,0,785,922,797,1551,261,740,583,191,962,233,263,241,178,139,197,917,73,1058,329,388,193,49,297,2582,682,173,385,173,431,2,78,933,2020,278,1542,453,485,261,264,2418,373,325,33908,567,198,2363,539,189,696,382,546,1348,564,472,394,162,761,1471,663,117,355,884,334
1,47,840,25,903,390,393,4,187,36,267,94,128,3689,78,456,167,44,64,175,783,262,144,165,257,797,421,493,1744,118,743,209,37,394,52,193,1022,521,238,256,511,124,172,18,51,121,404,475,744,315,120,155,119,240,1,165,845,564,109,2238,518,194,93,102,1360,80,74,16575,79,91,317,130,57,181,8,11,347,75,117,170,366,464,822,43,64,182,135,338
2,1195,11,630,2550,123,610,659,36,1102,409,905,1276,7898,270,1391,2032,392,160,0,3394,940,1085,987,215,195,1627,946,2820,764,1470,1589,477,812,822,3185,3,1154,831,545,1882,774,941,0,393,400,346,803,3365,2042,5,219,72,683,811,1068,3801,5042,1572,10268,860,688,677,55,7432,1493,52,184361,3628,1227,3135,803,1076,712,2012,1328,1585,1723,2619,1041,538,2043,1194,308,1315,568,1002,320
3,679,628,4398,14056,3644,492,459,3897,2219,706,1629,597,13051,38,1746,5856,3638,1525,583,11156,2343,914,2865,1573,13096,2077,555,3700,635,1446,1866,1944,3957,1064,3558,6075,1038,1990,544,2775,2141,1774,531,2547,1220,1084,837,9402,1125,8900,1251,1389,1251,2938,982,4665,7423,1157,6701,1394,4117,1799,604,10956,2481,246,643123,2786,2820,13545,1428,3517,2981,2796,2017,8307,2215,1150,2234,871,1898,1337,2780,1291,1479,4121,1680
4,428,0,421,5193,2372,806,190,2041,580,1442,1214,632,9037,2242,980,3721,1461,1695,720,8981,921,774,944,0,1665,1590,744,1938,562,1740,1469,293,3870,871,2235,165,1044,1652,698,1093,527,1494,761,1335,533,754,920,5892,2018,2672,0,317,168,39,639,4034,5067,973,7899,1205,1444,1232,42,8307,518,257,106611,1175,1967,7182,741,2243,1746,637,1106,3625,917,1200,481,702,1379,3719,2213,450,1171,1484,3030
5,183,0,11,543,97,103,133,231,3,288,43,191,2234,2,158,429,96,0,195,631,235,47,84,0,882,479,513,1083,168,877,145,36,110,139,114,107,133,109,279,179,139,178,52,64,72,189,277,655,245,459,44,74,116,1,44,443,1012,67,1598,178,123,43,61,1039,13,161,18014,100,7,166,134,29,225,1,3,251,133,88,86,171,226,464,78,59,179,114,263
6,109,0,25,414,118,96,162,57,132,139,135,272,1626,28,221,373,32,80,21,525,136,65,129,22,103,355,314,628,80,425,241,102,141,49,138,0,141,151,254,101,39,140,1,94,74,157,158,591,238,34,8,43,14,2,119,565,798,240,1047,93,136,110,4,670,80,333,19243,151,69,157,68,9,124,48,51,439,208,129,57,130,429,548,24,336,90,158,275
7,93,0,220,1457,88,197,1,537,447,283,623,224,4603,195,314,791,679,834,17,2712,716,451,0,0,1192,660,619,1511,255,731,941,126,768,617,506,3757,351,1311,372,970,231,383,257,577,210,36,494,2237,464,1111,226,177,75,98,738,1364,856,394,1828,282,547,927,154,2771,127,273,48121,976,270,2390,342,1141,691,142,153,2446,288,261,142,471,1214,1277,470,377,32,1249,727
8,73,0,2111,7400,1609,143,2,2259,642,128,40,1267,4376,135,420,1980,1163,1728,307,6770,1125,574,926,3861,2952,3695,1266,5188,848,3301,1757,945,1221,345,3126,1391,387,2522,672,3473,910,1778,9224,2367,1491,373,2705,4786,1397,10629,2034,1327,456,1464,346,1110,3362,1694,3718,492,987,1595,0,7289,1816,0,542072,1495,1215,8447,3081,0,720,2287,1238,5673,2817,1574,1303,628,1748,3981,0,1627,266,4747,463
9,847,1533,3409,6239,2586,614,2594,2129,2912,512,1377,777,15456,1266,1886,2492,2011,606,2213,11129,1906,897,4819,2152,4481,2002,1399,1952,661,1127,4130,2282,1783,190,4388,8560,1019,3171,1347,2839,1129,4851,3671,2827,3187,766,2790,12036,1773,7158,1926,1372,1066,4644,1150,4343,8331,2872,9070,2359,1972,1874,3713,14513,2398,224,575357,7196,1723,15474,2294,827,1887,1440,3061,5580,6876,1609,1762,871,3341,6317,2645,1692,474,4911,2157
10,171,860,88,1526,509,357,341,390,172,191,156,481,3564,112,609,400,114,211,370,1371,494,86,364,101,1109,535,587,1263,281,711,467,17,162,161,234,1192,300,388,428,918,71,336,45,141,509,182,581,1965,574,46,244,167,90,5,111,1251,2195,586,4345,474,243,699,21,1291,97,108,30738,320,87,181,329,384,649,96,115,794,474,336,299,257,789,755,17,122,184,248,775
11,187,0,91,485,0,0,104,3,149,1,25,0,1323,0,304,69,8,18,35,157,57,39,207,0,7,822,547,1049,188,1033,152,0,177,153,137,0,65,22,25,89,74,238,5,18,37,0,93,342,88,1,0,11,46,0,123,583,701,199,662,57,279,158,0,390,73,0,11430,11,3,149,0,207,308,5,28,146,185,209,43,54,275,106,0,117,72,44,1
12,290,75,68,301,239,502,131,26,220,231,146,624,2272,0,316,220,237,105,124,750,314,380,222,0,217,606,883,1185,306,800,387,73,235,495,85,1,105,108,314,609,62,188,33,13,19,294,206,2256,412,27,12,7,5,1,1,438,1816,200,1443,351,388,134,29,1251,241,68,26039,170,24,390,165,208,98,188,248,624,203,161,26,10,705,875,14,168,245,329,257
13,61,0,4,528,253,437,24,60,38,151,108,313,1953,37,108,353,37,334,533,329,278,143,75,1,621,418,445,672,367,694,222,8,155,142,145,2740,478,128,471,298,120,248,3,36,376,761,290,526,61,210,79,67,121,1,2,230,522,124,1710,142,185,209,6,1254,67,78,11297,79,5,111,91,72,289,29,7,354,39,36,23,101,398,514,4,50,152,101,149
14,12,0,3,753,201,344,240,0,59,178,68,125,3627,44,302,752,14,310,32,1451,565,108,36,0,17,498,494,1145,122,733,91,49,349,84,220,14,232,126,167,321,94,279,0,46,136,133,206,1586,298,43,1,8,0,2,297,442,1591,324,1408,204,287,227,4,1818,78,177,14881,199,61,155,166,5,168,73,1,732,313,162,17,138,716,496,23,67,118,97,377
15,100,384,3,1338,720,333,257,456,5,161,103,21,3161,1,310,199,58,30,216,528,55,101,157,242,215,727,445,1193,232,504,211,9,204,209,189,480,162,240,193,98,152,544,36,52,181,269,273,830,170,134,15,79,0,6,133,679,1537,113,1330,422,135,475,0,1318,126,144,12401,225,72,89,53,88,180,37,1,434,611,152,16,165,410,800,48,355,169,282,145
16,138,124,8,839,210,346,117,307,147,539,153,171,2935,360,512,242,49,125,78,1465,329,278,181,350,170,469,335,533,152,492,434,41,279,251,694,285,222,138,390,132,165,226,66,181,141,526,180,740,346,421,89,262,193,12,75,696,1209,187,2121,157,113,238,35,760,335,297,39226,369,105,310,269,141,285,127,97,224,260,210,126,43,800,585,38,143,248,190,77
17,701,0,822,3330,1039,351,0,1654,997,388,443,481,7738,691,479,1421,509,829,319,3071,985,493,1805,61,5394,1156,617,1684,598,1305,869,674,591,788,1466,2326,399,1070,575,855,636,557,1196,645,699,1010,300,3673,694,1938,187,1023,440,371,979,1814,2360,893,5223,883,363,493,695,5804,648,446,112981,1140,811,4078,829,694,460,909,1296,1154,1622,1848,1990,577,903,2052,1877,268,32,1018,876
18,359,0,3397,4638,2676,1365,696,844,3755,369,1022,1990,8051,14,3244,0,1005,1034,2814,5919,2273,983,7265,310,4791,4757,2588,5059,963,4478,2639,5717,1501,910,7298,5404,194,2624,1062,2172,552,2583,153,2069,2339,2821,3959,5543,2607,3128,1770,1044,154,6959,524,7781,20344,2308,12133,2641,1421,1045,1448,7531,1138,445,802623,4302,1861,8535,1829,2477,3445,574,1636,2464,1659,2238,1576,1642,1143,7026,504,2277,2961,4311,1022
19,1187,0,6408,12722,1905,2324,2,0,1365,1199,765,1411,13514,0,559,6957,3511,2104,805,7660,1378,1083,1166,7,3056,2766,922,4077,565,2343,3738,1883,4553,917,3065,147,1163,2017,1602,4467,1014,3788,1492,2790,306,332,1780,11790,2591,5849,616,966,43,3638,52,6430,7801,2608,3444,979,2148,2905,1246,18730,3490,60,587846,806,1801,13532,1330,6671,1610,4418,2218,7466,858,1752,2381,374,1586,2873,1621,2842,2266,3830,1636
20,29,184,2,587,113,117,78,415,3,0,47,123,1377,71,158,539,57,104,48,804,244,240,85,0,436,543,422,1139,50,422,93,68,74,12,123,53,74,71,10,87,46,161,0,32,40,275,118,774,217,18,46,36,3,1,298,775,117,125,1002,234,94,362,11,223,41,20,815,49,14,144,0,11,233,8,19,214,173,76,7,201,407,180,101,29,249,124,151
21,1108,167,384,2517,1450,503,303,1251,498,364,614,264,4910,333,832,1377,220,276,683,3148,481,456,198,914,3410,680,341,895,334,880,1056,264,600,268,843,6323,443,565,127,853,136,582,188,1171,457,361,194,2149,564,2030,717,483,49,129,127,918,3196,458,1988,1164,390,1213,600,3034,253,326,88556,292,203,2947,1206,373,1068,238,657,1370,669,355,319,158,684,1718,414,354,659,851,375
22,9,517,2915,9362,2480,1284,1582,1307,2508,1647,991,352,18676,204,1714,3858,3145,1900,885,7611,851,388,11989,3118,2567,4452,1193,5302,1438,2374,2071,2609,2297,4288,3580,8516,67,773,794,1928,1572,1395,2302,5558,845,1314,1226,5806,3807,2000,0,966,0,1218,2749,1651,5643,946,10266,255,1418,1035,942,20169,963,71,597763,950,3705,17739,4122,2323,1573,4880,4651,3973,3939,2106,1817,0,488,2881,2965,188,2267,8288,1328
23,665,1851,4,1310,989,0,0,492,344,133,0,188,1324,590,295,41,653,179,86,714,164,88,137,1403,1177,1116,1106,1789,755,1699,836,0,248,1019,467,3708,100,105,92,520,217,482,58,366,285,254,238,3258,557,2196,1021,187,1191,17,1,809,1641,622,2669,934,0,0,355,1162,47,169,83409,145,249,960,343,1202,395,0,80,163,318,723,8,25,252,453,74,402,0,0,329
24,1156,428,871,5652,3816,327,1382,1077,2855,549,2314,893,20092,1832,3388,3493,1299,3072,4128,7054,2591,1689,5390,957,2406,3243,1062,3304,417,2743,3412,3442,4589,664,1922,2,1529,1602,1202,2498,1364,6688,4396,1916,4194,1093,2347,4092,4209,2678,360,761,193,410,220,5865,10264,2672,7881,1070,1140,3165,3947,10891,1021,1020,189653,2890,1761,20497,3968,2997,1684,1645,2450,4452,3600,875,534,2012,2954,5503,2827,770,1740,4835,1037
25,0,0,23,539,433,107,16,84,201,68,124,818,979,276,603,1,172,219,64,2176,739,192,0,0,221,712,486,1021,139,600,947,88,533,120,79,80,350,252,642,2121,436,209,210,275,37,475,326,27,610,99,0,114,90,7,53,1618,2663,389,2221,150,268,18,0,982,134,854,8008,325,168,69,2,247,624,0,0,179,1,76,1,221,427,812,103,214,38,0,129
26,295,484,142,501,183,366,183,0,68,368,105,161,2518,190,206,740,43,57,140,1202,134,311,0,172,2690,839,501,850,183,739,636,53,260,51,121,1435,142,220,243,275,380,212,364,104,139,56,160,1432,144,642,425,291,111,0,44,362,550,322,1167,730,63,234,52,939,30,115,15656,304,104,205,40,24,113,65,8,646,143,58,170,69,689,849,44,35,149,259,84
27,40,0,1,865,95,33,96,202,49,147,32,98,1654,52,210,63,33,0,86,217,56,54,132,26,289,452,513,1002,106,864,324,119,108,109,98,118,55,99,87,273,51,256,97,90,158,0,90,606,108,89,12,5,3,3,110,259,366,85,738,149,86,167,8,482,5,143,14898,67,0,160,42,64,165,38,35,396,145,85,12,216,372,472,59,104,31,2,78
28,171,67,8,1151,406,37,255,643,15,161,190,112,1135,216,212,172,58,109,153,507,250,59,127,390,1773,656,537,976,41,674,317,55,209,151,145,2175,74,151,53,169,55,92,51,197,198,256,210,680,234,965,592,139,186,5,31,160,463,87,1845,340,202,0,158,1435,22,125,20686,193,0,391,361,394,347,75,29,432,148,73,49,187,143,391,199,158,18,530,99
29,308,872,622,1406,271,368,389,24,645,246,517,198,4543,501,1066,491,0,319,398,4749,1560,160,1905,2,14,1631,1391,3021,853,2145,483,758,1428,341,3003,832,466,627,411,196,288,670,48,293,130,63,828,3512,697,74,428,389,290,514,955,131,1651,283,4781,421,66,421,294,3184,834,16,94621,549,681,2336,107,784,571,608,793,410,1272,935,385,1,932,841,957,150,624,1482,443
30,2312,1106,473,2768,1380,195,1,2716,521,1239,787,537,3865,1568,336,296,220,1066,1494,1135,369,147,662,658,2286,1374,846,2852,356,953,1097,708,1074,355,1437,3022,487,703,228,187,395,646,0,688,611,1118,893,1431,587,1444,1892,750,492,376,26,296,1709,141,3396,1334,122,189,0,1675,20,60,79755,469,593,5375,357,1894,559,579,45,1826,1352,1212,589,310,454,833,1299,548,583,0,1061
31,67,70,86,303,361,78,305,17,46,62,141,285,1692,8,97,827,170,168,153,683,295,128,54,121,301,407,357,662,185,322,292,124,430,39,218,3,220,229,307,228,265,238,256,122,580,230,122,1175,345,318,269,18,139,2,90,662,736,233,791,75,172,108,184,1086,73,90,17540,224,45,372,99,13,324,77,118,876,348,16,47,48,436,686,90,123,135,253,111
32,239,19,161,6243,1777,460,1,905,2022,216,376,765,6940,198,283,1456,657,532,1086,2166,840,666,1441,1119,5305,1381,864,1343,275,1357,1816,523,837,407,928,5161,397,994,145,608,402,1686,0,549,138,943,420,3705,771,1525,1553,899,539,238,853,852,1597,503,4438,1437,449,247,1565,5067,674,665,92403,866,453,5308,368,347,586,409,1053,1269,180,620,1226,565,1251,1815,233,72,98,1050,893
33,513,0,5230,11021,2830,2286,835,828,4391,1279,3205,2337,14251,462,1096,4747,3922,1998,567,11088,2420,1299,15037,957,909,4082,1265,10068,2548,3325,4589,4550,2970,1750,5124,885,791,3472,1428,2483,1229,2237,3804,4540,998,2694,2781,14066,1492,9815,659,1809,0,3960,1342,1478,7876,5579,8559,2229,1200,842,1104,19258,3305,419,574507,4323,1119,14079,3655,3076,2286,10095,2048,5121,7159,1768,3656,1110,1504,4001,1291,2651,2069,5781,541
34,133,641,770,2450,1104,130,391,1068,1134,157,292,662,2828,807,1007,0,452,492,355,1394,828,51,308,607,2250,1419,933,2726,568,1352,1253,481,717,217,506,5350,517,594,499,410,224,1071,297,774,383,896,327,1440,586,594,907,256,24,80,196,1154,2366,564,5653,801,1,6,532,934,922,185,58707,359,1035,3554,114,2054,585,245,548,1,214,276,40,125,294,687,802,273,482,349,375
35,164,1,55,188,59,141,215,76,89,210,19,120,1296,0,246,96,78,145,66,472,115,100,69,0,165,501,454,776,49,576,327,66,240,148,69,55,144,65,128,260,125,146,4,107,140,146,152,842,119,31,33,3,61,1,53,464,926,227,58,151,65,35,50,247,75,40,4982,128,84,53,94,32,152,2,13,555,127,51,17,178,472,363,12,78,41,109,209
36,263,0,112,721,338,209,436,165,90,189,391,260,4029,252,593,224,92,273,82,1841,596,408,37,33,947,532,552,727,53,628,427,152,846,179,106,70,260,210,482,99,159,328,146,271,160,414,255,1054,436,142,1,265,84,8,150,1041,2179,656,1379,512,206,326,56,2261,117,356,7283,402,130,614,550,322,416,129,241,549,212,117,55,182,822,598,251,114,77,801,479
37,0,0,9,310,126,83,49,36,134,101,1,247,1832,4,196,217,15,92,150,581,149,149,38,0,170,515,324,933,151,415,122,82,175,8,166,0,34,78,19,337,120,129,1,50,110,51,97,621,186,45,1,70,22,5,162,1179,796,77,1075,60,79,89,94,514,57,107,6756,173,41,190,173,150,192,87,147,168,325,124,131,83,626,271,110,78,45,371,142
38,40,0,0,294,126,219,34,0,15,29,64,166,1212,0,183,651,22,159,87,889,186,221,50,0,38,763,587,1129,257,827,153,5,150,119,94,0,167,36,227,139,63,158,49,38,40,226,112,1287,266,25,0,16,0,0,68,425,1297,329,1139,138,161,74,34,1660,172,87,12112,45,21,66,136,13,389,6,33,136,151,73,40,35,269,253,19,192,35,127,253
39,734,1193,3021,6998,3504,1837,2196,3369,3227,749,833,670,32113,3675,3071,5800,1008,2003,3679,14871,2847,2536,4917,2405,10768,2087,1420,1484,1151,3304,4475,3744,3154,2806,4379,5382,2138,2993,1554,1573,5578,6927,5019,4095,4249,1532,3056,18982,4885,6628,1006,1077,424,507,2943,11316,15787,4139,5989,4930,2729,2756,4751,18767,411,1416,447061,12226,1783,25480,2161,1238,3436,1772,2241,3348,6122,987,967,1797,4730,8935,3983,1478,1570,7335,2745
40,314,1756,221,3324,347,444,0,1168,270,66,1558,182,7609,149,181,2304,0,381,219,5371,1413,875,415,0,1260,2267,996,2979,543,1317,1582,690,1100,692,3203,1,477,540,911,527,765,451,0,588,110,0,1233,4985,405,7,48,93,336,5736,588,2603,3495,1273,527,1120,169,931,566,5481,1740,43,696762,82,1562,1621,943,930,147,865,86,3241,3293,1790,2,339,899,322,519,1729,230,424,632
41,540,0,1599,4279,1959,754,352,613,1121,1436,815,797,6799,16,447,806,247,452,759,4014,797,409,347,1032,662,1686,1128,2394,601,1685,1496,713,913,671,2334,232,757,1392,437,615,880,1586,850,637,579,212,367,3273,1794,2694,22,408,140,568,131,2490,3106,633,4402,936,684,693,231,4058,1381,747,107983,1922,1212,2828,818,398,875,1512,390,1579,962,1841,1136,2,1469,1195,733,1214,613,1626,1020
42,219,0,789,2282,628,487,897,1057,896,729,155,770,5828,635,372,621,1520,399,613,2810,393,625,914,52,3099,1533,560,2628,169,1093,1273,389,1206,370,1451,488,383,797,249,950,279,345,981,1260,372,1145,369,5480,632,3593,126,192,302,17,192,295,2916,622,3895,1228,464,238,137,3223,232,426,89870,2091,451,3260,919,1307,161,846,888,1796,1593,382,897,332,560,1428,226,932,1036,1936,290
43,223,138,290,920,182,54,63,242,279,168,0,42,754,58,249,74,35,192,86,161,603,55,51,20,260,1096,445,1533,173,571,127,104,0,197,266,1075,163,47,69,0,106,325,20,189,219,35,0,842,195,562,370,400,18,104,57,99,404,22,2165,560,259,50,0,740,68,0,30853,194,74,369,0,2,160,33,73,428,223,85,482,0,202,783,507,0,74,15,89
44,127,3736,4276,8531,4220,973,3013,6038,5795,39,3525,624,12614,1950,2274,1,3911,662,1903,7748,1454,1054,7769,201,11149,5052,2622,5860,612,4446,2512,931,1815,350,4663,21547,403,511,417,1723,254,2637,4,3846,742,1853,2151,14586,1593,7865,1833,2146,1238,5030,2337,5093,13484,967,10792,1254,1236,2685,3486,4825,2923,22,812761,2215,783,6332,3067,1673,2831,1323,2198,3688,4701,1618,2400,1103,1630,8855,348,2721,489,3119,2815
45,0,104,5,638,473,116,597,0,9,228,165,336,3223,16,473,285,70,144,1,2322,368,268,0,0,507,934,568,641,191,902,513,168,511,253,220,144,253,243,445,665,28,196,245,271,283,76,144,1522,598,220,61,81,256,4,183,1275,626,642,1098,617,149,194,256,1565,389,195,7717,896,124,473,155,12,50,206,108,500,56,107,2,116,679,507,102,112,1,213,313
46,1166,100,2518,13610,3443,1430,3893,3191,5110,383,3464,2087,26070,342,5500,4979,2679,1443,4672,8587,4000,1126,8199,1612,9620,2837,1284,5177,449,1773,4531,3209,5862,1487,5109,15197,2570,3590,1201,3931,1451,8474,5227,5136,5067,2211,3979,19676,4598,7859,2970,2300,1061,6904,2040,14524,12958,2156,9129,1482,3506,5005,4776,23927,1612,91,714674,2542,1604,23446,3160,5942,2553,2632,4578,5509,3171,1902,2329,1542,4979,5959,1815,1101,3595,8439,1816
47,25,22,38,606,250,221,80,405,32,70,0,180,1904,74,532,0,30,152,146,816,312,60,52,49,122,282,347,779,200,516,114,128,392,55,21,20,92,78,95,323,129,130,40,31,68,218,254,231,138,96,0,33,117,8,132,1065,1248,278,397,294,90,11,0,822,50,351,2806,314,64,255,0,72,380,38,10,59,29,66,18,102,197,494,54,71,92,311,169
48,643,907,1537,12599,5224,2323,451,1922,2192,435,1544,3036,30277,129,3066,2787,2767,1451,3250,12112,6276,1941,15830,2027,3690,2370,2509,5709,1223,3207,3900,1794,2750,2709,5577,11832,2541,3390,675,3116,1282,6069,259,3310,3020,1681,4700,13373,3393,2010,312,837,2422,7978,1853,7025,20964,3993,7204,2278,1376,3668,635,16949,371,471,608699,5914,2656,11915,3403,3847,5269,1337,1790,4541,4458,3089,579,1720,3236,7312,1893,1980,3426,8631,3179
49,0,0,8,258,259,143,43,36,26,419,168,137,1048,1,393,363,29,48,137,1004,128,109,2,0,379,547,489,821,213,691,260,2,435,103,25,203,157,230,174,464,60,225,43,205,204,210,99,855,233,88,0,81,88,0,28,481,477,192,921,83,58,126,8,993,61,134,2620,1,118,88,149,30,175,16,27,558,0,176,54,217,454,761,37,104,150,161,271
50,139,275,36,735,776,270,490,203,22,194,149,310,2750,272,508,505,51,298,451,1284,331,334,195,938,1978,510,376,816,160,517,439,95,336,235,264,1793,604,306,190,875,276,385,184,324,295,652,706,1097,260,504,338,105,174,2,127,408,1960,481,1867,719,323,519,156,2211,79,133,10295,367,90,625,173,76,338,60,73,815,32,129,70,139,727,1676,38,165,48,602,385
51,134,1,0,538,483,95,386,214,314,173,189,644,4480,172,1038,906,610,363,303,2955,750,281,539,0,1099,1371,1224,1457,613,929,1371,203,508,515,398,504,173,403,467,513,719,840,0,453,369,158,565,3529,597,1128,54,198,286,8,1,2103,2341,684,2041,1378,304,496,583,2369,52,261,16878,1577,249,2156,428,303,425,253,1716,1627,502,586,56,287,766,312,581,440,362,1157,519
52,163,0,61,56,151,109,156,76,178,182,59,165,1673,163,280,123,149,79,111,981,227,170,139,38,328,499,443,964,228,623,254,78,117,28,143,0,90,83,228,172,227,107,60,155,117,135,203,566,261,122,0,39,84,3,54,798,626,204,681,23,214,34,87,657,190,84,7957,168,47,339,104,103,219,158,51,201,26,103,58,139,250,377,1,78,54,382,186
53,178,356,38,568,419,303,50,126,45,166,290,59,2144,92,275,363,129,131,126,786,222,141,233,543,1101,559,499,843,291,711,432,292,265,149,385,731,116,42,210,82,427,303,0,132,71,251,182,876,334,394,76,206,136,2,206,341,647,323,1740,181,322,206,223,529,80,154,5620,89,277,529,174,102,108,104,81,730,142,165,0,36,404,640,229,195,127,297,117
54,6,0,101,239,34,55,171,238,21,98,105,159,1974,9,225,35,53,70,59,268,221,73,229,0,246,577,410,511,132,444,83,49,270,139,117,59,100,127,48,147,47,85,216,47,178,125,213,706,219,117,20,54,81,4,223,1207,1079,72,2040,179,162,76,0,442,57,34,16534,182,39,206,143,97,190,138,93,151,129,244,223,89,427,342,21,142,2,80,385
55,67,21,106,464,337,67,147,3,94,136,154,115,2880,0,195,81,162,114,164,820,101,171,215,403,417,545,344,816,141,337,535,125,220,80,216,703,93,105,284,118,184,417,292,135,249,160,169,1034,235,827,173,93,124,3,183,368,942,126,1263,269,143,257,162,672,117,211,25195,184,0,850,210,111,259,53,31,710,178,90,198,134,303,720,23,172,101,427,108
56,190,530,4259,15311,6408,894,1900,2126,1847,891,2640,1194,16157,548,4492,680,2244,847,5232,4547,5634,1822,26123,2734,2819,3698,3040,8436,2580,4598,1376,6083,2141,904,5229,4464,2500,5138,498,1811,1757,5060,4581,3743,3885,2735,2747,12373,2223,4665,594,2420,1280,7550,1004,9223,19400,4881,11773,2287,1773,1668,3216,13511,1110,374,641442,6997,1974,17500,3193,3522,2942,2171,863,8142,1389,1876,2691,2948,2304,3161,3022,3269,1665,8169,2193
57,354,3121,922,14926,5825,1066,945,4502,2201,1324,1701,1223,18537,2365,1830,3775,2640,3184,3209,4758,3309,466,3142,5136,12490,1622,1153,3347,491,1900,2779,3163,1732,2054,4013,13886,1570,2380,2373,3511,2027,2772,7923,2201,4476,411,2435,7827,2204,8603,1532,1523,801,424,1934,4435,10959,3341,2757,1827,953,3339,4810,11353,854,1700,245346,3597,2110,15288,2960,1984,1524,490,2646,5983,2002,1594,904,2232,2681,3260,2136,1882,3785,7368,2276
58,284,277,4402,2323,1221,29,69,1466,2973,252,1931,50,9625,295,246,1508,1916,414,788,5156,873,332,10028,891,2847,2005,678,2938,419,1849,1661,649,1695,1196,4296,5977,651,64,1313,589,1039,3776,182,948,1292,1257,1105,6446,1486,4779,1,418,78,2096,600,2469,5691,418,8147,461,1033,662,154,12184,443,144,552479,887,2247,7903,350,5335,1048,5196,312,3857,596,597,1078,297,785,2140,738,831,407,1041,1018
59,562,0,578,3063,993,245,726,1043,1167,1243,684,314,4372,487,733,1238,680,169,1219,4764,557,1027,443,116,4042,1536,665,1731,180,1270,1005,449,1272,566,1104,6117,874,923,650,432,570,1417,9,918,706,1019,906,4162,734,3092,1451,1490,716,226,429,786,3877,179,5927,1404,583,1211,438,6562,752,133,138329,431,1317,2886,781,1185,1584,1185,1646,1309,708,2053,1094,457,1154,1996,1841,477,1340,1262,589
60,1071,0,3201,5506,3529,1907,707,300,4644,1977,3013,1804,20555,225,2038,2631,2439,2123,232,12427,3889,1354,1534,0,1465,2770,3181,7217,1045,3943,3726,3309,3563,2336,3810,2789,1966,2935,608,1334,787,6579,0,1947,1533,2259,1315,11834,4473,3583,75,1672,1524,169,674,9305,13365,2594,20828,2997,2910,3618,0,17940,2538,1440,494446,3405,5485,10553,2635,6867,5517,2313,3173,6289,5664,4061,2115,3080,4665,8807,2112,927,907,8147,3115
61,31,4,5,186,161,90,39,19,112,203,36,122,1280,57,142,164,30,39,110,241,306,123,155,43,122,293,226,289,80,292,148,99,345,62,84,0,124,43,140,398,188,150,31,77,35,168,89,760,255,47,0,52,68,0,44,336,1024,210,838,85,163,123,22,387,70,64,2006,142,18,263,80,110,114,40,38,206,96,53,36,76,288,197,18,80,72,176,130
62,187,0,148,1000,203,436,110,2,106,350,403,547,3860,110,510,593,370,242,104,1311,482,192,465,0,90,383,392,823,94,344,631,479,436,270,526,2,270,285,626,569,249,589,26,190,171,393,752,2523,489,104,32,63,103,11,325,1163,2110,318,1535,213,447,524,70,1619,452,284,43893,484,78,958,418,565,444,453,299,1645,230,291,240,164,1246,563,44,527,277,567,401
63,1529,612,2917,13832,5343,550,2964,747,3353,713,3018,708,22192,38,4312,4148,1913,2295,3255,14370,7327,1012,6622,1960,3355,4685,2607,11045,1686,4059,4393,6178,5221,2307,4304,5919,4189,4721,625,2252,2827,5588,1020,4237,4002,3451,3547,14397,4886,5227,613,1826,908,11922,3090,5571,14856,4554,12715,2762,1696,3020,1829,30073,1005,161,1457211,5032,3010,21822,4597,4408,2404,1132,2668,6528,2667,1979,3012,928,3751,2258,3006,4124,1988,13267,1686
64,288,643,47,1249,479,279,91,296,250,522,469,370,3818,95,621,519,192,261,236,1478,326,191,336,1023,725,404,493,856,97,523,716,216,349,370,272,2843,188,193,478,945,327,697,142,343,460,360,407,935,619,619,311,266,254,2,329,484,1754,208,2897,597,183,365,376,1751,230,756,41850,1128,183,1334,312,167,224,43,143,606,715,290,90,185,710,1033,572,325,364,621,249
65,495,404,2289,1770,1523,3188,2020,3081,2822,2234,443,1942,17403,0,1592,2009,801,1334,1111,11078,434,2108,6207,921,1820,3001,1458,6067,1496,2712,4213,1243,1282,0,3796,777,1019,3253,598,2449,2074,1617,194,1549,568,715,2533,13783,2738,669,184,371,866,72,2023,2728,8949,1950,10540,1180,606,991,647,11434,1094,626,339785,631,3944,13450,2437,1427,1910,1732,3702,5802,5644,942,3558,1159,1745,3667,2356,1522,1754,6238,2405
66,151,35,110,795,345,97,87,83,15,187,180,38,2276,76,107,221,31,212,114,674,300,113,256,89,1170,404,271,525,134,400,547,53,422,276,233,2387,137,192,181,262,219,199,156,275,117,140,167,687,193,601,554,151,41,1,62,262,400,156,1145,632,99,82,128,1346,29,251,17059,645,313,912,176,167,204,47,170,112,649,220,179,122,232,525,24,112,118,448,230
67,19,71,145,1273,264,333,379,281,325,30,42,401,2034,205,851,0,112,446,137,1278,438,147,43,133,461,799,340,856,78,483,334,421,99,79,315,10,69,129,37,620,274,195,9,308,209,259,440,1047,563,71,2,157,472,8,129,1182,2158,356,2125,413,157,28,125,521,312,554,60111,486,128,1128,62,348,757,54,181,414,101,295,475,201,1054,2154,125,135,99,333,436
68,0,465,727,4649,1301,143,32,775,1251,0,776,500,7228,384,1099,642,313,827,201,2680,668,277,1390,573,946,1672,536,1809,371,744,1008,1666,1298,150,486,72,377,1601,315,1832,221,1884,349,716,566,183,671,1641,737,635,2,270,353,184,766,3129,4811,981,5395,341,749,502,289,4344,183,872,105360,422,1048,5103,0,1597,408,292,754,2958,1602,1052,558,477,1165,541,0,819,831,1433,1089
69,178,0,118,917,305,1,47,44,166,176,38,203,1945,314,345,350,108,121,314,1330,166,88,151,5,643,730,618,742,181,724,790,90,317,189,442,0,209,202,224,179,182,190,49,68,192,344,95,1602,360,204,45,125,176,4,183,670,986,216,1610,136,369,46,258,1179,141,468,23740,174,10,668,91,360,524,368,108,814,174,465,116,231,757,181,119,364,159,219,489
70,546,3675,2963,14262,6222,936,2249,6727,1503,1067,1221,1134,21756,5000,1582,3796,83,1003,6031,14595,3263,2116,3995,4508,15575,3671,1598,3593,1026,5036,5889,4955,6196,1060,2360,29786,1636,4088,1601,3663,3208,4096,3190,3780,5338,1853,2799,16087,3205,9738,2876,2780,4459,7766,1960,6931,7151,2397,10191,4175,998,1516,4021,11822,1395,155,834680,6181,931,20367,3463,2862,1676,2044,3084,7406,4378,1745,1692,991,3674,4609,3497,1641,327,4326,1455
71,144,0,21,348,68,138,60,0,166,193,122,230,3137,52,323,267,49,153,12,692,388,134,151,0,83,304,518,784,131,518,277,114,518,46,176,28,111,54,222,372,76,241,76,63,118,52,380,884,484,174,0,6,140,10,193,338,1045,266,696,53,188,258,39,1655,37,287,2573,293,67,377,89,113,298,101,40,355,81,141,189,148,309,349,68,66,1,234,103
72,0,0,53,217,82,174,608,0,105,313,408,419,2673,0,106,172,155,282,106,520,109,358,53,1,222,1040,813,1460,723,986,1153,0,97,4,228,0,190,5,107,482,76,218,0,335,44,84,30,718,525,0,0,0,78,11,117,340,637,314,1,490,189,243,102,937,0,279,2841,281,0,778,0,184,294,7,280,272,466,321,0,0,441,112,2,76,237,394,63
73,259,393,22,657,328,247,0,499,73,209,292,151,700,48,173,172,37,179,390,777,241,111,37,0,1134,380,361,999,126,649,378,93,53,226,367,1404,106,92,196,327,85,411,0,152,104,167,59,267,275,358,540,168,0,3,182,302,443,35,1679,415,252,56,175,1150,24,175,20166,140,104,565,95,135,439,69,68,316,186,48,92,88,299,468,458,249,174,20,92
74,936,2043,3481,5495,3344,485,1192,7632,1713,76,354,368,9591,2915,918,230,2196,755,1709,3700,609,52,19307,1157,14967,3069,426,7405,616,2532,1714,885,122,1491,1872,9242,987,1478,773,570,287,1327,644,2139,2109,623,1089,5621,1787,10861,2289,1723,1033,2632,150,3171,3624,916,6036,867,626,456,940,11272,1109,572,600309,5164,834,13927,63,1723,1248,3327,2296,2158,1575,2763,3959,1469,549,7484,1629,302,2610,5529,336
75,55,166,144,841,472,123,50,595,345,216,0,79,2500,628,167,128,301,0,654,1466,402,96,174,548,1546,703,666,936,285,900,594,545,291,140,224,2001,201,167,134,409,439,686,388,496,282,175,158,623,167,758,459,181,498,1,330,276,508,131,1917,398,112,270,354,1284,434,251,23911,892,130,2602,176,522,314,157,430,688,440,194,301,171,265,1234,446,593,72,496,305
76,187,3240,4446,12792,7242,1274,1046,5449,2849,282,1700,1329,10514,2740,3446,0,1960,1524,3049,4785,2226,629,3805,3093,12373,1369,698,2489,576,1186,3603,3827,2721,126,4543,16765,889,1281,1029,2497,1084,4353,5050,2942,3245,1996,3758,2119,1977,4432,3144,3049,2120,5710,1535,7739,15932,3027,8676,1939,1089,1361,1809,6253,770,453,496927,5106,1264,14236,814,2635,2442,1143,2585,1784,1198,1224,626,1069,1555,8380,2285,937,1290,3801,1597
77,119,134,465,976,77,256,108,92,6,214,0,331,1077,0,296,5,253,20,42,188,218,207,283,0,0,627,867,1346,578,888,163,58,74,45,472,1,148,38,67,242,0,77,11,318,213,109,260,176,127,1,0,51,64,50,182,677,533,274,1071,166,376,98,0,92,245,144,3283,257,32,935,180,74,131,113,5,338,67,449,68,0,222,753,0,150,0,77,173
78,28,71,39,342,231,89,55,146,91,93,178,282,1191,214,156,0,142,318,115,526,233,87,55,137,1270,385,290,535,84,379,237,148,163,39,247,1278,136,130,255,451,120,281,71,88,78,83,234,371,175,80,105,92,176,0,136,579,1058,47,1096,127,149,11,0,475,60,156,11400,305,278,1021,65,371,215,6,112,394,89,203,250,161,241,792,149,197,88,59,318
79,512,41,10,373,224,68,131,644,35,184,53,133,1073,250,132,346,125,216,463,427,102,106,160,1152,818,388,182,700,167,358,606,171,257,62,179,1152,121,54,249,220,140,144,91,57,155,116,421,587,184,599,148,109,197,1,260,201,527,75,1054,148,207,106,55,590,32,235,2743,234,2,427,105,160,203,9,9,212,24,33,39,20,360,881,95,23,156,223,70
80,0,159,23,187,102,3,142,0,197,1,157,37,1055,79,159,148,6,1,147,783,192,89,357,0,13,594,396,484,108,723,147,19,321,191,232,74,148,24,21,105,60,27,314,51,58,185,144,701,211,0,0,55,20,35,397,618,795,233,590,280,84,62,0,416,134,270,1379,290,83,151,91,171,261,61,62,196,78,313,149,75,371,125,51,69,191,168,78
81,0,52,53,255,135,23,36,0,137,25,42,105,916,107,75,166,126,45,67,706,232,42,48,0,119,567,313,607,128,437,116,56,173,39,232,57,136,131,147,293,119,240,95,114,20,0,163,576,44,127,158,8,4,0,32,456,371,17,1347,158,92,240,106,564,94,95,13674,215,81,237,107,74,230,158,127,197,226,190,3,23,267,230,88,294,103,257,108
82,481,0,347,1503,1297,569,216,2489,1150,400,419,509,3621,567,432,547,685,414,648,3055,717,236,1056,703,4905,583,516,1144,79,290,579,467,339,281,1315,6267,230,643,540,1153,637,879,159,1053,846,197,701,2986,662,2825,740,375,713,31,300,950,2509,184,3206,724,567,434,1675,3291,406,408,62394,756,253,3984,336,1155,1008,534,643,1882,360,1638,796,604,584,2132,1066,1154,385,1563,411
83,248,9712,4254,9038,4220,2411,3996,4154,2834,641,2570,3716,19091,4366,6310,0,3613,1817,3509,14537,5455,1693,3934,294,8619,1408,882,2900,427,2028,5999,6225,4426,548,4527,2515,3174,4771,764,5786,1666,6546,64,6074,2532,3663,7955,7516,4383,447,1295,1772,1296,15416,1574,15441,27780,7750,16551,4972,2466,448,1737,9298,2267,1023,434072,18589,2831,31113,2790,5789,5335,1784,5646,2863,3053,1291,962,4387,3072,16318,2565,2345,1522,5297,3019
84,435,135,872,2084,1711,354,1280,1169,617,796,449,303,6592,231,517,122,1102,300,321,2931,1130,384,1985,467,3465,1012,649,1408,334,1116,629,129,890,129,1682,3422,678,419,191,1006,620,705,105,987,295,616,595,3230,248,4931,422,551,678,173,0,1314,1595,437,4254,893,246,174,164,2271,1298,287,120885,879,924,3657,315,20,268,832,1536,982,1664,874,1286,351,1192,2518,949,479,141,1197,574
85,16,0,1800,5176,1875,291,970,334,1870,576,1562,789,13160,1143,2058,1406,1946,743,1011,9037,2116,1238,1278,1038,4039,2015,1726,4663,515,2539,2932,4150,1847,410,3931,7211,1669,1065,467,2794,294,3783,3704,2012,1824,575,2633,5530,1564,4192,434,1547,472,7529,2102,5784,8546,2399,10876,1930,1645,2558,1862,8431,1218,333,727565,2033,1631,6790,772,1755,1919,1111,2037,3478,2041,788,630,1970,2531,1616,1889,1628,1042,4703,1138
86,721,0,584,1399,740,749,386,1577,316,315,417,465,6608,427,1237,873,454,237,490,1421,899,109,1340,125,1767,1096,375,1675,706,1443,347,1493,933,576,1593,1641,603,512,459,1870,485,850,762,1489,1614,788,943,3164,1040,4706,122,350,226,211,1,1070,3915,201,5423,573,874,642,368,5411,227,483,97003,1087,1383,4181,729,2263,998,795,938,2005,878,1257,2279,902,814,1184,969,694,139,1789,301
87,819,0,704,3946,1443,657,6,787,1095,406,419,730,6297,905,648,653,986,506,1278,1989,647,439,1744,5,4367,893,496,1362,472,723,1240,1324,1800,810,2635,1592,490,1213,166,762,924,955,3648,851,1280,633,680,2971,1052,6543,307,583,859,629,1361,2661,2159,416,5597,313,731,676,589,5157,987,428,216876,1526,862,4236,426,1646,735,932,609,796,872,1046,924,308,761,1341,1776,603,652,1890,1143
88,666,2245,710,6435,2489,2145,2323,978,3591,754,667,1118,11460,4,2428,712,232,1848,1878,5041,2187,1504,3961,661,3890,2898,840,1963,549,1316,4247,6294,2766,307,4071,3667,1723,2049,1668,2994,1358,3552,5205,2894,1557,1186,5215,7623,5805,3208,394,1001,287,580,1320,3487,7665,1741,5365,2290,1490,905,2306,6215,648,432,282978,2132,1636,16517,3038,2250,3626,750,3196,2369,3976,1509,822,1509,3181,5383,1843,843,1260,4083,1372
89,1918,570,476,3730,2796,364,19,2172,795,161,17,487,3110,565,708,106,436,750,1117,504,690,432,220,5688,2439,1050,980,3342,838,1360,638,125,547,811,1363,7615,294,875,18,813,976,704,0,808,589,513,720,3078,60,1326,1056,585,951,281,3,1059,2030,7,3730,302,152,332,2112,1921,505,8,98955,986,914,2422,160,1980,388,305,989,1214,1245,752,701,340,93,1295,1237,139,426,452,818
90,134,0,909,2624,627,335,330,394,1520,148,447,210,3032,1296,175,265,1599,126,5,1898,918,155,752,280,1110,959,525,1192,352,1046,274,180,164,474,1019,2373,308,890,16,341,0,236,1122,250,507,505,263,2982,688,3826,119,781,389,121,423,849,1848,234,3515,457,791,84,482,3004,599,378,96711,1056,631,1325,219,821,278,784,754,1398,597,722,1170,2,445,1418,704,646,6,690,291
91,1167,186,1265,3273,1043,187,425,2326,1075,344,571,438,5340,829,924,1071,635,888,1020,3755,903,236,1495,1015,3237,883,303,1502,319,477,845,431,742,548,2382,3500,442,568,281,1039,287,604,243,878,687,707,1179,4160,1081,3293,881,909,835,323,308,1616,3804,444,6553,1343,400,669,415,3784,597,512,174280,979,1486,3098,390,1654,845,1032,976,1770,1427,1664,1860,196,770,1229,670,620,341,1559,256
92,793,0,1726,9871,6372,2607,413,4865,1137,659,1168,844,11173,700,1827,1182,1311,1122,2486,4761,761,390,5744,373,6060,3678,2685,4909,2355,3457,2192,1750,3178,42,2462,9952,817,2261,233,736,782,1715,18,2915,3901,1622,1295,8241,1757,6222,2208,2343,1567,3104,108,4919,9854,2870,8369,5417,601,867,2184,8323,331,84,484910,2041,2147,8453,2245,3071,3579,2413,333,416,2372,849,738,1565,1344,3442,1599,424,1584,4523,1298
93,4120,0,653,7507,4678,693,2,6670,1662,918,2483,1181,5956,898,1191,905,2204,1932,1754,5028,1603,215,2059,3762,4914,2792,1927,3423,1735,1664,2197,2919,2754,267,1180,6877,1006,1624,1139,2870,1691,1797,225,1469,1078,2624,1737,3031,1580,1183,2296,907,1581,18,1187,9897,10793,663,8094,2337,720,1163,710,7827,119,1065,66048,482,914,11552,389,3874,2128,335,2163,3294,908,643,328,1561,1640,4797,1947,940,2569,2782,2839
94,1108,0,3729,2607,1918,117,3,2885,1375,281,1304,221,13284,101,160,423,1040,859,769,12343,1666,159,8845,525,2758,3349,2116,6081,1661,2873,817,1350,3586,930,6966,3436,2505,2541,289,2177,1104,2664,260,4019,353,756,736,7190,2097,3880,581,1263,998,1786,2851,4478,2580,179,3305,851,1200,472,2197,6103,530,26,385417,1020,1086,5454,1649,2551,4137,169,1019,5054,4812,242,1562,1936,946,8589,1917,143,1357,23,1169
95,4678,961,3598,13640,5110,1064,8958,17944,9441,2080,5511,3861,24278,7455,3502,3843,3777,1771,1977,11776,1952,2033,15091,16265,32796,6059,3468,9843,2258,4225,5429,5698,3357,546,9596,27788,1564,4351,2306,5572,421,7697,0,5587,1498,2452,6637,30545,5310,18516,3312,5767,3535,4798,721,6379,12144,6059,21136,5608,1635,5074,4107,20592,3451,292,1061130,6863,7284,20800,2222,3233,2537,6301,6248,15070,9796,2713,4093,1370,4517,9994,5681,2735,3604,10289,2227
96,455,3137,655,1454,903,124,178,5996,1021,1,3,406,2648,1082,253,352,282,0,287,1637,162,75,1683,9042,8265,826,1094,1466,839,1483,2775,1475,307,445,1511,9156,296,192,410,1365,892,1796,543,535,1118,310,1407,1847,721,2331,2751,1083,1521,252,1,212,1674,659,5075,3189,551,581,378,2042,770,49,93228,499,1036,4301,149,827,627,1518,1418,1359,1097,1011,870,447,728,851,159,230,1034,1438,296
97,296,493,1070,1868,538,320,365,216,811,486,221,248,5038,15,366,761,242,285,179,1504,50,125,1193,167,2108,713,751,1487,363,800,324,980,1133,411,1067,4380,153,287,308,565,447,208,1024,902,271,1,489,2259,720,1333,192,226,555,120,821,1177,1622,68,3358,827,11,449,186,1505,1645,236,77044,735,614,2379,448,552,710,1218,360,1049,1769,547,1060,135,841,711,315,486,397,744,324
98,21,0,629,1422,382,515,90,0,838,330,1,286,3355,99,434,532,167,435,337,1969,403,71,0,0,1075,1376,743,1420,550,1278,805,831,401,442,807,230,713,497,325,591,115,875,567,374,240,210,146,2922,874,475,116,156,103,115,662,1488,1235,296,4076,374,374,186,42,4057,487,477,76650,599,676,5846,187,1002,374,899,428,649,451,527,1228,138,250,959,1197,541,191,340,429
99,969,296,190,3867,1774,947,487,1082,1730,168,828,716,11239,1,3270,283,2604,398,1780,3780,1688,615,2324,0,1,3657,1847,3096,1316,3047,3023,1963,2697,1089,1488,1211,1943,964,30,1041,1910,1949,0,1609,734,800,2281,8113,1379,1807,267,621,363,413,996,4583,7150,2313,2179,1275,1441,562,1276,8222,546,679,71784,2905,929,10040,643,1429,1819,1317,1917,3686,978,1142,888,636,2279,4939,684,1944,1413,1598,1886
100,658,0,6456,13956,4804,1282,6263,1224,5772,1173,1796,2660,28642,965,2706,6685,4174,905,642,11990,422,1767,71665,1,8149,7292,3281,13012,1325,4323,5572,6475,7754,290,7397,5,943,4280,1118,173,975,6220,0,3261,1736,4480,2151,18457,4910,3345,9158,2649,17,9176,0,4969,8763,1726,11364,1425,1314,5398,37,20391,3255,993,1222521,8424,2990,13041,3945,7261,962,22042,2967,10292,14201,873,2102,1059,817,6890,3852,2117,1237,2998,2275
101,141,223,166,2463,973,702,522,429,552,356,541,1320,7239,589,1014,969,1178,206,739,4291,1301,417,952,0,766,1225,443,1182,129,843,1557,1169,1815,798,1132,273,567,1446,1160,2188,383,1700,820,1057,363,270,686,3526,1275,780,34,213,195,6,423,2218,5836,781,3285,758,677,1152,547,10358,294,1112,72301,2549,699,6269,1149,1112,966,380,843,1469,1505,527,310,1094,1270,3313,1180,1127,991,2818,1173
102,2,2,2377,10730,3602,1220,25759,0,1696,36,11448,990,2929,99,3825,0,0,6782,0,1,1073,2046,0,810,289,6101,2838,8360,2275,5960,3417,0,0,1980,0,869,4682,2335,478,2902,1727,3930,93,1964,2232,0,2079,1205,7348,32,365,277,269,12960,1631,0,2,1,13067,0,0,116,1820,0,0,610,741288,1220,0,0,949,17,121,0,0,2866,1,2719,0,799,1087,366,1792,2731,3263,0,993
103,2477,0,4528,24381,4118,1870,438,8011,5002,191,2867,2400,18107,606,2910,8414,5100,1426,607,11002,2827,1709,658,5458,8990,1915,671,3811,996,2132,7891,5966,2045,1374,5145,13423,850,3774,2295,4932,1596,4032,2532,3534,1542,1910,8159,7414,2328,7150,237,2788,2038,6609,2216,5536,9962,2833,8205,2128,777,4240,1264,6347,727,194,582637,4182,2542,5537,2604,0,2639,2705,2478,15123,13448,2934,1585,1896,6745,3551,1473,2823,1524,11955,444
104,0,0,7122,15002,2203,8047,2978,1339,12129,451,1226,1315,23125,3255,1296,9074,3893,3832,1446,20865,1347,1329,9360,0,4206,11859,3527,12995,1197,7868,12026,4097,3477,3941,10048,7301,2993,2329,1495,2368,1317,2613,930,6739,2042,5710,2792,23169,6001,6615,0,4497,1576,10238,1,4728,6438,955,19860,2930,3088,2086,188,14720,5420,2087,801109,4598,6533,13965,5622,423,361,9022,1841,4294,11918,1378,4020,1732,3530,4226,3600,123,0,6427,1648
105,1148,0,506,3378,1602,217,709,4000,533,753,441,101,3221,962,434,225,284,791,421,251,528,124,281,1951,5749,853,445,2166,261,874,981,794,241,734,641,4756,391,1140,491,341,583,1192,208,562,267,1120,922,881,629,4532,603,1127,130,187,1,653,1450,197,2777,607,82,629,315,2103,88,762,87868,940,1486,2208,713,918,1283,750,563,1411,823,1432,111,280,381,1465,1055,0,265,288,265
106,624,4,993,3867,1083,86,1652,832,1334,148,356,389,6401,913,793,966,349,391,782,2903,816,699,685,1397,3686,796,510,1251,187,769,887,1179,722,594,1945,4397,276,909,723,773,256,1408,341,1095,392,446,898,6229,1032,3496,451,1103,587,363,669,1126,3241,1203,4646,898,730,811,641,6406,1809,158,143256,1455,1473,3638,535,531,573,2520,1609,1514,1945,2352,1508,118,699,1624,795,823,283,1754,279
107,0,49,2000,7187,2113,959,1804,725,1642,390,1888,3781,13500,447,804,354,2683,1132,1247,10164,1875,1057,155,1,490,1772,854,1873,281,1847,4818,1510,3408,587,1491,2594,1639,4991,311,4514,1590,4308,53,2117,1268,2176,4817,11418,1868,1002,721,1337,617,11983,3061,11744,10921,5646,14099,2753,3033,3435,643,7289,1055,402,535588,5944,731,17262,1219,1832,1258,2930,1556,2454,806,1347,485,1645,4067,3184,1542,1254,631,5744,1347
108,825,0,433,928,146,336,0,3395,169,31,180,123,2511,468,232,262,518,0,351,1378,135,132,275,73,2924,1259,819,2980,298,1121,118,10,15,7,871,4538,217,284,46,379,88,12,94,741,191,99,229,1032,77,2305,177,541,1014,107,214,773,1540,313,1081,1109,22,197,798,1290,271,138,48925,957,141,300,48,50,15,637,219,473,615,1795,68,399,151,519,332,159,241,171,0
109,35,663,362,1951,273,204,158,145,55,265,30,175,2103,0,250,245,224,183,265,409,144,4,311,176,222,639,522,1266,644,900,83,70,184,10,308,19,157,502,60,593,87,490,423,340,103,219,361,394,239,139,98,122,46,93,314,452,1178,307,3371,178,96,135,235,1076,338,550,4952,646,148,2097,130,676,339,291,145,302,464,498,176,318,159,647,352,5,528,290,157
110,296,917,935,1238,356,32,783,504,342,106,18,342,2655,92,243,0,525,296,113,779,0,215,636,0,309,1312,566,1713,551,1054,692,279,418,696,1461,1,291,519,115,1,136,181,0,72,80,444,482,1642,269,2,63,83,92,88,0,1266,1826,626,1903,652,503,146,231,836,766,757,36069,616,796,1958,215,10,372,655,423,493,1058,639,546,561,395,990,624,249,65,0,387
111,186,89,702,1905,744,315,77,1031,230,324,192,471,1727,968,47,715,451,639,131,397,881,323,80,530,2243,721,727,1447,216,1040,325,53,204,76,1064,3617,248,126,79,1004,7,238,0,377,99,396,128,1330,241,2258,873,605,96,196,0,302,789,277,4407,673,116,565,131,899,718,200,114080,337,676,571,77,854,258,690,0,457,237,919,785,140,86,1023,569,235,238,1454,20
112,195,139,31,686,477,97,1,476,174,110,139,340,1553,383,159,325,365,158,219,981,129,20,73,1038,1538,361,273,720,112,452,338,161,343,145,479,1276,82,157,114,343,320,271,4,292,106,85,150,294,249,225,165,251,199,3,64,296,441,74,1548,302,280,290,2211,573,68,70,8947,185,70,1600,108,151,198,190,438,229,216,116,128,231,233,309,494,242,339,154,155
113,238,1169,1471,3525,1339,410,433,861,1709,641,920,1401,8777,660,841,2002,967,512,1346,4908,1328,1055,5643,214,2071,1378,808,2637,597,1295,2178,1814,1164,1666,2862,7544,1371,3289,571,1084,826,2569,1086,1742,1733,848,1081,5701,1339,2201,1969,1194,690,5187,1086,4531,5570,1022,9650,1229,555,721,2090,6130,1351,122,462602,1296,1276,6709,1310,926,1962,638,1909,2774,2857,1510,893,414,2257,2459,515,1160,1501,4447,1411
114,0,0,239,1919,646,0,216,1075,251,355,38,153,675,357,117,72,232,2,423,1300,182,137,121,1,1365,716,508,1177,770,1457,568,44,338,216,480,4531,166,325,201,11,214,607,1,399,36,205,72,2452,63,1220,688,211,131,203,0,126,541,75,2006,259,803,157,25,1765,507,462,96453,314,175,352,16,419,390,291,0,522,66,900,7,209,634,509,372,500,1,3,0
115,198,692,651,1661,621,229,820,0,660,67,319,427,3601,632,746,2,191,331,256,1046,958,464,1209,143,376,881,430,1077,683,1192,468,676,542,45,825,0,156,203,568,654,368,479,32,591,257,293,451,1936,721,108,4,220,21,291,296,645,3459,724,2766,132,325,0,497,1803,463,260,12229,1320,679,4433,6,372,177,1400,1099,1152,1183,447,585,348,474,2925,326,276,288,1255,279
116,64,0,4,315,257,240,1,190,142,82,189,155,1259,0,157,188,314,1,199,815,438,43,188,0,173,790,285,773,112,403,337,100,395,143,46,0,122,138,140,69,59,230,0,333,47,78,114,696,248,3,3,147,174,4,170,351,710,60,857,365,138,222,204,1041,84,1,6779,471,66,1280,425,258,234,38,208,331,238,111,119,145,348,542,64,356,265,534,72
117,284,2412,224,7884,3184,212,8,1225,545,241,832,576,5111,398,855,0,482,257,1868,2920,595,240,872,317,6739,2378,1566,3380,782,2724,801,735,826,228,2626,8396,903,1865,83,917,678,2329,159,791,1525,286,703,2972,581,4027,1082,1791,858,2190,1086,2946,2588,368,4672,5941,418,1273,22,3377,1239,111,315072,2158,261,3353,1425,587,40,467,78,1395,1509,1429,601,924,1970,1650,1029,661,478,2229,315
118,638,150,195,2357,574,238,808,950,875,381,594,456,3970,195,576,519,510,110,474,1793,724,385,435,1894,700,549,333,935,159,525,592,544,807,285,1366,2281,207,492,338,741,493,1064,1060,695,451,467,663,4364,470,3066,322,313,234,188,80,1088,2430,834,2742,551,517,238,760,5207,349,452,77544,996,376,3082,462,822,431,475,702,1042,1360,424,905,278,773,1774,484,255,164,722,235
119,492,278,861,3975,869,440,379,725,930,539,206,569,4247,97,360,1145,231,558,450,2644,614,336,18,48,3152,466,256,882,159,350,1531,137,1007,292,1351,1230,390,647,325,1554,257,1155,37,1699,510,269,410,7597,1204,661,660,579,1405,398,617,1662,2996,414,5255,3091,1276,891,917,3711,1227,276,94340,804,1638,5295,66,1603,418,1255,815,2547,784,1245,790,662,1115,1248,623,258,910,848,143
120,1,0,172,294,28,1,131,1032,137,259,1,118,1045,173,231,149,4,1,89,512,257,191,86,688,484,1166,1291,1972,284,2000,461,2,333,11,485,129,200,119,1,121,38,128,0,168,93,213,51,391,11,139,321,502,165,7,0,270,509,83,2219,252,149,20,245,376,71,5,33675,218,39,320,1,218,79,120,21,565,207,730,7,1,227,984,24,74,36,69,0
121,425,4528,1353,7143,1208,442,511,2498,493,396,281,734,7818,957,1055,1309,339,318,1422,2112,1738,440,6760,2665,6049,1724,560,2169,669,2102,2165,1574,1041,196,935,17273,1142,918,268,844,668,2385,1129,1837,2556,604,1707,6408,1831,2823,1158,1335,1196,3694,494,4049,7154,1689,9351,2898,816,810,195,5656,379,199,464379,1935,1070,4373,1300,1358,519,432,771,2689,1916,1602,782,1088,1097,3410,1431,1257,839,2867,715
122,282,0,329,1844,667,156,109,214,390,200,175,187,1693,89,286,450,288,67,246,652,96,185,20,156,932,598,177,736,44,324,636,45,206,198,942,651,185,265,315,317,146,381,21,256,235,463,195,1630,450,640,78,138,190,193,104,336,1229,283,2340,333,291,181,221,1580,427,171,66443,351,471,1304,26,306,285,737,164,529,470,638,311,242,387,498,448,79,163,722,192
123,585,44,263,2391,308,212,110,388,113,169,365,132,1672,657,198,101,296,26,142,232,303,106,513,1241,2335,306,409,583,284,488,306,172,252,178,366,1608,59,362,29,182,271,224,250,608,405,275,111,219,303,1387,362,297,61,115,281,159,302,275,1772,95,26,144,190,1412,449,92,47427,487,169,2092,206,67,125,677,466,404,310,428,972,209,120,1985,444,2,296,151,61
124,0,2647,1471,3487,1269,1278,1485,875,1066,456,519,2306,6766,258,4025,0,899,1384,901,6215,2357,1254,646,28,2516,1376,1661,3153,226,1187,1471,1778,1601,372,2189,28,1090,1492,551,3038,634,2172,356,2082,1911,861,4937,2530,1246,95,26,392,424,5933,1300,10650,19229,5359,10088,1330,903,549,658,3487,668,205,190418,6146,712,11817,923,2520,3695,879,1450,2435,568,619,1200,1837,2876,5949,991,1465,649,4461,1574
125,124,0,524,1514,213,430,714,439,636,81,162,242,5480,189,223,183,317,374,69,1316,283,260,402,68,1471,315,322,855,309,640,924,448,548,125,1064,51,743,318,240,125,258,299,0,486,96,416,323,1293,401,308,35,132,46,140,429,957,1246,330,3551,194,141,309,290,1509,357,132,64715,1062,254,2264,263,278,222,919,422,632,624,769,1978,350,499,1566,130,164,165,555,103
126,1150,3,71,1462,967,249,70,1429,380,597,369,448,1713,1735,174,292,705,652,318,2924,704,175,456,1176,5897,493,416,838,293,863,1457,219,533,305,577,6758,265,696,123,1131,767,384,497,597,467,107,319,1648,847,1812,923,992,1016,196,210,724,3138,164,4284,584,475,385,691,3181,267,188,85898,317,615,2601,23,477,894,426,159,467,191,279,99,198,268,1926,1234,71,506,482,376
127,6405,4711,14166,57469,14198,6227,5863,20802,32034,9026,13884,16293,186408,5664,22319,23220,23271,22804,1744,39098,27840,25524,109050,21321,19300,33615,10244,21743,8969,22921,26545,56159,24450,1088,32626,33610,22345,22897,11300,18915,11047,24712,999,33897,6375,5040,21889,40783,17423,20494,157,12363,8549,12637,15984,45427,80292,19487,89151,19662,9935,19413,9554,119722,14966,479,2924307,46037,9290,92218,7713,1920,5773,38518,18390,55555,46006,11315,13190,8742,64475,28344,25502,28032,12335,44032,10292
128,920,244,115,1014,661,53,12,708,231,205,150,114,968,580,341,209,166,0,30,773,251,119,97,0,2996,504,388,738,464,274,410,177,306,141,394,3662,222,165,42,479,276,350,432,107,153,108,140,481,400,1854,1022,616,442,115,120,53,715,34,1551,792,52,244,340,1517,245,228,52955,120,424,2240,133,535,451,458,38,658,357,432,332,72,197,94,580,94,87,358,67
129,995,2363,1983,5187,3720,614,0,1330,1805,479,1098,2659,6597,191,1871,0,1783,466,2809,11707,2607,410,2265,7,2127,2753,1154,2301,294,2712,1056,702,2314,1301,3554,4883,668,1827,457,2103,51,3317,466,793,1219,1200,2281,1916,2374,3120,2207,151,509,4091,663,11304,13801,1789,9987,1127,1333,575,700,7831,433,85,699632,1049,438,8890,182,3497,2806,455,1744,2828,879,1663,238,1831,1278,3474,466,1544,832,1589,1254
130,231,2153,1990,5492,3444,1937,1758,2239,1231,547,1594,1698,11539,756,3688,0,2616,1356,2929,10029,3491,1311,138,7,3353,2283,887,2499,433,2403,2437,3785,1887,638,3644,2356,2102,1942,700,2962,1842,5742,588,1466,2416,1777,3669,2062,3204,909,1354,1529,692,5263,1439,11342,17213,3373,10276,2142,1562,517,1704,5798,1265,295,600736,4378,529,12762,165,3066,4533,351,1500,2051,1906,1095,821,1826,2345,5743,608,856,656,721,1369
131,143,0,91,1945,464,148,179,614,238,55,252,207,2121,148,176,235,395,264,479,973,110,186,333,1372,834,568,205,467,273,497,405,153,232,113,513,227,53,331,70,554,363,214,1528,377,483,478,191,1605,401,2120,241,295,202,37,283,560,468,305,859,100,103,305,518,1730,88,90,34001,298,317,704,351,405,229,129,187,508,929,244,331,1,332,1296,337,132,195,628,134
132,294,613,410,3787,1244,348,0,2677,957,234,480,486,3210,978,683,549,498,323,489,1549,507,383,701,982,5326,548,374,584,336,758,584,224,881,543,1355,4741,476,1212,452,1788,314,1172,1614,460,792,418,545,2185,633,3146,622,611,628,245,400,1121,4464,241,4658,378,702,577,230,2605,424,483,87245,682,848,3068,283,1368,713,1016,886,1702,393,1332,1109,619,532,1403,345,538,564,780,723
133,89,156,158,217,63,103,12,239,206,395,77,414,2976,39,134,485,16,6,81,1504,72,176,413,70,576,1318,538,2127,440,1284,446,527,409,125,240,457,244,374,80,2195,307,159,283,352,50,520,96,1379,849,465,215,241,4,47,606,646,1698,330,1786,157,302,233,249,3807,122,275,48287,499,519,727,288,701,541,79,48,992,962,720,39,30,301,615,271,193,0,395,209
134,117,683,13,896,520,334,54,1079,132,736,659,584,3857,154,574,829,154,509,769,2728,388,374,93,0,2071,838,838,1683,483,835,334,93,717,213,531,3785,394,806,498,653,531,618,0,579,974,253,35,2081,634,407,599,479,650,67,185,1540,1757,592,4178,2917,613,1545,357,2024,73,328,30224,141,127,1355,695,335,1076,39,118,1618,25,158,60,825,1379,2311,166,367,1079,1081,437
135,202,87,282,846,314,7,76,2159,195,36,144,376,1576,437,155,7,99,127,491,639,1146,129,34,587,1495,714,729,1169,34,437,340,250,286,37,1038,7874,204,461,105,371,237,290,214,302,165,183,303,664,579,1344,364,380,509,75,173,440,726,154,1599,282,92,72,704,1228,230,193,57106,1036,400,1652,69,659,165,152,638,0,21,403,367,0,152,1251,137,22,98,476,179
136,0,167,48,1099,341,135,9,0,95,134,70,269,2657,0,259,450,0,746,113,743,54,158,415,0,1,690,827,1123,514,781,584,0,293,149,338,0,239,184,104,622,111,161,0,596,217,79,137,2526,338,0,0,20,38,19,0,792,1046,228,1039,142,226,364,169,1125,721,185,4739,366,11,61,5,168,101,623,156,829,198,326,374,2,455,364,0,389,111,123,147
137,3,2587,722,741,276,199,92,1195,105,172,6,325,772,190,102,5,447,99,602,1175,407,124,246,158,617,1727,893,1943,456,1220,99,563,451,298,1015,3289,367,713,94,404,327,236,487,9,78,504,240,341,578,1651,443,245,339,22,480,553,3045,230,1468,518,124,153,96,2103,538,275,83569,37,578,1338,7,589,347,19,108,1006,398,367,337,299,255,1803,165,1046,15,0,238
138,235,0,1,1355,234,320,248,375,26,66,166,300,1738,148,269,81,52,198,524,2262,413,468,166,0,2507,1027,630,1000,495,993,380,31,105,631,325,6744,217,481,384,494,470,509,149,663,534,468,329,2456,540,1146,491,316,523,1,690,426,1085,97,1995,854,305,81,62,1905,19,235,19079,292,237,990,167,271,84,10,7,299,317,60,95,188,824,1205,740,172,394,654,156
139,1027,0,1017,1237,1174,520,225,646,455,954,1042,1274,4549,111,896,1054,756,929,2542,4480,635,447,257,0,2610,936,733,1424,86,1477,1943,489,940,0,1099,662,867,1564,194,2081,417,1396,164,969,500,783,1438,4498,1726,1873,962,638,908,970,418,2010,3385,1208,3169,1727,860,2296,574,4641,877,279,269027,1275,678,3995,1055,358,1569,229,361,1651,584,798,282,315,1269,1937,801,467,1143,357,532
140,99,0,212,876,109,66,85,212,834,71,184,16,2024,191,313,407,89,159,141,1085,4,153,0,404,755,480,425,823,286,565,488,336,272,40,245,235,74,245,174,483,54,308,3,229,154,47,205,1169,451,1513,90,67,209,106,213,292,251,143,1851,400,37,233,317,960,417,58,73179,408,10,993,162,18,150,285,357,286,489,530,270,0,137,488,283,275,480,233,261
141,146,0,196,1224,259,174,95,169,390,54,152,135,3299,90,108,202,244,226,351,477,259,138,590,0,260,416,431,931,373,453,239,254,151,73,531,207,63,256,50,324,1,395,4,551,0,165,184,1202,419,186,173,74,83,108,143,765,1186,423,1397,56,74,103,558,1140,335,38,82572,498,347,794,144,570,380,394,111,406,95,255,707,68,277,132,0,210,177,1162,220
