,0,1,2,3,4,5,6,7,8,9,10,11,12,13,14,15,16,17,18,19,20,21,22,23,24,25,26,27,28,29,30,31,32,33,34,35,36,37,38,39,40,41,42,43,44,45,46,47,48,49,50,51,52,53,54,55,56,57,58,59,60,61,62,63,64,65,66,67,68,69,70,71,72,73,74,75
0,1707,558,274,1699,398,5161,683,13198,1822,1115,494,1437,308,975,3573,7213,1282,909,5729,1183,1860,1455,3075,400,1406,274,1168,1038,994,3211,401,2704,1482,998,1508,168,1076,651,3087,824,23,1440,1090,46384,3622,522,319,1,832,534,408,792,1598,0,2826,1245,1108,1050,1249,1253,618,209043,807,585,1175,343,591,4650,3328,895,841,3718,109,2507,1077,290
1,2,38,152,335,0,1697,42,15276,1284,74,3,523,0,488,1386,4932,1343,423,9426,17,5107,2794,11183,2445,8341,291,942,38,272,2835,1,495,3086,1362,825,88,34,0,122,87,373,14,265,30908,850,379,83,1148,265,555,715,913,83,0,3676,11,3065,502,1646,2110,914,518128,2693,612,774,244,336,5812,2698,0,406,2312,212,1649,815,0
2,1019,231,970,656,1748,6988,295,12974,1582,434,1325,838,854,2523,2744,5348,2164,433,4762,519,1184,738,1919,101,1507,218,586,348,1558,1364,1030,846,621,414,2901,1958,301,318,755,662,586,1778,477,17104,7306,770,339,797,606,871,1274,1535,1098,3,3674,1216,2268,753,1174,356,189,106329,507,255,859,364,678,2361,962,705,796,2131,435,1384,313,772
3,2414,1405,1048,1672,1933,16768,1127,48044,4044,2191,3389,1772,913,4085,8236,32534,11184,3018,15783,2401,1959,838,2004,506,2092,1654,2278,1734,5754,5454,2099,6918,4980,3747,8579,4254,927,809,2812,998,2518,3699,1173,9106,12370,1610,1778,2997,1629,9976,3636,3281,3789,78,5461,3201,5265,4851,1748,941,1285,178621,1290,1137,3420,1635,1481,7546,4990,1096,705,12465,2354,4958,2810,627
4,2948,751,2939,732,3148,25678,957,35769,4191,3160,1556,3424,1682,4473,6780,22433,11910,2028,16515,2257,3742,1255,4520,742,2862,814,2144,2010,7061,2797,628,5194,1951,1436,4935,3896,1318,969,2730,2029,2884,2204,632,9739,11366,977,310,5448,1083,6321,3917,4176,3695,0,6329,5978,4130,3726,1238,1932,1180,161421,2100,1252,971,2885,3586,7918,3697,1958,1442,20084,1143,3757,634,2282
5,47,106,12,1975,2125,18316,10,32761,6625,2229,5598,2734,1868,2665,3081,21170,23390,1411,13849,2,9776,4716,9512,3391,11770,1710,6,890,6759,6,6,10653,1278,9127,248,2850,494,32,913,894,3334,798,2316,726,5560,993,1607,5,929,9885,636,1756,908,1,2857,2225,4827,4139,421,5665,17,461455,4656,5098,1598,13,967,17062,791,801,3742,4163,457,5747,2098,3
6,1991,364,561,430,1034,8630,197,12525,2711,259,1627,1236,563,228,4719,6081,2126,1098,4378,303,1173,1060,2386,435,1344,627,1633,501,1741,1388,409,1204,542,634,5588,1127,730,217,3638,302,103,1228,635,31734,6673,486,241,702,569,388,219,1479,1802,2,3491,2641,1283,1012,201,967,150,90145,1120,410,1162,488,1608,5228,1343,582,703,2603,243,2052,459,757
7,264,6,57,94,111,1755,0,4150,168,15,139,48,240,341,531,1808,1058,53,1962,154,429,539,824,218,430,658,41,197,346,278,0,384,104,422,174,269,208,110,121,260,22,396,0,6,490,13,244,414,387,1121,289,707,155,0,292,497,272,175,147,1,37,1609,59,5,122,331,175,330,391,89,4,560,520,72,5,161
8,2498,1482,868,2320,1700,7834,1103,24850,4305,1882,2,2761,1699,1644,4822,12038,6627,1447,5971,115,1454,1331,3205,1476,2437,371,4206,1968,2135,1860,0,2266,1505,916,7211,2203,1409,1028,1995,187,1701,855,2513,21650,4591,15,679,1095,1145,839,2515,2528,820,4,3403,2249,1310,3625,520,515,317,23725,921,538,565,1388,1561,4456,4501,1105,1759,4334,754,2455,944,1026
9,1049,287,1212,1431,784,9626,92,13920,1923,748,1451,1242,1213,1119,5530,9781,3044,888,6710,123,789,977,2433,826,1414,2,83,924,1199,455,1314,5076,2103,1149,800,1671,1165,1391,428,808,497,1494,1208,139,2211,582,593,519,1172,1472,785,1820,1541,8,1120,1920,1436,1780,303,1901,221,113434,235,694,1224,682,509,8759,1558,296,906,5046,378,1853,1001,526
10,34,231,0,187,0,1097,140,4395,742,29,5,678,99,187,625,1318,200,215,1549,312,994,725,945,366,819,111,770,209,321,164,16,354,225,10,269,479,40,127,132,697,21,89,60,11926,731,104,124,91,343,38,430,283,3,2,1008,433,399,362,295,149,105,23178,188,87,196,169,235,1269,392,91,22,688,0,218,91,3
11,823,212,47,602,486,15010,985,22768,1632,248,2133,611,916,457,3128,6782,2018,1041,6329,371,3545,2791,5884,2013,2670,815,452,1928,1552,406,639,1276,597,1260,1190,1474,172,343,275,1090,123,1875,940,3,1178,1166,875,297,1956,3450,844,1121,795,1168,1793,2237,408,629,919,699,263,117407,29,1402,82,83,515,4455,1141,1172,317,5684,804,2056,524,698
12,5011,1149,225,3251,3815,12940,1862,29550,5257,4126,2177,2654,831,2835,7348,20006,5307,1467,11018,1323,2248,1474,3777,505,2662,718,5399,1835,3722,5770,3672,5538,2409,731,7711,1762,1014,1487,3758,2089,1381,2171,1658,22747,11914,2270,2064,3566,2680,8625,1918,3852,4144,0,7282,2092,4295,3850,952,706,612,174436,3054,1088,2581,1686,3950,6057,2653,1516,976,5342,792,2238,1303,571
13,458,63,169,315,2,2797,28,8710,633,73,354,448,501,289,1175,1292,695,61,1387,348,2172,1640,2844,372,1606,94,0,168,403,246,275,1149,831,221,238,316,232,145,192,0,152,340,523,619,371,74,290,27,314,694,224,681,196,25,747,525,597,137,305,438,59,69487,37,922,182,2,305,5601,1206,116,145,2031,43,392,233,233
14,194,78,379,3668,632,2011,4552,8566,763,269,1320,568,2794,1901,2323,4235,1757,1064,4171,326,1106,563,932,548,605,965,498,4808,1448,395,133,2448,498,1036,1450,1280,289,446,249,1684,1243,872,252,8639,3703,138,560,855,369,761,1379,1804,687,14971,2487,593,1081,843,382,42,675,112111,445,778,464,1850,362,1355,427,274,138,2233,440,949,326,329
15,0,100,0,101,1,5,41,902,13,81,6,0,0,4,42,713,43,0,137,1,679,931,3558,426,2492,5,0,40,19,5,0,1,14,49,124,307,2,24,0,535,0,10,0,2413,0,0,14,0,1233,5,15,0,70,0,5,68,56,253,0,19,0,178776,0,5,49,11,61,15,1,1,0,82,5,0,0,0
16,8390,459,4213,6708,3898,28896,1340,32457,5892,3786,4509,3461,1357,1478,15757,13618,20660,2989,13786,1054,5468,1266,9180,3325,3063,1588,365,1514,8134,14,65,17540,3958,4455,2915,4802,2271,1378,1469,2003,1750,4342,4925,288,2007,549,840,1271,1085,14127,2617,1415,1990,0,2387,3367,3789,1435,1694,1209,807,664401,500,1311,3448,1119,820,20057,4615,2126,2842,23003,1112,6975,1444,1310
17,0,198,24,337,288,837,60,3426,81,17,89,67,0,443,1263,702,969,367,2526,196,1485,578,1043,495,701,227,0,336,486,363,0,73,79,473,196,477,109,169,74,686,171,175,101,5966,562,164,345,146,220,244,869,133,406,0,771,377,549,22,70,151,137,39320,10,99,313,15,69,408,704,22,2,434,483,287,87,111
18,223,1086,711,453,8,3149,196,18626,1544,894,831,242,0,2483,2313,4549,1055,419,6477,470,6849,2980,6164,2229,4929,109,1404,699,1402,1862,208,1320,224,1279,1413,553,77,291,570,968,459,57,0,21800,3174,1135,1704,3256,469,1772,2070,2081,1511,0,5220,730,2535,108,238,273,187,111731,1321,434,430,746,1270,1884,2361,3,565,4404,0,1749,887,605
19,2810,894,533,1352,3505,25221,1445,31210,6671,2114,2908,3141,1937,2941,10820,30984,12057,2402,20002,1979,2490,1567,1972,140,1866,1444,5244,1473,3632,3746,2146,4143,1157,2687,12749,6087,3267,3426,8674,2424,3101,3961,1486,21077,22859,2386,2247,3567,3718,3054,3014,8042,6988,0,5547,4110,4609,3518,2363,478,481,155354,3210,1020,2108,2091,3692,5598,2982,2580,2575,5910,3008,6131,742,880
20,17,331,454,9893,1328,2884,103,36726,3180,386,1272,919,528,3310,15282,3515,6842,3825,15515,1585,3863,1118,4675,1236,3390,10279,442,2943,2598,730,674,562,917,1621,2741,1758,459,2781,0,2226,1670,2333,686,57480,16734,302,2108,2633,937,2275,4545,4147,488,0,3519,1885,1816,1824,2730,1990,745,504288,692,506,301,2,1168,4708,4050,953,613,7494,4201,1054,2712,2502
21,721,2715,5624,627,1214,7523,1590,45455,4518,2373,1342,8334,547,5049,7185,20929,10758,3473,8980,2555,4725,1578,5468,1448,2361,774,3329,1225,2250,2691,1096,7648,5088,4614,11448,3218,2728,674,3240,1602,3323,577,330,26670,10007,417,2117,4979,640,5789,3957,8823,7470,0,8043,1973,3571,4044,1194,2574,0,598252,2458,964,2922,1947,931,13806,8648,0,3979,17796,2445,4433,4517,1210
22,4,0,0,781,816,11263,0,7972,389,2,335,6,572,109,2163,7481,3061,574,3065,383,2716,1008,2817,113,3690,716,0,489,935,318,455,717,40,1061,16,78,320,0,0,531,766,952,80,5,2305,359,21,269,490,1901,323,839,56,0,493,463,151,70,336,264,88,15045,299,187,166,601,1737,2338,589,0,0,3916,351,2407,65,36
23,3149,3310,2310,2511,3471,28038,1235,47271,6062,1597,890,3153,1285,2555,8495,32547,9721,2966,12312,4275,4134,2011,6286,907,4348,610,4350,1616,8121,6965,4608,3720,3121,719,9060,6135,929,2260,6941,1120,3849,4576,809,29031,24975,3746,1368,4609,1655,4389,3911,4339,6925,0,9134,3968,10006,396,1957,357,1288,134806,4131,1022,2437,1942,1366,12730,3875,636,1422,12143,1992,6690,1940,4010
24,2239,1703,2947,1410,3949,22546,956,27035,3810,1443,2071,1794,62,2911,7430,20104,2421,2145,6695,1894,3630,821,4058,790,4137,1837,2048,1341,3089,2818,1398,5461,1279,1457,8610,3530,2060,1201,3615,880,819,4931,1955,44555,15088,3965,2100,2141,2126,1849,1031,1495,4574,1,6942,4432,3915,2577,1770,928,496,329234,2087,1135,2227,283,629,7827,3647,1491,1712,4166,705,1230,1347,1716
25,6439,361,2117,3961,2064,16075,2344,32655,944,1446,3544,0,4436,1,9781,15999,15122,3246,14106,0,12950,3419,13923,4172,6044,445,337,2110,1382,10,1825,7481,85,2267,2496,5797,2999,2330,0,1082,33,3396,3742,283,2085,427,5083,308,712,6515,1072,1447,0,4,21,3025,4134,6584,1097,435,66,553200,116,816,6955,2383,460,21711,4613,908,586,24187,1754,4208,40,0
26,159,1,89,40,222,1004,256,7395,483,190,147,5,120,120,628,2763,1536,299,1541,117,1211,1088,1768,290,917,103,0,366,325,339,328,597,440,514,380,330,221,270,52,292,81,121,104,4,597,148,460,194,218,98,82,44,242,0,596,519,564,136,297,129,123,19995,13,15,350,142,278,480,861,0,75,375,498,567,289,3
27,2899,3215,351,1781,2830,18652,1761,29040,3797,1875,2278,5234,775,2271,5435,27589,8108,4548,12089,1598,2752,924,3666,211,2900,728,899,588,3198,5975,1731,5619,6510,650,6507,2281,1372,1009,5228,2642,1716,3152,1459,14448,17909,1177,1144,2789,1179,3954,3302,2988,2379,277,6116,1779,6150,3470,1274,368,1387,109314,823,355,1477,1352,2324,9192,4966,874,996,14024,1748,2815,2195,1590
28,1537,930,699,324,654,4101,765,11926,2482,1047,16,1572,596,1012,2980,6508,2097,1203,2831,930,1595,728,1912,552,1471,225,1217,359,1399,1533,241,2279,773,680,3463,600,343,918,2857,641,236,1129,1725,17751,4964,342,455,523,702,1519,1732,922,722,0,3986,1450,940,1630,546,697,497,103285,871,975,190,399,1307,6191,2256,466,825,1758,212,1836,543,290
29,1107,717,159,6590,1055,3736,6689,5726,1529,955,733,336,1848,1408,3365,5122,853,741,3690,825,585,628,1492,275,860,1308,762,8443,1254,1068,649,3042,1203,1769,1559,338,277,1067,827,2677,1853,207,358,15033,2296,322,629,1044,505,787,313,660,706,30775,1356,935,2984,1889,170,620,1476,144648,620,1881,810,1880,343,2425,1125,886,173,1976,520,693,373,316
30,2183,1978,0,828,836,9280,329,19342,4777,1287,860,1628,1293,1673,5104,17874,2730,1284,8748,2071,2935,1589,2760,866,1760,999,3881,738,2181,6084,4331,2639,4811,1444,9932,2762,1497,1441,4739,1524,890,1654,571,11101,8993,5,1176,1712,1552,5546,655,1332,3505,2,3192,3904,2847,1442,940,152,493,79242,1883,47,432,1701,1318,4085,3161,395,924,2339,725,2955,870,1182
31,0,13,1828,2941,0,4975,1634,50465,3688,30,4286,5053,808,1,2970,18993,15904,1728,12729,490,18509,3594,20621,2261,12873,1,0,3261,3619,5,0,2174,264,2452,1316,4,0,4035,1349,5095,179,0,6950,404,3091,1316,566,1750,424,6096,1605,1981,1838,2,2605,12,4808,3742,959,2970,30,477490,995,1208,2258,20,2114,16839,6639,1719,6721,18454,2,8153,2,0
32,7,429,2292,2981,0,15948,1121,30803,1982,542,4186,576,0,2112,7049,21530,15127,983,4980,1,8080,6559,19471,1758,9357,701,0,1488,2990,60,522,10042,1333,119,1578,777,1386,722,248,2758,828,3534,5466,11,4246,1078,0,918,1870,3550,3053,819,2658,1,3565,2613,3,2298,229,595,549,298638,1401,279,802,2418,4518,3985,1824,895,1334,7346,2624,5674,981,1057
33,3042,2093,2869,622,202,14119,2877,26149,7570,1850,3830,2920,199,1449,7351,13764,4119,2334,9815,3514,2850,1133,3370,474,3346,641,3127,615,2877,5057,467,5342,1657,1952,7770,1659,1036,1256,6241,857,60,2860,3043,26925,9121,1316,2383,1203,512,4197,4915,4026,3211,0,7325,1463,2468,1888,1931,3952,383,122886,5063,899,2461,1095,314,8700,9462,1648,6885,8200,2425,4607,869,2080
34,646,301,188,12,266,564,303,3498,1049,57,7,162,1,236,600,1465,406,24,1285,523,977,403,1046,321,1008,111,346,256,205,305,149,468,415,156,417,271,207,10,415,176,89,671,416,10059,590,1,57,355,233,251,37,273,257,1,932,229,192,278,194,242,338,37508,192,200,273,0,101,1749,528,0,61,700,2,234,110,1
35,3145,2305,1266,1583,2208,17474,2313,21468,6300,3708,2142,4181,1824,3259,6622,13895,5879,1687,10999,2662,2595,878,4893,768,2125,788,2664,878,3711,2564,2153,7011,3179,1578,7451,2537,2017,1869,3079,2120,995,1883,2364,9465,10498,1261,1893,1897,952,3329,1838,4263,3498,0,5633,3379,1935,2013,934,610,1172,109695,2012,177,2079,2675,2613,4873,2322,1114,1295,4972,1304,4488,695,997
36,80,1227,3,354,1016,12754,0,30410,1550,2895,3714,2371,1741,274,3644,17055,8170,3833,4738,0,7938,2184,15410,3947,5964,393,87,688,5499,623,1289,10080,2501,4186,812,4797,1772,2097,0,864,593,4,2599,1,3210,1067,1817,2067,1144,5449,1278,660,2361,1,4051,1911,345,3281,1257,2862,157,634814,676,2513,3708,1971,1525,13585,5361,0,914,9510,52,8426,1538,2020
37,690,917,710,1807,1626,8717,942,24414,1820,361,1562,1673,428,923,3526,14347,2084,553,5898,295,1260,736,1764,168,1490,397,440,651,1188,1036,164,2175,2609,1344,2118,1048,1723,565,528,1384,935,862,336,16001,2146,307,520,904,849,993,1085,973,1356,1,1639,2139,577,817,857,778,673,177851,1002,388,914,0,382,7448,1798,605,324,3791,675,1097,1178,645
38,1961,947,1413,7,1,26952,1540,68920,2676,694,1197,3151,86,2400,3760,23458,18156,2007,9975,842,11371,3645,15662,4202,7448,194,767,1004,4523,805,1091,10179,1319,6679,3716,4378,230,65,603,2816,1187,1802,1438,389,5122,1043,909,2957,2792,14516,1583,1290,3950,0,2000,504,6101,3179,1446,1732,2060,570990,1488,1311,1747,155,313,23948,3421,2506,1590,17331,2476,9368,1605,1625
39,1867,55,423,1266,0,4526,437,7868,1255,465,408,489,459,405,1461,8890,4831,723,2348,72,1248,564,4199,798,1183,1008,335,505,1384,193,1204,2826,164,1766,1593,412,189,66,478,727,656,725,241,15286,756,603,1165,1452,282,3991,676,89,130,0,865,558,385,185,217,810,254,613778,1783,1283,53,563,621,7309,2805,107,745,1466,558,1784,1010,9
40,219,103,1327,1128,938,5658,19,8720,3921,459,4449,506,62,548,6042,4689,5641,0,5347,1969,3601,4453,7750,3433,7271,3,346,434,1729,1177,0,2149,818,4142,2259,291,1431,681,546,1201,176,1101,2224,5,445,1874,0,120,1827,2988,938,437,1299,0,606,6,1341,678,239,1395,1706,335329,376,1514,533,720,2742,10264,1688,277,1049,6715,4005,2308,1,477
41,277,1052,364,10320,1559,5220,7396,14379,2268,469,1060,703,6287,3397,4816,8630,951,476,2747,1100,2322,1244,3369,284,1475,699,695,8694,1783,263,956,3139,749,1479,1277,935,589,1107,1253,1839,1512,556,477,21228,6659,968,209,99,704,510,1001,992,766,47254,5908,1021,2304,2319,1104,1131,2087,309295,815,2508,1125,333,242,3364,2584,729,951,2554,1187,1015,381,274
42,1589,1746,2663,1661,1714,22091,971,29063,4017,2344,2127,4167,1322,4578,8318,21744,4467,2522,10093,1156,1796,1248,3305,353,1367,687,1731,1508,4536,5729,1958,8465,3923,1576,6238,5630,2920,1442,3896,2255,1365,2297,1197,9128,18917,855,2455,3269,1810,4906,3103,2476,3964,1,6309,5171,1548,2792,1700,1046,966,142965,1184,1204,1713,2982,1259,9019,5802,1336,1892,12873,1497,4399,2041,2967
43,1784,68,125,702,5,1465,1223,1458,1837,7,192,784,0,0,428,2292,112,2,1910,1,7974,2093,7765,1328,4723,0,70,715,347,44,5,524,0,76,0,868,582,0,377,48,31,0,564,39004,111,4,0,0,83,65,45,942,88,0,173,450,594,1152,224,850,838,166297,742,153,6,0,70,1607,1349,854,709,181,0,79,467,0
44,913,145,748,701,597,4138,635,11312,1296,332,1262,400,964,1271,2816,6102,1405,381,5433,298,1158,949,2348,384,1162,363,0,152,1326,619,101,1345,406,281,2382,539,556,143,1254,1115,468,695,26,523,2033,326,1595,536,225,1972,183,1121,1370,0,914,887,914,1094,285,0,51,11405,574,273,494,550,152,642,561,628,109,901,613,1404,935,202
45,6077,561,1994,2893,2238,47916,2515,42283,2432,1453,2719,2220,3462,3108,20573,35693,29631,2078,20821,1196,2989,944,3960,1070,2063,2473,205,2258,6483,665,1308,8601,2693,6343,652,6837,2406,2359,341,4830,2513,3813,3101,162,3083,1317,2850,5289,5012,17561,2460,4038,2085,2,1716,5239,1976,4258,1730,1128,1905,267571,114,1152,1833,4059,2879,13867,2415,1285,546,17446,2411,4244,2518,3002
46,1116,86,984,1633,321,3992,0,9190,1424,934,838,1161,424,345,2568,3406,1400,70,4211,273,2438,1168,3228,341,1900,149,269,174,402,179,111,2544,363,194,1115,1092,128,989,339,566,224,407,879,297,1225,368,335,1082,486,1102,13,0,927,0,1302,677,967,307,161,242,481,92171,75,251,830,201,41,2640,1464,409,402,2013,294,1599,844,927
47,1,6,42,5,0,779,40,495,257,105,0,15,0,48,10,32,748,6,345,2,9769,2378,8583,3520,6949,1,126,314,144,172,178,114,1750,1154,339,1,1,66,19,6,0,519,17,8804,0,9,687,8,354,42,197,34,26,1,757,0,118,0,51,80,58,248361,78,94,12,1,49,749,148,0,18,2177,2,58,453,0
48,1623,64,652,780,1570,18098,415,10571,436,209,1713,498,1533,1,6283,3804,3801,634,4513,221,1300,842,2279,456,1039,492,180,639,1918,287,0,1044,227,1353,249,2241,1044,874,399,588,679,1534,569,478,948,544,416,1706,858,3262,491,680,891,0,372,2241,424,781,447,146,47,17778,215,291,142,304,311,1944,542,1131,4,2605,702,1139,768,1439
49,5030,892,0,578,1030,14297,2662,49665,3700,2891,4560,2399,1959,1919,5548,24074,9937,2201,20178,876,4445,2084,12024,3255,5959,2010,133,1874,6655,809,1265,8395,3862,1558,2383,3750,1969,1137,1879,3298,1477,2353,3413,16,648,207,1270,1703,990,3444,3099,3708,1453,0,2153,7114,3682,4072,2456,1398,1384,799098,1446,2233,880,1083,2890,22208,5081,2070,911,11407,2202,9885,1445,38
50,950,920,180,188,243,2847,333,4264,933,342,254,208,511,537,1260,2747,946,385,4280,4,1729,1342,2872,1066,1020,111,1020,333,444,1245,150,433,312,339,839,404,467,601,614,234,402,169,393,23409,323,168,262,11,1083,405,43,735,773,27,897,1224,457,170,504,172,354,76180,664,60,332,311,702,2156,1352,537,166,3202,184,1007,193,113
51,5007,4816,4127,1629,3759,21733,1449,22743,6476,3787,2889,3712,1551,1483,10510,24617,6752,1098,15359,2039,3072,830,4808,1433,2801,380,4616,1650,6234,7062,3038,7660,3159,1869,10692,3240,2005,1471,6421,3657,1676,2763,1222,23669,13300,704,1777,2551,2462,7261,3657,3867,3519,0,7021,4641,4913,2092,1238,596,2597,129565,3319,1056,3243,3310,2084,8215,4979,1074,1368,11302,2614,5993,1728,1766
52,542,27,341,235,560,5301,106,8640,586,145,556,140,468,1219,2394,5700,1210,75,3424,2,704,554,1041,256,693,248,319,203,783,1188,159,871,299,188,978,763,526,379,392,707,160,905,0,35,1518,73,630,722,474,1987,706,696,1119,0,725,765,380,379,338,29,67,4915,350,160,246,265,594,1056,759,114,246,1216,433,971,186,219
53,4360,4178,2518,4264,2325,19048,2224,35358,6125,4871,2251,6711,1613,4044,7832,30353,6344,2392,11657,592,2548,1084,5379,713,1750,1492,4216,2210,6067,4926,3312,9584,3978,2049,10691,3795,1088,674,3412,1859,2455,2474,2370,19683,13325,3073,1110,2084,2140,5771,830,3392,4267,0,7838,4249,2594,3738,2238,1119,963,159390,4289,1348,3755,2632,1290,9352,9235,1525,1322,10533,848,5949,2588,4671
54,4272,0,1495,5299,6931,32664,23,18971,2445,629,6709,0,1426,0,14332,3798,8278,0,4911,4,7946,1897,6311,1854,5110,2054,1,1769,11084,63,0,23668,2053,5623,560,6127,2064,4559,0,1937,19,3327,2895,5,4,841,1141,329,1208,9812,41,0,11,0,1722,5621,121,2596,209,31,497,390664,474,3600,697,676,1132,12708,2099,2437,999,7178,1,5032,2538,2084
55,2314,2209,5461,3593,71,13837,1,29597,7252,2214,3502,2272,1746,2427,13899,13763,17321,172,10041,78,8868,3944,15665,1973,7401,0,1570,1364,5124,2204,7,12949,4303,2997,2165,3379,3624,304,0,4057,100,2840,3918,34,1,1000,4516,1473,532,9375,404,3151,1621,763,1104,1892,1948,677,2217,153,15,564084,236,3419,1318,35,1453,11754,2987,661,203,11177,203,5856,1572,10
56,273,68,4006,34,14,4342,177,10001,2039,1027,1883,280,308,722,3774,1511,3284,0,3164,710,4174,1565,6740,1199,5208,4,60,492,792,1388,223,798,1230,10,2571,2,623,610,760,79,893,1189,543,5263,2139,2,568,1149,297,993,1070,1258,748,0,1262,1062,1151,3610,286,743,41,652809,728,1649,180,184,43,2196,3611,798,1859,3870,996,2207,76,19
57,80,63,0,213,587,2035,0,4017,254,53,118,366,70,97,1533,1630,283,149,1656,177,733,645,1574,406,1280,75,0,92,331,57,475,280,0,104,652,288,148,78,106,309,74,360,30,107,364,0,181,174,151,824,91,319,246,0,73,617,492,204,135,224,147,17126,33,75,306,124,107,780,393,74,34,890,229,546,86,0
58,3700,542,2140,52,1461,26084,4847,43547,9167,5696,1931,188,2887,774,8281,11926,26352,485,14385,1117,13482,3217,9776,3822,6834,3896,0,2560,2178,1691,660,9464,3573,3550,0,2046,701,1359,380,2354,42,3919,1007,701,838,84,3252,975,3342,4968,964,2238,1956,5,3901,4793,455,3950,1367,2026,39,532719,2113,1994,975,1,1945,16778,2954,5,430,12541,588,5363,2542,1215
59,3088,2081,3681,5238,1376,17810,0,30728,6510,7436,1968,3189,405,1264,8275,21399,4849,2728,7213,3444,2287,1056,5112,1179,3755,1578,1990,738,5075,8939,3803,11188,6336,1776,11465,3421,1290,2068,6939,2046,1657,2187,1181,25672,20221,1133,3593,4493,555,2718,4845,3141,4896,1,8766,2544,6129,7500,1678,1824,545,403641,5163,1026,1041,979,3106,19419,12561,1099,9618,5168,971,3807,2299,265
60,1849,990,319,909,2503,14204,699,16479,3635,1419,1687,2078,986,2101,6135,4890,904,995,7720,1,2570,1745,5278,895,3914,285,1828,405,3034,2398,2946,4250,1671,114,8572,3181,1123,1235,2512,1488,91,1724,437,13474,11337,3388,540,51,1423,2963,1311,2598,2795,0,2616,2126,5348,786,819,1161,1662,91235,1000,0,1488,35,939,2406,4553,1571,881,4022,1714,3067,538,334
61,911,230,489,20,335,7115,253,27255,1103,447,358,1810,404,1037,1195,7284,10788,541,5746,837,4722,1436,6518,1504,3070,774,43,1621,405,0,452,2291,1040,874,115,899,640,1128,0,2088,385,1,68,13,1752,168,568,961,428,4627,1896,486,614,2,1716,670,45,869,281,2266,122,192307,1382,5102,128,452,1082,7214,1420,580,173,5794,695,209,1616,315
62,1493,337,2302,3242,1076,15203,115,29645,3228,1686,2454,2439,1285,2421,4249,10202,6604,0,5136,1,4009,3458,6953,1964,3499,481,568,1711,1886,527,973,3661,3423,2270,776,3749,175,410,673,1484,1743,2446,1660,416,456,257,772,396,949,5631,2134,244,2830,0,1961,1097,3009,2730,515,947,147,194202,967,565,1855,1490,1121,14902,1411,1261,875,9560,2201,5654,2559,1150
63,637,361,665,7293,1933,3270,5779,9191,740,697,687,550,7242,3338,3950,4558,1075,92,6260,707,1314,1320,2369,881,1551,2495,143,7689,1286,629,207,2199,599,1352,625,748,430,1506,927,1713,1604,1239,890,43828,2271,312,4,346,1008,242,218,521,398,32330,1898,1149,1454,1284,858,836,1253,311556,1168,2019,124,623,658,1165,948,442,735,3303,73,847,1073,306
64,0,42,447,665,269,4242,806,8593,544,606,1030,368,227,230,913,5056,5689,976,3566,222,2600,785,3109,327,2223,547,0,587,564,427,0,1434,860,666,789,524,190,306,316,146,31,421,492,13,1351,0,371,275,473,358,477,0,836,6,598,477,167,464,222,1,147,61233,766,807,446,44,737,5920,598,369,399,3823,766,2657,555,230
65,611,420,712,1199,403,5351,449,7746,2003,629,1162,1354,330,467,2809,3114,895,624,3324,462,464,527,1111,180,473,136,561,365,1185,1500,568,2232,586,583,2321,1163,466,196,1464,98,255,673,802,14526,2022,270,543,671,793,1587,203,977,489,2,2322,906,748,993,266,739,637,64479,473,472,552,51,474,3723,1625,491,164,1815,356,1209,517,510
66,2793,1926,4518,780,1391,9676,2747,8281,9845,3697,1077,2547,386,2295,3904,9192,3584,970,3288,699,5055,1047,7088,394,3111,780,4068,308,1919,6472,1521,7264,3985,2876,12448,1084,644,763,9004,471,1945,2193,1250,46401,11216,87,535,4128,305,4709,1436,3773,3427,2,7681,2156,2701,3920,772,796,643,239717,3705,2612,1014,666,1071,7623,7205,1021,3096,4841,524,4419,250,1230
67,1667,1765,1061,414,572,4790,389,15645,2446,506,808,1731,217,1460,2764,21730,3393,2189,15390,1302,3045,1493,5469,1378,2804,597,831,288,1676,3686,29,2279,2167,1835,1960,1027,1975,634,1539,2144,440,1046,7,15558,4730,0,124,5,1174,1080,327,2134,1346,0,3719,1459,2580,1150,783,118,2580,86824,186,154,484,1256,115,5000,2325,248,887,3019,764,2792,502,1
68,1404,14,379,2151,564,9044,447,17388,724,190,1897,1186,1564,1893,4071,7207,3542,386,4032,496,635,737,1331,0,514,100,139,205,1102,528,316,2946,1006,706,1593,1553,266,665,261,1114,1377,1131,497,44,1942,649,1191,2250,555,1934,696,585,1244,2,1713,2021,1015,1499,1170,238,359,86150,138,410,513,375,807,3552,1248,1216,249,2557,343,2507,746,498
69,3209,1126,1805,1920,4274,19866,2527,56903,4439,1966,1983,3358,1084,2975,10857,36595,15004,4801,16583,1266,2822,1341,3760,1644,1509,1178,2969,1701,4552,3678,1101,5572,3770,5091,4096,5496,2679,2082,2463,5222,4362,4019,150,12897,8569,1764,1628,4159,1995,4932,2251,6547,4322,0,5617,8883,2962,4332,4298,1916,1381,256262,1898,884,4323,615,3182,11779,6807,1748,856,11195,4236,8607,3248,1656
70,2489,158,172,1423,791,8199,1474,24320,4057,1345,952,5715,2021,3302,8038,25099,5232,1520,13692,1724,2853,1901,2926,1275,2900,2686,2890,1233,3390,2221,362,2851,1768,557,5672,3179,3218,1756,6573,1664,468,1340,275,24848,4209,324,1816,1759,1345,6502,945,3664,3261,0,4857,2427,2232,482,767,565,535,118904,714,343,2975,1263,790,3197,2742,624,457,3956,668,1905,1009,429
71,0,1056,3728,7288,1834,8815,2481,34629,7689,2009,5159,2013,0,3604,5872,12863,23109,347,10085,4,17023,4297,17800,7214,11663,1753,1,2511,3102,152,0,24108,4893,4564,298,3540,367,0,0,4306,0,1257,1,9,0,0,1696,2507,1277,16293,11,43,4068,286,4068,3558,3169,4908,704,259,466,282447,474,2589,2902,484,6404,17863,3179,2968,77,11904,0,2549,1683,1386
72,26,232,0,1383,99,3313,1979,22338,210,2014,2434,20,10,13,1994,11768,11303,1317,9883,968,9988,2190,21030,296,8603,8,0,3066,810,1,0,2823,2394,2629,395,2,1181,544,0,1351,0,0,363,5,0,0,358,103,708,2835,2031,1207,61,2,2640,852,0,1813,1222,522,487,344044,798,3255,45,684,131,8532,2303,0,657,3347,2315,6068,2310,178
73,267,138,0,1087,958,2028,220,11372,265,523,318,679,35,461,1662,5258,2533,234,2450,38,3348,856,3800,1061,1911,1,0,242,443,288,146,1602,158,304,834,552,202,353,0,698,310,55,525,5,415,366,176,0,239,349,458,203,791,0,927,534,491,403,846,118,315,85419,325,889,427,2,89,7009,1762,666,0,2078,28,1284,852,175
74,520,10,0,778,290,2535,1012,4381,621,218,22,191,0,0,730,913,317,97,1433,300,2726,1928,5264,837,2031,2,0,327,629,420,17,802,13,0,174,337,371,82,304,161,15,560,15,0,78,0,24,32,433,571,765,0,718,12,667,16,552,210,27,51,204,41615,61,2,24,25,0,2739,488,147,454,994,0,278,521,888
75,0,0,2,10,505,1995,0,4569,97,0,732,1,0,310,221,1630,4754,230,2213,182,2217,2143,3965,507,2052,2,0,1012,385,0,0,643,186,1196,0,621,129,1,28,433,0,0,0,4,0,121,1,534,223,3045,0,374,0,10,7,42,0,149,3,0,89,13153,0,326,3,2,184,221,87,164,0,899,420,82,77,108
76,1678,977,2106,1819,1258,10678,602,29785,1905,1388,2452,2823,708,3015,4704,13117,7248,1809,10609,511,1795,716,1865,535,1562,865,2649,587,3231,2539,1056,6619,2691,1486,4960,1799,101,1440,1847,1633,998,1476,810,20804,5281,207,1631,2150,796,4430,1472,2375,2154,9,3520,2344,2973,2129,1206,745,1121,174897,1073,2453,1623,1124,700,12855,4223,1261,1776,11774,674,2427,1051,770
77,1371,104,197,703,1293,7687,5,12116,1014,410,754,206,1060,883,3535,4588,1540,673,7774,300,1300,787,1326,415,616,906,72,784,1692,678,334,2001,884,2054,261,1956,932,392,212,731,529,1176,332,5,1547,1945,325,1615,1384,1779,516,156,461,112,442,2364,314,863,775,143,797,11543,261,178,823,397,426,2941,810,925,227,2042,905,2661,166,591
78,6,550,5,1403,403,13,0,2754,1587,0,1030,193,1,121,2466,2,3130,1160,520,740,1397,434,2985,552,1247,5254,0,464,316,9,0,1023,870,1919,471,567,327,84,0,734,214,384,329,5414,5218,0,0,55,64,1941,2428,1810,921,3,1593,27,413,431,6,762,0,864345,10,1480,857,332,0,2147,1755,618,3,924,2,239,5,214
79,2089,300,31,2,1218,7193,2566,21964,2005,159,2929,1898,304,2,2274,4764,16542,3349,9505,1,17435,4514,26237,2845,14039,626,2,3896,3819,607,0,12926,1732,8423,1,4214,138,0,0,1593,3962,127,2279,26,128,3755,4357,1255,759,15727,1803,602,1608,6,1,30,55,1890,196,2040,528,530719,280,6141,339,32,230,27548,1802,268,437,10939,1316,3815,2272,163
80,2108,863,1442,1040,756,7770,716,24795,2124,1502,417,2141,223,2276,4573,11269,5185,1174,5261,1171,930,662,1462,303,741,480,621,558,2090,2616,973,3107,1783,1007,3545,792,276,422,1048,1396,583,750,474,17182,4257,218,1018,997,523,2686,1534,1842,2091,5,3200,2185,2048,2045,507,713,411,112158,877,1840,1506,1071,1027,6477,3092,430,749,6426,691,2804,855,309
81,6861,213,1285,6636,4148,31686,3456,41951,4911,1028,6166,438,2538,2342,28560,17323,5071,1454,25264,89,4304,3399,14271,4531,5194,2880,16,1599,11140,941,1050,17975,2065,2062,3851,8335,5225,942,1220,1876,889,7780,1328,1659,4763,3661,71,1689,2253,8074,1843,4960,4107,1,2536,6549,2273,4196,2318,463,2939,325357,1310,66,962,707,103,8971,8020,3715,1974,12959,2938,6283,1690,881
82,1823,859,779,1105,2396,15783,1161,26498,4901,2120,694,3032,1367,3249,4785,21140,4114,1931,11070,884,1962,895,3545,1578,2299,3,1534,1152,2309,3910,2437,3472,5508,882,2834,3703,2154,987,1903,2027,1452,2115,436,14452,6929,597,1984,2339,1835,988,2830,1707,3880,0,3011,2516,3338,2017,1530,162,2026,15616,1336,202,992,1953,1663,3618,5081,1267,1017,4323,1305,5395,1313,482
83,469,304,925,377,419,3703,657,8915,2682,738,765,766,854,1555,2690,8658,2306,894,8465,306,1180,1182,3177,459,1721,707,2724,259,996,1876,715,2314,1338,775,958,902,634,642,1994,1321,757,646,86,2570,3340,815,14,340,877,788,864,628,1191,1,2890,1694,1385,939,292,336,352,45924,500,38,1104,267,45,2984,2303,482,433,2901,530,1333,636,3
84,2211,1699,869,1710,572,6795,1005,9554,3523,2029,1594,1431,1194,1239,3365,5264,1896,376,4320,827,2204,888,3528,481,2056,71,1389,279,1171,3710,1839,4040,1210,296,5418,332,536,1134,1678,330,0,1045,866,33784,976,753,643,1187,322,2436,576,2953,978,0,4179,474,1225,1183,989,1119,639,221178,2049,1306,89,152,180,4578,3267,542,2265,2589,1132,2074,1050,720
85,246,8,365,122,69,1816,15,1963,347,74,208,120,0,155,856,216,943,69,1001,0,419,491,1012,279,504,91,0,84,279,30,134,154,93,228,107,330,173,68,0,61,2,39,255,1,78,47,496,279,94,348,0,0,64,0,2,462,214,246,65,107,248,7336,0,6,128,249,117,978,247,62,0,671,81,332,204,0
86,2628,1596,2238,1733,1921,13680,998,31232,4266,2756,2237,4652,815,3084,7456,15608,5676,1754,11037,1090,1686,676,2523,369,1436,1142,2183,566,3494,3360,759,7631,4138,2052,5418,1507,797,860,4793,2198,1692,1190,3498,21157,9975,1471,2300,3855,1487,2924,2902,1716,3024,3,7582,3307,3937,4155,1415,1602,1080,260179,2050,1304,1854,1077,1213,15027,5392,1196,1408,9698,717,5388,1585,441
87,2826,3842,2268,4505,894,13238,1120,39422,9836,5130,947,3705,521,2292,6826,34929,8883,4892,8896,1266,3683,1255,3593,890,2966,524,6672,516,2961,8909,2805,8271,10438,2,13444,1793,1363,4103,3801,2629,1741,3056,656,39181,18973,304,6946,1842,1069,414,2429,4977,3538,0,10210,3202,5723,3210,323,1712,103,300325,7202,1791,3876,782,4677,20392,8527,264,2433,10199,2552,6923,2912,932
88,2356,928,267,575,591,11449,16,11266,3954,1110,1595,1428,363,136,1459,8580,3904,1182,3343,210,1701,1443,4233,734,1661,3,1618,421,1303,1875,365,2152,2252,86,1170,1299,785,502,835,682,653,784,1166,3848,6475,637,988,1026,869,1340,1409,1163,1869,0,1497,2813,738,1531,621,272,72,42915,323,955,924,2465,1544,2372,2570,431,143,2775,981,1294,731,1380
89,1592,1181,1252,9537,2965,18144,15739,56373,2381,1798,3083,2358,9071,6003,10947,19278,10730,3461,11529,3516,2680,1023,4174,1547,2255,5817,1016,9279,1770,2743,2295,11249,3722,7614,4710,7603,1612,1968,1107,4843,4003,1630,87,26511,11751,280,2135,3793,2388,6698,3394,2776,2916,49243,8595,1299,870,6100,983,1155,3206,402438,1088,2930,792,1249,2833,12275,6064,1447,800,13382,2091,6157,3080,1861
90,12,286,335,2122,1415,4850,599,7128,637,0,1532,508,390,1,3181,4093,3169,545,6184,384,1806,1383,4346,1521,2131,780,1,1447,1814,92,231,2880,0,1044,703,1839,751,297,0,587,648,963,529,4,24,413,1231,342,1117,3371,532,338,523,0,207,2718,90,41,210,9,521,111062,10,400,40,1452,1035,6440,1473,786,26,2242,181,746,1054,0
91,5137,0,0,678,0,32658,1364,51352,4709,682,1562,1660,1377,2028,15759,18753,21432,685,19245,3,10714,4841,10682,2830,7385,579,0,2162,3151,965,0,13010,814,6253,964,6511,1048,811,0,4904,128,3890,1421,3,2644,0,1234,1527,1823,10735,627,5081,3810,3,3149,2365,1611,2259,267,43,1714,246139,456,1490,465,6232,2343,10791,2754,112,0,16586,1226,7449,3149,1520
92,2867,1596,896,1232,2229,17824,217,40689,4466,3270,1128,2781,1631,6455,6146,14118,4342,1122,11948,840,4349,1826,3067,102,3065,394,1785,1464,6733,1206,1294,4179,1137,1048,4752,4565,1072,1849,3431,1027,229,655,1744,25110,10125,1392,2284,547,3786,3922,3218,3649,2049,150,5442,2696,1754,2334,2483,6205,519,1105105,5663,485,844,804,2331,8578,5305,1647,3049,8997,764,4540,1418,2409
93,4122,692,1931,2556,658,12898,810,13690,3179,1773,1933,1935,1001,1132,8261,9807,3523,829,5026,477,1913,852,2389,547,1147,741,1332,1029,2586,1584,2091,7236,2085,321,4780,2025,1254,878,2095,677,499,2134,1570,24662,3261,525,440,2437,1151,3871,692,1300,635,0,5036,3211,2907,1809,547,656,2118,123835,2499,511,828,397,636,5294,3768,1250,827,3460,630,1879,1136,1118
94,3724,1197,228,1378,1721,18026,895,21724,4146,2507,1424,2324,32,1300,9913,16333,4844,973,6313,769,1414,1316,3810,786,1648,1436,3356,599,1936,3128,2402,6905,1766,468,5953,955,867,738,1522,853,735,1112,144,18354,7803,2201,974,691,1852,3939,164,2722,3042,0,3440,2824,1861,2372,398,597,2150,95526,873,877,1212,1,700,4056,1636,763,470,6186,1101,2415,307,613
95,288,362,319,187,454,3038,255,7858,771,186,433,871,154,1337,1283,5458,1811,328,2764,508,1707,981,2202,339,907,379,646,523,717,1164,565,2325,909,416,1779,737,504,199,977,495,204,264,816,24050,2314,281,260,486,748,1359,627,460,744,2,1191,181,326,791,332,500,113,28704,453,368,684,112,177,3647,1324,313,567,2644,191,1327,912,0
96,6605,0,22,91,0,27102,1772,15791,4890,94,6748,1832,1051,0,9148,9790,23609,2238,14095,2155,12409,6510,22913,7053,9797,1474,0,8913,8166,0,0,9143,4989,7,0,9459,3660,196,1354,2021,6086,4927,1475,182,4261,0,2528,1630,2667,6725,2072,8176,1894,3,104,5766,160,1513,618,12,2922,316317,0,3458,2409,2480,3643,10808,930,1819,0,12434,5809,15447,2493,3649
97,2376,31,2087,602,896,11691,972,14987,1332,761,1810,1318,1127,3108,4730,5777,6236,661,6475,394,2633,1438,4496,1037,3232,551,375,957,2493,510,281,6337,1181,1708,882,3188,1371,741,249,2100,327,2809,1097,140,2579,1985,828,1669,2977,4131,297,859,1704,0,1812,4399,983,811,545,311,1404,126813,549,28,721,1395,800,4193,1659,845,91,4375,1767,1747,829,569
98,4332,269,1892,779,1654,11318,1641,23319,2896,1088,2100,1665,107,24,6795,13646,11559,1544,4501,857,5129,2223,6650,1493,6487,737,0,1703,4821,341,0,9706,241,4356,6694,3013,987,1236,2705,425,2363,2938,1865,294,146,26,1229,1258,559,9838,985,287,1897,0,3169,1517,2575,1205,652,3000,8,593175,719,1103,202,3227,1,12940,6187,401,930,7733,667,3133,374,1466
99,6362,1230,4678,1330,4792,16690,0,47024,4694,2642,2335,1047,746,487,10993,17479,8362,0,9389,8,15919,7834,21177,2672,15336,1993,0,2626,5848,0,1411,6221,1165,2602,1379,6607,741,767,0,4033,6,6432,960,141,1876,0,1436,0,650,9127,4852,1256,1358,1,4543,2041,1408,2902,357,1681,625,198019,2035,5617,364,154,2689,6881,3566,1773,222,13281,8,2513,3060,1610
100,2361,728,1621,1727,2291,21296,0,14982,737,1609,1783,11,889,1534,6339,16707,6891,458,5687,994,2295,1635,2863,504,2344,1478,0,1258,1845,282,313,6906,815,2411,1835,5414,1657,978,180,222,443,3856,233,283,2444,1163,13,1464,1199,6010,1249,2462,1584,0,355,2121,935,1412,636,225,304,84468,350,150,604,748,575,5031,1558,838,611,6564,673,2838,1044,2178
101,1124,2275,1891,2690,306,12973,1973,31263,3562,1962,980,4483,1313,2168,3570,16728,5198,1768,10617,1043,1402,642,2280,931,2297,841,718,764,1868,4858,1221,5949,2983,1118,4267,1773,879,1425,3343,1341,816,1929,2888,27232,8850,778,1026,1732,609,3122,1709,1387,3045,1,5205,735,2831,1332,1932,2009,986,256459,1406,774,1715,1931,1449,8819,3149,514,2701,6072,927,4252,1491,996
102,459,891,3425,5449,1456,6705,0,57559,5993,1583,992,1250,2509,2714,5701,19100,8380,2017,11561,83,7981,2946,10349,2887,6504,993,411,494,1886,1892,1,17363,6135,5360,3135,2197,3609,1667,2730,1939,786,2183,1471,5,8574,2705,497,1313,829,5734,10740,1873,3830,1,7082,2862,3523,4466,770,2259,544,530972,315,1350,3195,846,60,15366,14788,1648,2084,6649,1247,10128,6834,24
103,150,1926,994,1636,990,3389,0,4987,1435,1212,918,323,251,1852,3330,3108,3787,295,2992,764,1939,1105,3702,338,2111,114,1464,359,687,1721,185,2593,975,839,4836,1162,179,323,1610,399,306,463,647,41085,3507,142,272,353,362,1335,653,715,1119,1,2533,1694,1399,1562,224,710,1535,96982,2073,230,702,237,51,4762,2170,135,361,2518,629,893,819,447
104,3821,1178,3739,3488,1741,28906,3705,85915,7187,4822,2543,5241,2797,2832,11682,31118,18369,4449,15801,802,1261,614,2131,610,2194,649,2108,1255,3545,2423,1386,13599,4597,2942,6651,5439,1152,1919,3460,1770,4268,4817,3826,17678,14485,3589,2682,3191,2055,5244,6658,5098,4701,0,3847,3777,5417,6729,2392,3878,503,392166,3054,3155,2779,2858,2910,13133,7627,1819,3068,19934,2390,11257,3653,1787
105,103,450,330,61,214,1607,133,5978,784,159,260,492,231,642,518,2926,347,431,1710,220,418,436,893,308,696,179,765,154,175,1124,273,336,103,529,963,274,94,177,352,312,135,420,240,2089,1791,376,131,530,272,327,207,536,202,0,866,421,545,312,573,342,327,4351,343,107,273,130,204,626,1172,33,102,1521,460,1235,120,366
106,5771,3911,2618,4541,2517,21142,1703,22980,12852,8123,6622,3388,172,1409,12031,19579,5810,3882,5577,2193,2390,562,4641,1057,877,435,2239,592,3183,6938,5972,9468,1996,3379,17677,2160,1426,2826,11481,2521,1773,2198,1134,30597,6979,415,2063,1664,845,4129,2453,6983,5139,0,6551,3043,9816,4895,969,10271,515,460904,2660,1376,721,2169,373,10969,6817,1146,11772,13250,2196,5367,2077,2513
107,4973,4529,2574,2897,3072,25282,2898,36879,5048,2634,3233,2828,1954,2670,12647,32060,13457,2867,14725,1978,2769,970,2751,399,1957,1064,2694,1989,4561,3403,3515,7477,5135,2684,10639,4709,1206,4459,6875,582,1143,2715,2075,9724,13936,4161,3544,3358,2548,7250,2458,6864,7157,0,8751,3605,3381,3662,1885,1624,1580,225249,4924,1255,2378,2294,1901,5576,4389,1617,3046,12142,1460,5198,3276,1121
108,301,478,734,414,35,1710,78,8855,1777,453,995,355,211,657,1193,5646,547,342,3804,25,4231,731,6285,1327,3165,51,2241,217,527,2866,15,1164,685,42,997,1310,823,126,391,434,3,753,2112,30892,2577,1300,0,360,313,1188,263,1219,736,2,2762,976,3768,3084,1054,2419,134,699954,3169,0,2218,692,45,3632,3940,188,1933,4936,878,1114,571,97
109,283,75,6,20,458,1185,22,4086,862,380,56,220,7,33,649,1022,414,116,2104,20,857,763,2867,318,673,48,131,171,551,341,22,637,596,160,111,344,324,120,317,31,18,243,503,4515,491,140,284,87,186,209,153,18,376,1,1071,33,349,181,229,521,134,230303,160,66,346,5,32,1692,980,193,143,1719,42,297,433,76
110,1830,2274,1768,971,636,5651,1599,36793,5295,2545,842,1807,3,2977,1535,24023,6986,3608,14255,1303,3532,718,3861,458,2352,981,2924,531,1678,5475,107,2190,3046,1557,4767,1567,292,447,1496,1911,424,1337,801,34938,10577,778,2989,1942,1250,2820,3260,2288,1408,993,9798,2402,2634,3837,1293,2994,376,255302,4304,1378,1951,975,678,14964,6397,443,2663,8788,925,3700,1071,12
111,2176,1424,1531,800,1253,17554,828,45230,5738,2372,1664,2012,719,4493,11892,14313,9669,1321,18797,4,1989,1026,2952,1010,985,1425,960,1702,3847,3290,1952,3752,1688,1876,3964,4241,1125,2798,2990,2437,1088,1556,674,4705,11051,1015,693,5005,2200,7459,4006,4334,2688,0,5698,1245,819,2107,638,303,250,188129,1494,1503,2010,3188,2186,6654,2939,1382,2388,11010,1904,2799,2491,2688
112,2804,3182,1536,2687,2235,14014,550,15640,5048,1808,3160,1637,705,3268,7970,15931,3387,2005,6890,1698,1619,1202,3795,532,1775,1039,2810,1050,2842,3998,1924,5380,4453,1205,6099,827,1748,1000,5287,1734,1904,723,371,19800,6980,228,1503,3435,1092,6024,1337,1531,2280,0,5195,3592,4364,1020,1094,194,1719,109339,1849,205,1451,2429,0,8222,6046,805,776,4723,594,3128,1679,631
113,1603,2498,2319,5373,2598,17954,14219,37154,5254,5661,3280,3343,8090,2185,8190,22735,10246,2459,11054,2612,2700,1244,2731,1143,2571,1502,299,10978,4620,615,635,16678,4727,4754,694,2367,542,1185,3684,3628,4514,1774,2603,15938,7780,487,4781,2210,677,7390,2920,5035,4017,45727,4246,4056,3997,7665,1135,2327,1880,467977,1332,5719,1493,132,1085,16223,6297,1208,1524,7520,1713,3954,2224,654
114,631,1902,425,216,399,4594,650,4877,1977,853,28,132,167,226,1661,4393,612,298,2067,250,1148,733,2230,516,1540,421,2229,390,525,1644,966,893,1027,330,1493,654,583,135,1166,441,507,1190,339,23103,1808,86,780,515,406,1733,3,687,333,0,1601,328,475,678,62,156,265,21172,455,213,157,314,10,2436,1500,134,90,1897,689,748,234,193
115,1145,292,1170,1215,1393,7318,136,30130,1681,903,280,625,0,4033,6960,10300,6446,1512,7392,1229,6812,2540,9151,877,5090,96,5,617,457,1985,1537,2251,709,236,803,4684,643,58,7,960,1059,703,630,1,1440,0,725,39,1067,9391,981,803,561,2,1538,2255,2407,2893,551,1401,300,231917,81,1331,415,646,3862,3310,2199,1058,443,14764,847,2782,1160,1934
116,192,179,35,56,61,1062,7,1820,487,48,44,171,98,296,247,1846,624,22,1577,122,662,564,1047,128,664,92,382,65,219,672,0,266,274,157,222,226,258,38,35,238,225,294,47,6822,238,62,110,54,372,306,74,309,210,0,526,110,147,43,54,199,32,28691,234,159,255,57,51,727,178,36,199,813,0,180,114,108
117,5,61,76,151,9,625,73,2422,167,36,56,211,90,303,171,543,334,80,976,0,1257,1176,2262,368,1630,53,0,77,107,110,1,226,4,2,78,102,0,29,2,0,0,191,0,7,155,0,0,157,88,59,4,178,55,0,376,90,437,10,0,51,10,17437,25,389,0,145,23,723,314,0,25,496,59,292,67,86
118,1067,75,578,1171,1223,1646,361,9478,914,894,188,621,449,538,2063,8128,1559,216,2897,17,996,695,2297,998,1193,12,119,149,880,593,395,605,1890,0,393,685,541,176,1005,769,301,625,909,372,2235,434,234,11,457,1066,1018,893,999,0,1008,50,290,766,392,285,276,62757,208,124,205,412,224,4713,1010,735,343,2454,871,1236,769,0
119,1871,2097,2464,2610,2728,26007,1219,26433,4847,3104,1572,4982,2260,6110,7887,27324,6888,2409,9173,1886,1248,854,2507,426,1475,1114,2331,1157,4044,4592,3092,5760,3582,2079,9583,2557,2505,2254,5099,1728,944,2555,711,20920,21374,3392,1083,2610,1385,6407,1114,3304,2295,0,6864,3025,3599,3739,1667,500,1425,166926,1802,308,1850,3021,3427,7953,5807,1453,3031,6321,1181,5132,1501,1786
120,684,438,556,986,546,3844,89,7169,1069,593,1065,501,707,419,2501,7929,738,538,2251,389,1035,1125,992,285,920,473,256,967,868,883,121,1195,1043,169,1172,348,313,763,454,619,165,588,648,37,1699,280,862,526,431,1107,614,788,1670,0,878,1546,698,1054,448,26,235,33765,121,396,353,591,185,1510,1319,622,1323,2994,689,1276,585,690
121,369,181,56,7653,2890,5049,7967,19007,1638,407,637,559,3678,3607,6746,6694,6835,488,10847,649,1959,1097,3132,688,1580,2504,342,8900,2387,542,182,4860,807,3153,676,1290,1473,2223,475,2595,4344,1639,185,10858,1140,0,960,598,1340,6732,355,3166,770,32821,972,1702,1815,2884,392,260,1914,201769,38,2579,92,1752,710,8610,2217,764,456,3216,1473,3593,1684,41
122,4103,66,681,4140,1917,13594,597,14761,823,1259,3304,840,752,1577,8356,9043,9036,895,10082,1283,3466,2328,6671,1599,6247,1134,0,1076,4555,736,2,6854,2232,1954,728,4447,2183,1701,1,1628,277,3629,850,1399,687,66,1018,1174,1475,4399,890,850,1521,0,1598,5404,3156,1307,457,104,488,118569,765,1033,683,2066,1902,5697,1752,2202,119,9505,1907,2625,796,1817
123,201,44,200,426,365,3375,75,4074,397,222,164,238,191,300,1966,4366,1164,149,1871,267,724,934,2081,335,802,710,149,383,790,400,102,492,130,152,30,512,471,454,276,246,170,829,0,5,184,336,306,415,569,785,171,135,424,0,461,1249,311,106,260,174,481,7031,154,65,86,249,365,881,269,520,179,668,280,568,315,191
124,1161,217,448,483,648,5277,258,9161,1369,24,602,511,280,271,1676,5875,3326,1,3093,0,1863,1538,2812,213,1907,804,80,532,927,989,191,3353,2302,638,890,797,252,106,0,230,687,1642,915,7,498,97,512,716,915,214,362,291,244,0,1056,1350,914,444,520,268,255,58288,91,349,478,1,561,4665,1142,533,385,2232,13,597,476,127
125,299,305,626,261,893,3838,589,9000,957,255,754,1060,341,813,1871,5782,1359,579,2623,161,1131,710,785,413,601,178,0,144,938,747,133,2025,1005,202,1111,813,166,228,299,649,424,436,1244,122,1349,533,595,1003,501,818,573,991,239,84,534,757,631,936,590,201,297,98383,377,696,326,385,1141,6706,1457,286,66,3687,397,864,818,413
126,1946,171,172,1100,940,5970,685,15085,2877,288,12,47,452,1202,2733,3981,1866,1361,6425,377,2818,2361,5380,201,3736,1173,1107,854,1021,1443,950,1624,525,554,1174,658,524,322,3382,232,901,528,49,16369,4218,84,29,11,1356,613,388,1811,1298,1,4635,665,1574,369,1044,49,23,165902,145,295,694,1584,196,3680,2637,684,450,3257,838,902,641,697
127,9688,0,3256,2952,7719,16110,10491,39260,5822,9567,1856,0,5359,2423,16564,13918,34822,4,11478,2001,21478,6014,35503,6831,17948,9,0,952,2525,2026,0,9894,6460,10883,3351,2433,315,1627,1111,1937,4340,0,1162,1042,2970,4937,4901,3934,1459,10458,2975,2911,0,1,1373,4195,2356,2759,682,6433,780,494783,1155,5013,1636,1027,5360,34808,94,4840,0,23234,1823,18277,2683,355
128,3540,1024,1327,2306,2394,22006,1110,22061,2729,1341,3084,1433,228,2365,14026,19124,12171,912,14217,2,2774,1746,3041,553,2358,859,1565,2584,5047,898,1354,6193,1200,2579,2471,3761,2417,749,521,1305,1409,2520,2053,200,1671,245,865,1597,2336,7122,1266,1017,611,32,2219,4751,579,3004,558,102,1251,128906,166,1800,1260,1287,745,9255,1704,2530,42,5016,2307,2920,396,1548
129,368,188,968,842,1418,6089,335,13831,1687,444,1038,1047,514,567,2303,8186,1647,848,6525,1194,2123,754,2091,405,881,21,292,586,771,658,1333,744,506,404,1998,733,555,802,1274,896,906,265,428,94,1951,166,1029,885,308,614,675,1385,1611,0,2955,1164,1512,859,778,297,474,84426,719,455,713,440,151,3251,1979,137,572,3088,326,1617,766,475
130,101,209,584,457,572,2042,9,7639,385,59,2,92,74,287,349,1990,1775,0,2786,148,2117,993,3601,190,1580,314,71,96,1,254,0,856,320,403,83,447,548,173,66,218,61,40,1005,2,385,431,272,370,276,26,154,567,318,3,917,188,160,182,162,584,111,114382,47,446,219,164,573,2038,763,130,4,1410,98,970,65,207
131,6481,2792,2507,4660,3415,27387,1195,42722,5508,5688,3321,5587,2224,2036,16266,50372,10369,3732,26113,2213,2478,1215,2251,689,3155,2789,3302,1976,6912,4747,3692,8799,4637,1262,16405,6968,2867,3620,7672,3028,703,4955,1727,15064,16932,1745,2591,2334,3137,5745,2235,6097,7024,0,7013,5514,7074,4650,1650,829,2323,295076,2510,1203,5604,2629,3221,14436,7998,3096,2337,10725,3266,6987,1953,1717
132,1229,677,867,1614,487,9645,1298,14152,1716,1358,1351,996,643,1142,3644,9109,2539,558,7403,269,310,640,1834,173,789,278,1165,461,1752,953,813,3785,1139,1070,3527,980,1120,603,1791,1452,393,683,1588,16578,3591,566,1286,1968,689,1668,671,1241,1209,0,2990,1637,2306,2005,1144,1199,125,112448,540,936,502,679,675,8477,2884,689,1059,4801,1713,2222,1372,470
133,5483,2578,5578,865,1309,14877,1882,34543,9023,4952,1138,3979,626,1863,5278,23104,7557,1972,9737,1568,2750,806,3951,1154,2311,248,3078,447,1384,5323,1987,7753,4391,3078,5859,1339,2331,2311,2750,806,2409,1657,3961,25856,15764,229,1702,3043,432,3561,2093,4543,3110,56,7623,333,4838,4688,719,4066,1444,274247,4095,1825,2518,1859,1721,11583,6048,1070,6464,8912,641,5250,4405,1073
134,560,282,1,326,7,2176,0,2869,391,72,79,829,106,0,1127,2007,1519,1,1692,312,803,740,1365,221,677,171,64,576,419,243,0,1536,418,156,4,189,195,137,207,362,5,611,119,58,201,114,114,0,450,1497,288,2,99,0,243,1802,140,175,183,18,84,50752,149,289,46,177,111,1509,801,100,3,1573,13,526,437,334
135,527,266,0,357,254,2813,12,16141,1380,603,435,633,369,885,1257,6674,2415,412,9157,39,1486,1001,2680,649,1770,201,1798,701,718,819,218,1050,66,663,994,514,902,201,8,147,131,271,15,25594,4635,357,0,1721,656,456,741,2638,599,2,1042,1015,479,678,840,238,33,16322,1344,357,1018,259,37,2965,1608,564,20,2754,768,1864,551,449
136,70,1,0,67,121,1706,104,3299,192,25,124,208,128,408,498,2542,1222,80,863,0,399,696,901,231,589,283,105,84,311,31,303,256,78,228,227,229,2,50,158,483,298,266,117,4,494,145,331,139,95,895,290,238,203,2,558,252,246,260,84,20,63,13629,13,149,0,146,126,1094,755,67,11,974,92,504,262,0
137,95,2,681,305,142,3090,0,4614,680,548,88,580,0,24,366,1564,2421,375,1197,287,1130,996,1696,113,1360,456,0,156,379,553,121,1394,131,304,483,345,72,0,25,194,36,198,560,3,1008,0,239,467,292,1181,288,250,34,0,8,428,291,501,26,5,0,12835,12,538,1,22,426,3335,1222,17,31,2384,376,1273,130,167
138,679,7,452,239,320,2924,226,5502,367,82,854,320,271,562,1024,3298,2978,456,3060,0,1035,813,1876,435,887,198,174,658,609,3,0,1598,1052,661,216,808,113,110,64,179,357,239,364,209,560,248,1012,477,221,3178,381,431,930,0,227,1763,85,246,161,140,369,58006,44,180,134,201,494,3572,932,190,0,2698,736,628,668,587
139,5086,29,4214,9071,4391,52290,6262,94257,12130,6752,7694,2455,5461,8316,22542,45887,31356,2608,39842,1393,7171,2999,12911,803,7921,5187,1182,11259,11426,2115,1498,14846,4229,16698,3158,7390,3557,4515,4284,3405,8055,7137,8511,682,17773,3618,7163,3946,3915,25551,10968,8492,6642,0,5748,9184,6383,14294,3190,7109,2723,1022956,6419,13474,3817,1348,3972,30988,13135,4629,4154,32366,6768,20534,5986,1917
140,227,17,383,301,304,1130,887,5719,518,130,287,200,209,115,402,7803,8596,283,5882,81,1538,999,1888,341,1341,3,0,232,404,34,91,450,216,1446,131,174,691,2,140,977,308,585,191,5,0,0,441,183,309,2135,300,275,358,0,1,657,79,796,425,25,247,18401,0,569,422,312,484,4075,1163,167,5,2530,363,2232,617,321
141,4739,2592,11387,3003,4720,14298,3578,61423,16396,9028,5473,4061,2128,7333,22092,47985,21612,2259,11862,7659,6854,1453,3882,3826,3975,197,3439,1837,7358,11465,1860,21641,14295,4498,19229,2894,1517,2704,5320,4652,1893,3085,1581,34916,36862,623,6910,7726,655,15218,7018,5897,5033,99,14595,4912,6017,9216,1414,8903,905,1130955,6336,5054,4761,3102,4551,17310,18374,1597,14008,41592,3403,12703,2198,685
142,2587,1268,4,1171,550,8798,337,12433,955,1277,1075,1034,674,1158,3993,9769,2006,481,7413,295,4003,968,3398,1130,3124,273,967,976,1577,586,596,2636,934,664,1615,2535,1242,151,575,1316,1187,4035,9,584,1096,805,1022,105,1813,5729,8,764,2683,0,1014,2096,887,2278,494,864,377,12228,43,536,529,1401,972,3806,616,397,1729,2729,312,2070,380,1008
143,1312,173,603,314,162,2656,705,10463,598,573,654,59,0,472,1460,2958,3618,315,4566,500,3903,1893,2620,1014,2129,0,0,232,321,175,285,961,517,1140,562,206,475,204,114,837,901,347,832,1,1097,357,1213,159,362,3440,0,649,1367,0,40,387,431,596,564,135,12,25486,8,814,357,227,36,3322,1272,220,91,2766,454,1678,231,0
144,7610,1446,8331,2652,2501,30041,5144,83857,17561,12651,4901,7629,5626,4558,9845,50829,15910,4441,33246,6156,6582,2108,4296,684,6105,4253,4475,1322,6872,18211,4449,14624,6213,5311,23373,5876,2164,2298,20307,3472,1722,3674,5249,66814,31689,682,4621,1102,1348,5871,6682,15178,7531,2,13327,6297,15939,9931,5192,5308,597,713258,11392,869,5522,2968,1789,23426,25257,2249,16697,25216,4824,12084,3732,6783
145,1286,475,59,19,404,6019,1142,10234,1452,496,1178,3,325,1285,2511,4532,3244,363,3436,514,2254,1056,3119,585,2436,306,358,213,1335,456,2,1299,1777,1293,1055,440,478,956,3,661,322,1535,706,73,2606,130,1428,719,697,2712,848,799,1166,18,559,347,604,579,573,13,7,18164,76,200,334,264,918,4271,378,156,1101,3724,477,1739,110,1166
146,1125,822,496,378,584,2486,239,9092,1112,532,66,1503,134,853,1524,3870,2694,1522,4595,471,647,370,869,255,969,122,245,147,489,2187,779,1691,991,355,1792,173,137,282,1166,736,776,723,1967,9255,4243,419,615,1256,661,807,928,785,517,0,2915,549,796,878,666,940,1269,76155,874,120,232,287,361,4078,2668,0,458,3420,661,1838,533,100
147,16576,3545,6582,15718,7638,65746,5153,111479,24279,14047,10069,13696,3371,8531,37059,115789,28178,10854,57238,2004,6056,1395,14539,2091,4915,3506,6935,5042,13980,4367,2073,36599,14402,8146,21605,10604,14816,9630,10090,4645,5772,7775,7096,29551,17923,2721,10837,4460,4840,20922,9554,11466,8978,1,25259,13142,10133,22769,3892,5324,1432,1109970,10526,6098,14123,2729,6557,42428,15499,5904,16689,39497,4379,18846,6989,6978
148,886,1676,394,378,707,5250,503,13511,2752,2764,1233,2118,689,1218,2977,8176,2550,737,7489,264,3310,1087,2751,666,2765,340,1787,694,1670,2586,1456,3678,1168,614,3315,409,218,602,2941,1335,51,1020,226,9090,4043,785,529,515,1084,2003,1598,1023,1049,0,2341,1227,1742,779,1178,381,1151,7195,2220,605,398,205,891,3287,2609,628,612,2094,735,2327,166,402
149,163,125,12,82,115,651,40,2561,443,101,4,31,64,93,329,1210,274,115,725,0,1023,660,1203,215,899,7,139,1,123,703,0,80,176,160,306,42,3,74,0,251,170,49,520,151,93,15,73,133,177,88,127,271,388,14,465,210,132,33,118,156,20,53043,153,89,287,6,71,1237,231,16,221,1076,61,428,63,6
150,2398,2023,2441,961,832,11374,1255,13385,1655,1794,35,1251,616,2722,7158,9722,2561,1170,9347,662,2684,1409,3002,547,2860,673,1135,641,3105,2350,1856,3751,2833,408,5004,2610,1066,1431,2443,840,383,1439,194,28636,6065,674,87,3046,2160,4267,602,1896,623,0,3149,2244,2505,1225,859,69,1236,9451,598,260,1640,0,1960,3905,2731,967,486,2449,1011,3354,848,846
151,1096,194,616,743,1165,4782,358,17284,2030,451,391,867,522,925,2769,7900,5040,51,5064,7,1491,1281,4559,1012,4153,845,191,335,442,524,58,1214,1904,2199,1063,1635,12,181,2,1026,840,466,180,7825,1013,264,241,712,1336,1920,1285,583,1135,0,1317,1647,968,285,194,54,262,36949,658,876,605,331,564,5038,2441,159,159,2753,516,652,842,448
152,1903,841,266,1042,854,4211,65,5825,1209,605,1054,961,608,765,3373,5583,2107,770,4096,724,1927,1397,1715,475,1636,708,2009,1001,1403,2137,873,2278,1890,743,2931,1005,441,510,1275,1262,339,609,244,19190,3017,384,493,276,739,1030,282,1345,1600,3,2401,1306,1314,987,423,285,489,98903,671,337,267,752,791,3009,1388,507,532,1612,493,1614,37,438
153,239,34,48,62,55,859,248,2652,326,105,9,263,0,353,229,962,435,96,1285,1,2373,1386,4859,1151,2514,73,0,16,21,802,21,301,30,172,365,30,258,38,305,156,8,214,310,18691,427,269,0,8,367,254,47,333,70,0,178,18,108,93,62,258,86,177619,41,4,224,83,90,1337,699,73,82,765,55,515,525,92
154,1548,1744,1587,1144,250,9362,1272,16840,4374,3433,1783,2284,1246,1909,5044,21106,3700,1401,6002,1840,1885,1268,4672,1154,2187,531,1248,1187,1774,5009,4924,3885,1297,816,7360,1147,596,1986,3282,1249,1186,1594,1187,10250,19374,1600,1408,3117,1122,4197,693,2050,3299,0,3852,1577,2176,1690,1345,172,1021,93532,2497,959,2736,1371,1905,7046,2377,338,1293,8957,524,3969,1064,1093
155,15018,2926,5567,9792,2229,55082,5177,109151,23144,16174,7199,5595,3596,17587,19646,34285,25629,9056,17366,1392,9040,2639,13177,2597,2557,3782,7280,3010,14197,14302,6486,24676,9492,8530,13025,16875,3873,9563,13529,4570,3949,7647,4900,30206,42787,3915,10513,3381,2989,23799,5504,9028,17834,551,9330,3200,11157,13969,3588,9359,1932,1045929,6954,5390,4775,5753,8906,32747,16244,3922,21206,50072,6632,14164,4973,2854
156,0,13,0,238,158,0,232,1475,0,0,395,0,0,443,256,2506,1718,0,315,103,1094,790,1051,241,935,384,237,1024,47,404,0,36,0,337,159,632,17,683,6,636,118,91,0,2106,0,0,371,0,1051,108,253,0,0,0,235,1193,157,158,0,16,224,11173,3,393,0,67,482,68,55,66,0,768,474,30,54,0
157,1569,424,508,506,993,7716,1444,9475,1537,729,2129,663,11,435,3459,4016,8769,152,5902,438,3297,1519,3424,1343,3848,336,0,443,767,224,723,1481,1459,3161,352,1493,46,463,357,680,6,566,900,7,359,347,1321,2063,854,2109,1437,429,610,0,102,1018,631,461,0,3,458,32223,21,789,1285,447,1455,5254,458,288,242,1632,438,1234,6,988
158,0,1034,0,312,331,4099,0,9422,2018,343,636,190,231,917,1525,4309,1833,322,4925,433,4429,1625,4854,510,2761,1055,2205,722,263,690,684,2553,1413,409,1799,1888,0,3,618,304,29,607,393,20913,4044,28,683,588,1167,2644,0,443,181,5,1334,544,859,690,567,183,1226,6887,683,100,815,282,473,2334,2737,198,9,1162,351,1025,1376,647
159,1438,499,579,4661,1430,7323,4379,7939,1415,700,810,546,2809,1283,3797,6256,1259,1007,3726,999,742,263,1971,519,735,1473,597,3432,1284,1497,1127,5636,1024,1359,2742,672,647,1009,1162,1105,1103,779,317,17169,2526,661,380,558,574,2288,581,661,909,15809,1963,1294,1205,608,386,336,1383,106566,308,1091,688,241,223,2767,1742,568,569,2028,498,1605,625,586
160,229,345,114,307,373,3596,342,5252,1486,99,243,387,127,500,1003,2305,928,428,3539,22,1764,714,2443,505,1716,16,15,44,452,559,248,830,274,321,479,63,413,558,354,395,99,348,131,15608,990,1,35,245,458,221,170,1412,205,5,658,240,540,257,501,323,92,62402,220,227,651,221,253,1529,1079,100,96,964,9,520,406,67
161,58,0,0,5178,0,993,0,61899,1004,2,0,188,0,176,4922,7241,41093,0,15383,3,44497,14999,31567,18897,30974,7746,0,0,0,551,0,5894,1496,561,12,14,347,722,20,1,356,171,1389,8,1,605,0,317,1015,5234,8517,3477,56,0,359,670,0,3986,2241,328,1,720994,458,8727,1347,206,20,13363,1827,220,201,17222,0,2137,212,240
162,42,540,187,287,0,2767,190,3728,534,12,2,71,3,190,687,1785,588,252,3747,22,2724,1430,3709,97,1748,243,220,396,168,629,184,432,129,251,1046,124,494,211,388,222,130,396,103,9792,942,162,171,432,887,426,266,616,523,0,1403,678,446,1,293,175,770,31608,33,4,58,551,12,755,1169,544,235,395,521,457,160,1
163,1166,11,297,966,1233,8693,618,10131,1108,121,1336,625,264,1075,4394,9533,4943,250,7241,487,741,770,1483,291,1172,323,69,442,1743,482,0,2826,550,1459,670,1542,1466,62,144,1240,384,1689,699,1,708,545,695,1580,1238,3209,1199,339,757,0,953,4172,854,728,104,132,595,147662,117,236,397,483,504,5579,1346,912,22,3423,850,1837,651,279
164,14551,2390,7428,5019,1825,31549,1617,50466,13145,7549,7773,7738,1811,3594,16782,33649,14410,4618,20995,3507,1675,2193,13581,894,3583,1089,2420,1349,7172,15717,1996,19647,5499,5523,21256,2908,4277,4573,5392,5540,2858,5965,3551,43289,27390,1330,6051,8700,1846,11629,6332,14754,6768,576,14810,7072,10166,10162,1310,6007,497,544823,7893,3881,4561,3206,4695,24311,11875,864,11598,25250,3760,11772,5782,2013
165,0,190,821,10382,1158,9128,743,46699,7032,6660,4569,0,1284,877,4889,0,12038,0,1886,3155,5611,2067,9910,545,6302,5166,907,7601,3417,2684,3035,15723,0,6976,3193,337,1217,7884,2107,12798,2673,3737,745,43501,0,548,0,2574,2939,13471,0,81,1054,20502,0,7447,2893,4025,14853,1702,831,780146,0,7514,76,5296,2233,0,8761,1139,0,7267,2893,2108,2320,0
166,1146,396,99,266,520,4288,383,2446,1002,509,386,498,287,320,1798,1824,881,352,1251,243,839,760,1378,297,894,205,536,161,394,833,579,2193,223,31,872,668,185,482,257,388,118,384,796,21613,1637,214,141,686,278,526,180,826,242,0,1284,541,365,200,109,637,135,74051,330,1143,243,369,242,2618,2167,70,504,865,0,618,490,396
167,4778,2823,1304,1123,3110,15078,1350,32260,3353,2800,3327,4510,2374,2813,8965,16709,5326,2228,9926,1153,1543,1755,3809,758,2281,1811,2850,1244,4347,4349,4793,9773,2823,1911,8906,2306,1240,1064,6943,2054,1597,3256,888,20082,16207,2315,1633,2187,2823,6293,2697,3172,2469,0,4164,3585,2189,2609,1308,1118,1294,138382,3639,933,1920,1158,1469,7635,4390,820,921,4809,1657,5826,902,1192
168,381,168,362,362,51,3013,151,3193,140,0,626,24,366,12,1167,1327,2937,372,1024,0,1232,875,1569,527,1069,369,0,175,1225,39,3,1836,784,999,0,589,19,129,0,0,0,596,27,4,16,850,6,301,254,278,134,0,2,0,372,589,37,763,75,188,159,25971,343,175,248,90,0,1686,96,331,0,1175,318,647,157,304
169,1024,20,106,1160,729,1845,0,3375,1197,231,397,9,0,43,1408,1672,1653,16,2364,48,3581,1566,2605,1177,3693,1127,15,341,246,583,107,1403,3,446,1070,737,251,1,361,322,3,1008,505,17711,1600,113,0,0,482,1940,81,439,695,0,519,341,354,13,514,220,308,15102,98,2,398,381,16,1283,913,516,6,1331,46,630,459,631
170,94,162,38,49,186,1587,0,6005,270,30,914,0,0,84,1605,1499,1493,236,2118,0,1349,770,2775,831,2183,40,0,235,308,28,0,149,253,355,8,27,480,42,0,1,361,458,0,10941,305,0,124,455,657,1050,161,863,446,1,695,194,236,159,326,392,56,221526,12,8,81,0,0,1871,377,1,151,867,11,306,8,145
171,317,1,125,153,63,1880,159,4243,326,326,210,275,263,298,616,2438,1890,135,1553,129,895,749,1280,556,801,2,33,68,155,181,0,479,651,379,245,668,122,201,212,305,27,250,147,100,747,53,243,106,191,1409,54,102,598,12,279,0,223,469,26,22,205,11832,5,271,331,259,182,1413,797,20,0,2073,314,501,196,148
172,498,1423,3333,2262,1019,16155,1386,41846,4441,1771,2394,2915,916,3319,6463,24106,18903,2434,11436,496,3170,1122,4239,448,2666,1711,1452,1787,4746,3752,2021,8212,4310,4575,3272,3458,2843,761,2661,2242,761,1845,1176,10954,12929,539,1457,2415,2818,6355,2028,2730,2013,0,3195,3281,3028,2363,1264,300,727,24266,1092,1258,928,1691,2743,11034,3971,371,1765,9061,1707,6126,1588,1786
173,157,121,275,299,185,1602,160,2771,1399,444,400,346,41,154,1122,800,259,97,1960,172,594,524,1065,275,726,142,150,211,304,646,144,360,144,207,540,317,208,128,343,377,88,296,430,111,221,97,425,90,225,670,298,269,449,11,496,719,758,403,220,180,118,21196,292,106,258,454,148,1292,759,269,108,811,46,495,240,68
174,1478,928,1037,1358,504,4209,366,7601,1657,1364,399,608,107,1082,3019,3865,2949,533,3650,225,658,385,539,180,853,430,1419,332,1152,1293,376,3614,2586,398,2135,1037,458,813,681,540,394,717,602,12801,1195,330,526,837,540,2114,156,1269,1095,1,1554,694,1070,826,91,507,477,79832,498,781,647,1132,511,6950,1107,206,577,2988,702,761,529,377
175,2406,515,655,3275,767,14756,2011,20274,3919,831,2174,1887,1194,1457,7063,22229,7550,1627,12696,1070,1907,862,2834,214,2115,1043,3834,1807,3933,4350,563,7078,2382,3547,7045,3357,1513,2207,2767,1330,567,3391,1300,23535,6462,737,814,4113,3639,4251,1993,968,1747,4,5245,4631,1093,1589,1280,1336,989,202498,1381,1263,1327,914,946,10400,3340,1107,1293,4421,432,4482,544,881
176,0,351,335,122,0,949,339,4544,270,303,445,278,77,294,460,2205,953,239,3000,56,670,816,1499,367,898,63,100,192,558,970,332,297,194,213,673,516,240,347,405,38,285,286,39,1273,1192,0,457,759,125,689,300,570,0,18,305,308,108,360,198,0,131,12924,172,13,0,391,357,207,420,42,212,835,76,323,115,263
177,359,885,314,322,500,11701,608,9918,1563,1256,806,1944,971,1723,800,5304,2596,662,6453,1635,3248,1077,4092,1018,3643,2,1340,586,2048,2406,1310,1631,2213,434,4332,347,511,889,2700,1044,667,1894,577,34215,8380,187,2061,1112,1090,2174,769,1308,1745,0,1828,916,1390,1152,741,399,49,11361,958,805,222,1741,1817,2287,4778,473,895,3248,1065,2385,337,671
178,20927,24257,20417,23531,11446,117522,10484,158718,62195,36871,30504,25341,14923,2934,99907,84756,45101,17667,50428,14298,29578,11724,24094,5338,34659,10318,25241,15079,26664,14803,20134,68937,15234,8821,101918,15181,15596,10160,19749,26438,8057,10901,10078,143070,88971,1478,7338,22865,6612,18338,7017,8532,7705,0,46903,52301,49635,14457,6880,16991,2763,2139120,25278,4888,18726,6529,7763,69180,34647,4762,21071,37038,19464,21711,14102,26170
179,596,57,201,825,406,5717,0,12328,2337,924,667,943,1,968,3202,4670,2051,382,7651,622,1964,1636,3021,679,2707,209,848,426,1586,435,304,833,320,575,1148,645,543,191,147,827,1,998,566,30395,407,1220,493,564,799,2467,111,736,546,0,2908,231,240,111,263,196,302,44848,348,36,352,1,71,4600,504,550,673,2329,409,944,163,698
180,158075,32229,57626,42294,21229,305088,28337,566019,72559,44858,84074,17787,9687,59820,136194,351226,53696,29190,190981,692,81788,25413,116843,31485,82422,16732,3801,23972,90838,65519,10284,128908,61146,14130,66728,67871,29887,13649,8937,37079,29799,20660,9586,15990,95690,44951,35173,18150,16684,37707,31702,54669,50527,0,43512,38048,48638,88420,33640,5715,3842,4218817,20532,7894,39831,25876,15604,200212,35285,26116,50694,111094,60633,114593,26017,23571
181,415,506,193,294,456,3502,95,14005,1498,383,124,625,494,1471,1015,6131,1682,377,5739,508,1688,719,1925,341,1015,97,1127,294,772,1512,1277,511,516,803,1652,305,701,547,1263,262,489,389,194,9743,4789,275,402,1067,333,698,277,1158,922,0,2295,482,1317,881,718,549,126,38247,1632,286,1005,96,466,1945,2439,130,538,2175,346,1936,344,149
182,927,24,1313,486,495,5313,417,9099,2455,933,442,257,524,899,3616,3512,2142,512,5473,130,1476,1421,2958,799,2684,168,599,508,1441,772,1216,1545,712,79,543,258,280,786,517,672,249,1192,364,20027,4581,2148,387,659,1043,1122,997,364,261,0,1591,187,1010,714,1322,633,480,85598,576,267,691,174,282,1032,1528,460,1074,1366,0,1514,37,134
183,1533,10,51,1503,1831,18370,840,9801,431,611,1574,516,725,546,6310,6352,322,751,6357,0,2000,985,2885,492,2299,428,0,736,3533,71,197,6716,658,349,415,5090,796,773,72,1330,647,1280,19,1612,536,764,337,2910,1991,3688,1550,393,454,0,800,2520,1419,645,139,23,1027,90118,8,595,159,317,283,2499,387,745,178,2048,991,2239,545,1741
184,1869,341,829,28,330,6844,0,10868,605,226,370,10,939,2,1346,8563,3474,522,7267,342,4217,1553,4738,1770,5003,840,389,1076,2234,535,1,1502,324,2212,530,721,1613,1052,1222,1081,1068,381,956,5,858,1151,628,55,1425,1849,1431,329,516,0,1,303,366,1352,575,2,57,48205,962,104,20,428,560,3959,598,434,61,3775,1,1649,672,0
185,3569,1575,3220,4234,1092,24785,2981,58500,6988,4563,4805,3445,1444,4178,10855,31603,14149,4962,13671,3096,3747,1483,5975,616,3784,1778,4239,2017,6239,3955,3560,10704,7293,4270,9261,5159,3312,2130,3231,1878,3195,2461,4905,30144,15578,2051,1321,3533,1738,5871,2594,1466,5387,0,9492,2016,2514,6966,2529,2997,455,319816,5705,2522,3863,2110,2578,16353,8878,1665,6346,23437,3117,7788,3018,1252
186,1358,1701,1513,2347,1491,11127,2235,60609,5717,5938,5786,2949,873,4933,10388,56944,13608,6941,19249,1519,4572,2571,6606,1461,1767,795,2335,690,7225,13348,2486,8030,6943,5366,16014,3985,599,802,4735,3046,4306,2401,1648,38940,17473,2456,6355,5299,1740,8274,7960,3613,660,0,13884,6101,9683,8843,2084,4416,2134,217696,5235,1886,4452,2716,3183,12211,9443,2107,1524,16606,5501,12790,4009,1
187,784,149,87,266,725,4434,239,6982,954,542,1189,555,253,353,2165,1717,827,97,1878,95,1184,562,1388,868,1273,579,6,266,834,616,508,1902,362,575,840,219,50,464,428,769,240,554,669,108,979,389,142,416,323,826,204,206,585,0,853,186,563,542,409,124,472,85275,249,403,648,62,5,3331,535,288,252,2180,14,1069,290,168
188,10866,3,5670,1111,6927,42905,3770,41326,1687,0,6423,131,8974,3034,11025,25055,30932,1129,13525,2,12532,5148,23841,8003,15639,5046,0,7339,6444,0,1013,12938,8,6984,0,4285,394,3575,0,2619,0,4114,4537,71,0,3580,7790,1072,4766,8144,4830,5759,0,0,554,8355,3437,2728,726,2365,2075,622676,63,3438,5058,2053,2067,19990,3947,1372,0,17066,1043,12454,4825,0
189,353,52,67,109,164,2574,145,8252,494,194,384,418,284,253,1129,1703,432,158,3205,293,655,165,1289,241,831,111,150,742,488,236,356,730,163,98,771,936,346,219,433,93,141,351,275,6011,411,172,182,277,793,1053,148,304,417,0,589,399,435,157,451,166,54,91757,238,76,354,46,41,991,725,381,231,879,84,708,310,124
190,1002,666,436,295,158,3328,53,8083,1545,743,513,1334,185,1104,1541,3057,2255,292,1898,421,704,268,1219,340,557,444,906,312,1243,906,397,1712,1060,9,1883,1166,150,249,776,196,364,336,654,9861,3055,96,480,830,616,1544,132,963,1529,2,1049,176,523,324,229,372,390,104039,187,260,157,867,498,2047,1274,230,640,3043,99,691,611,544
191,390,110,306,270,240,2087,28,8548,1573,470,105,290,168,408,762,5783,806,281,2680,5,825,703,1315,301,835,290,376,204,459,1081,30,251,186,276,992,479,315,177,248,453,218,268,39,9663,894,199,545,315,500,811,563,425,235,1,1502,698,278,408,345,188,120,33768,412,162,187,281,90,2136,1711,61,543,2129,281,342,369,4
192,955,328,483,420,417,6523,690,20631,960,660,998,724,1000,1228,1928,16001,3467,648,6949,560,1497,813,1760,339,1018,477,252,396,1290,586,138,2600,766,706,1605,1338,345,826,991,951,1079,837,673,5,2627,376,1008,1097,845,1205,997,1017,1531,0,1458,1569,1045,2054,1103,462,394,59240,337,132,1100,770,706,4137,1899,424,259,4465,736,3021,410,354
193,1197,796,1112,715,461,3785,905,7794,2916,832,532,1007,249,870,2244,4807,1190,557,3227,252,568,701,1414,84,922,360,531,209,690,743,777,2477,714,335,2365,189,413,567,1339,530,231,490,1290,12941,1143,173,654,437,266,853,394,1490,878,1,1531,970,1732,715,443,529,670,113970,515,116,838,455,506,6946,2245,146,892,2869,1129,1298,472,153
194,198,131,6,136,187,1140,194,2017,891,234,71,230,53,142,271,796,297,65,894,53,648,746,972,342,731,49,278,68,179,836,35,84,217,211,317,130,5,120,173,239,10,46,144,3085,39,147,3,98,271,204,213,184,48,0,567,197,300,141,267,55,404,6901,320,485,101,73,81,1364,551,144,87,932,108,183,186,108
195,186,838,330,14,449,4508,811,9358,954,984,185,872,620,383,1243,6998,1011,418,3747,505,2944,1130,5449,1806,1690,0,2,379,759,608,613,1572,1486,4,1310,151,397,2,460,1047,971,0,1494,269,2100,63,0,258,656,313,576,1331,356,84,1390,12,1295,1634,620,243,592,44748,497,838,746,18,60,3033,998,113,653,2795,456,1406,656,662
196,141,0,0,21,252,2011,0,2466,181,14,380,6,176,0,508,753,1583,56,1268,1,240,852,1687,744,695,64,0,389,167,92,0,814,169,264,0,339,71,90,0,133,11,163,70,2,0,4,0,123,420,1002,152,87,10,0,41,687,103,352,86,37,107,29452,0,138,59,14,37,2461,360,362,0,436,124,263,69,211
197,945,678,495,560,992,5540,731,25330,3656,1800,750,2579,377,2136,3629,17761,5430,1591,10416,1164,2385,1187,4081,637,2006,334,938,397,1147,1021,458,2363,1285,1842,3761,1938,1335,608,858,2213,1100,417,97,7268,9036,2,332,1087,1087,1213,748,1545,1430,2,2348,710,1604,2248,673,358,537,13530,619,462,1339,793,688,4314,4239,783,297,2684,766,2727,1889,791
198,391,68,451,30,147,4165,198,5857,109,32,328,218,252,422,698,4059,3088,531,1397,147,927,801,1993,398,796,63,148,50,222,183,103,438,154,215,286,1032,577,239,74,156,472,202,275,28,1407,58,123,400,297,1735,162,133,230,0,785,276,124,352,237,12,56,16590,119,392,271,355,486,958,538,255,257,1083,234,1044,208,90
199,108,78,53,10,698,991,8,2445,1005,395,3,35,0,870,1616,2491,355,60,4688,540,1531,1048,4035,905,2785,25,22,329,249,644,516,587,9,137,798,906,556,142,223,237,0,155,0,1342,528,132,169,584,259,1250,26,25,14,0,832,157,592,329,0,108,128,61882,580,57,5,213,109,2056,757,4,419,493,46,644,273,1
200,311,153,221,21,113,923,137,8452,831,402,91,499,42,802,328,5611,1148,662,4427,54,609,714,687,208,794,16,222,216,496,859,320,87,593,339,964,86,318,55,495,683,307,182,217,6112,1318,239,669,497,296,640,150,522,694,0,850,146,624,551,344,353,26,23748,471,233,212,432,612,1145,1050,199,183,1880,306,1334,307,137
201,1415,446,981,551,833,10027,472,13283,2141,1355,1499,2392,745,1117,4193,9580,3821,633,4077,260,703,382,827,147,641,534,545,576,1951,1360,226,3830,1585,905,2350,2208,562,377,659,1083,485,1580,560,9561,1702,747,779,1472,704,4022,1125,594,991,180,2288,1047,1322,1442,257,623,543,90104,343,1278,395,823,837,8590,2508,600,594,6123,758,1487,1091,1280
202,1830,676,472,1166,662,4374,553,6809,2015,959,442,1358,361,422,2796,6500,1018,761,4008,495,786,295,1366,283,590,551,614,209,919,1187,413,3480,1003,518,2791,391,348,543,1962,578,305,1030,1186,11778,2197,97,752,303,377,1623,780,1468,562,2,3214,2151,791,1533,193,478,885,134999,783,296,641,376,583,6868,1319,554,852,3256,1053,1253,742,146
203,1117,370,494,2339,791,8729,662,14975,1698,1086,828,1724,393,956,5167,7633,2324,859,4250,922,389,251,930,237,345,335,781,428,1528,2157,1171,4259,2403,621,3740,1324,367,656,1324,804,483,823,1587,9348,3260,1181,834,1404,518,1741,968,678,1683,0,2258,1192,1313,1222,652,1240,632,105530,521,379,1310,716,602,4516,2290,878,471,4055,517,2150,606,316
204,1789,453,590,635,543,4848,441,10552,2491,353,152,2198,589,1331,2283,5293,2323,1563,2959,422,635,255,1148,204,618,366,640,185,1618,2145,299,3601,1495,620,2907,1119,100,486,1332,490,506,495,1799,12386,7140,611,1313,1017,818,2162,739,621,505,0,4177,1445,1369,965,592,830,1058,111060,1380,372,223,477,189,4636,3080,430,868,4053,744,1169,772,94
205,728,282,316,66,661,9075,929,10652,2541,371,1605,636,4,719,3766,6653,2603,535,4890,508,1518,1011,2798,478,1795,328,765,310,1271,1407,327,2152,990,770,2641,994,1217,29,776,450,129,464,468,14655,2421,1045,810,1062,955,2407,898,1398,1558,0,2019,1550,1969,1582,628,402,542,15390,780,180,1402,691,1037,2876,2129,272,508,3195,308,1935,224,739
206,1925,283,1288,1164,1688,6838,698,15153,3273,1838,800,1674,152,2377,2654,15105,2673,1844,7469,1521,859,957,2437,496,1323,663,2458,514,1406,1724,1714,1635,2305,1483,5550,1462,659,641,2739,1033,575,1176,261,13574,6835,675,1467,1587,428,2784,920,3528,2161,0,3661,1667,3601,2113,289,152,545,50864,618,20,372,513,2875,2470,1580,498,821,3445,1143,1848,371,465
207,133,361,538,412,0,3006,69,5590,1091,294,167,384,230,745,519,1549,1642,389,682,390,335,476,1159,402,551,5,967,177,772,769,100,1108,543,106,1036,629,25,137,453,91,354,228,235,9120,1745,269,210,514,149,594,333,363,379,1,790,192,459,1072,147,495,609,61887,214,767,244,149,837,1073,415,181,304,2613,153,266,562,106
208,1160,282,467,691,971,7376,650,9836,2307,842,712,945,579,1165,2984,7706,1549,526,4296,411,546,566,1019,235,774,576,464,407,1470,1767,386,912,664,324,2956,1897,410,1174,1706,936,702,713,397,2484,3659,248,968,524,1021,1958,792,1044,1239,0,1857,1679,1460,998,708,358,435,45008,555,325,977,1258,738,3037,2056,636,336,3078,325,1901,746,600
209,1029,1311,1402,595,1770,11609,1194,30173,2274,3151,834,1795,711,2440,3966,34014,5872,783,17316,1316,2327,1693,3466,846,2444,1,2578,1429,1419,4926,1722,3123,2846,2152,5867,1717,2452,779,3667,2079,1439,1338,1391,11657,13557,1014,1646,2266,1679,3223,2358,2940,1596,0,6895,2229,2647,4068,1229,431,1188,91312,1614,1212,1034,2227,839,4260,1903,717,673,9600,2615,4338,1799,873
210,16763,8582,35174,27720,14162,117408,22006,231919,52778,31610,13625,31880,12074,15722,73510,118302,34578,20161,69762,15414,21315,6448,22567,6346,13149,5961,11262,5088,32779,25582,17920,83851,39774,17729,62988,15241,11890,11375,26389,8688,13262,25702,13190,159192,122696,10147,14374,12395,7358,32065,12715,23892,19134,101,45861,25714,28127,25735,6762,13309,3145,2677199,32668,4789,21067,5245,4443,80728,30906,7331,30709,66195,10397,37428,20553,4937
211,2997,798,783,2929,1709,14544,1414,31168,8072,3540,3799,2177,864,2153,15198,22782,4766,1921,7769,2555,3823,1179,2681,1146,2667,1514,3584,1404,4558,3009,3115,7137,4645,1883,12217,4078,2038,2868,6031,2833,1171,2067,245,18880,12189,562,2800,1176,1413,4615,2500,5144,5290,0,6519,5045,3561,3453,1445,413,780,141375,1994,303,1804,2225,1739,7382,7631,1213,934,6203,656,3175,1338,779
212,254,656,5,19,155,833,75,11623,773,824,0,262,565,591,68,2248,763,1,3046,761,3373,1021,3481,915,2129,334,304,634,59,784,314,17,1132,2,981,0,290,10,306,319,0,335,512,26913,1413,122,67,39,650,55,69,787,751,1,1648,453,1467,831,899,900,33,114196,2204,715,84,457,44,3033,2011,0,331,2455,0,1173,449,105
213,1190,1114,571,398,1237,7822,0,11815,3741,1434,1138,1228,1776,3832,4400,4721,5734,1033,3247,372,2081,1718,5763,1899,2256,359,3617,389,1409,65,2063,2252,799,1500,6907,2213,747,307,733,153,2268,566,0,12510,3561,319,2459,1225,429,2154,952,2819,975,0,936,80,996,1929,296,19,379,37938,1032,791,0,2534,1007,2147,1459,132,1476,2831,1251,668,429,737
214,5040,276,742,4045,3777,23571,3150,17600,3071,1360,4436,511,2110,2242,16641,14597,16282,1966,16496,601,1734,1219,4456,1046,1499,2340,0,4020,5706,674,1739,13408,1905,3697,1407,4643,4741,1279,467,1066,1265,3068,279,1377,1279,1451,1083,1012,4571,11551,1511,3041,961,2,839,10136,2491,706,299,272,1079,268757,476,720,1177,2506,564,9399,845,1924,245,6544,1598,3121,1133,2297
215,292,180,332,273,359,1668,234,6814,365,345,264,325,200,389,1010,4880,599,371,3422,157,1278,916,1475,421,1153,79,134,166,377,470,807,935,70,77,477,280,394,99,495,415,237,367,113,95,666,0,662,343,136,533,420,707,1238,0,737,647,54,341,455,75,0,7570,402,164,319,497,419,787,952,367,646,2182,365,1391,244,110
216,876,297,26,687,193,3519,4,2165,90,57,721,10,58,230,1179,505,1569,12,2089,0,1346,487,1649,269,944,153,58,862,677,111,182,2541,0,914,258,943,145,39,0,105,283,374,92,3,97,247,302,373,769,1475,151,780,10,0,78,616,302,291,106,31,69,99476,125,388,0,4,77,1643,67,197,0,305,259,803,194,508
217,163,729,807,862,431,4763,440,21970,2036,1050,940,1420,187,967,2089,7202,3008,1082,3614,225,589,285,783,151,395,475,538,605,1307,1342,255,2976,1735,1204,1920,1560,409,121,619,740,798,470,767,7786,3824,137,409,831,759,1463,892,696,2074,0,1725,774,1034,1048,526,452,477,106606,274,714,372,398,858,6267,2408,393,241,4236,815,1854,1234,358
218,372,81,142,48,3,1156,2,771,199,8,0,3,0,161,747,530,908,26,554,3,3405,1684,4033,911,3001,1,14,5,66,92,3,489,8,7,267,106,123,55,84,626,27,3,0,13930,26,261,0,216,275,503,65,335,50,2,82,341,12,56,11,82,105,165444,31,21,115,105,32,859,77,4,9,888,303,8,50,26
219,675,15,521,257,10,2352,315,7592,278,203,514,107,172,44,669,2894,2815,249,1761,5,1059,614,1855,328,546,147,0,355,202,3,116,753,235,614,325,539,148,175,82,693,295,95,682,886,539,61,149,524,254,506,68,182,120,886,345,499,375,399,184,367,220,54819,45,286,328,31,317,3343,659,75,12,2199,172,469,191,7
220,622,225,75,6103,1498,4348,7443,11055,1619,400,1276,675,4735,3763,3196,3070,1877,337,3339,248,1482,535,1962,799,1571,1664,128,7448,1346,489,61,3820,23,2012,592,115,384,1806,522,1143,320,243,234,20886,1279,731,397,18,1412,212,207,465,152,21974,1497,1027,1763,892,686,186,559,191541,177,1730,287,432,11,645,1951,919,384,1159,443,525,564,82
221,171,0,0,212,111,758,0,2058,0,130,99,22,0,0,576,615,605,0,112,337,856,476,1462,372,642,8,0,126,174,2,0,271,174,11,0,34,112,83,0,420,0,0,0,2,100,0,296,0,37,615,2,2,199,11,1,0,36,135,47,204,210,13587,0,109,0,0,6,680,136,0,119,618,0,8,2,215
222,708,329,1869,334,463,3031,11,6314,1099,617,422,1146,243,1383,1044,6584,2010,833,2767,676,1190,809,2329,539,1248,56,1133,135,473,913,648,1153,400,512,3564,832,535,400,822,528,266,486,344,19708,2912,0,933,835,179,1704,363,954,1303,1,1156,1771,1291,123,845,565,75,19991,649,471,727,338,1008,2469,1221,350,291,2674,508,988,985,523
223,567,359,524,540,293,2579,66,4923,1070,354,168,336,224,420,860,1431,874,157,2379,289,422,219,1084,189,366,244,80,238,515,546,118,1380,756,630,766,674,178,239,168,424,176,526,750,6807,1174,259,296,588,270,893,315,385,558,0,1552,730,402,434,273,321,510,93766,680,355,321,227,149,3827,763,281,221,2140,158,603,454,198
224,1090,851,553,655,690,4491,261,7160,1054,229,785,749,462,908,1976,3846,1916,411,2519,259,480,602,1070,61,909,327,870,211,826,857,1802,881,303,608,2674,1041,130,345,1483,356,656,202,297,10257,2054,122,778,1086,364,814,717,877,1079,7,2891,1111,846,856,375,247,137,26814,741,482,440,786,534,2527,928,400,265,2001,372,1259,240,308
225,189,561,341,52,776,4594,293,9705,841,262,7,365,905,122,1550,5159,3992,657,5628,1,1413,1355,4141,857,2786,171,111,612,1097,328,236,1925,791,525,408,1593,235,568,586,1057,2,214,145,1,1343,251,409,651,1092,899,619,790,979,5,1488,629,639,378,455,1,771,42871,238,381,183,362,350,3825,176,176,4,2920,2,2627,1066,864
226,98,272,95,107,140,1225,0,1820,383,271,128,181,72,62,490,394,786,220,1381,119,1095,639,580,537,396,2,21,396,181,110,0,679,580,809,89,318,180,48,17,0,6,385,350,8,112,80,102,0,218,284,198,54,399,192,192,76,28,15,13,68,210,20889,13,286,240,125,374,1519,40,50,37,875,269,50,59,132
227,115,0,129,169,326,6811,247,5510,395,78,172,516,677,257,1274,2062,1624,302,980,0,1065,546,1143,496,1004,264,0,216,477,64,10,1337,655,49,193,405,181,447,0,327,5,709,111,41,329,301,361,243,476,293,36,136,363,1,466,544,109,157,108,33,264,47375,162,24,325,114,109,1738,416,144,94,703,0,571,174,86
228,801,1364,781,1281,2800,16040,711,58236,4251,3131,1219,4927,1197,5690,6044,38054,8961,2565,26055,2397,2007,642,2681,691,3177,675,3408,1382,4693,2193,2028,3682,1797,2035,10061,2711,1800,2383,4885,2921,2478,2107,1664,19695,7799,480,2806,3554,1993,5598,3682,5683,3539,1,6583,2205,3596,3720,2328,859,829,16402,1399,1309,3071,3575,3465,10887,5416,2101,1506,9532,2628,6544,1525,1812
229,415,81,369,286,495,3244,231,8434,646,500,259,297,496,752,968,3931,757,619,2113,39,1029,371,1655,370,549,43,13,204,596,252,0,1448,718,441,788,128,370,334,506,762,351,560,389,401,1242,251,220,375,303,827,954,413,686,0,531,229,298,1211,238,320,422,92370,174,223,501,702,46,4929,1287,306,352,2106,530,698,331,217
230,273,79,93,96,1,505,2,1777,163,4,3,168,50,133,236,474,651,20,205,1,1409,1041,1474,137,713,2,11,231,154,76,0,119,57,130,278,21,102,0,14,334,78,1,1,110,23,61,15,25,147,531,5,3,311,0,234,0,139,171,141,35,43,27951,201,92,10,0,34,720,178,28,14,851,45,303,69,2
231,2453,1658,1721,5145,1755,16767,6859,33596,3593,2035,3441,3999,5043,7009,8988,21301,6095,2145,15232,1760,2247,938,2196,446,1863,3018,3803,8402,3333,1974,3733,4534,2400,3618,5008,4477,1142,2408,3272,3589,3663,2314,965,14577,6115,1087,1202,2493,1728,2982,1979,1601,4612,29170,7428,1740,4191,3183,1982,713,1842,213000,1360,890,2639,2346,2780,4950,2351,1204,1822,10573,1324,3499,1577,1770
232,4,0,142,196,142,808,96,1559,48,63,119,56,113,0,209,634,937,13,844,1,735,531,1544,336,673,245,0,358,180,0,0,798,69,795,0,0,124,1,110,104,0,93,173,4,0,18,1,261,144,440,11,0,278,0,26,85,22,1,55,26,253,24929,0,43,81,146,0,932,162,5,50,466,0,384,23,188
233,1181,324,509,802,399,7267,198,15284,1511,515,1937,908,1511,1484,2874,8980,2190,709,4037,1523,1727,1014,2057,631,916,619,1597,324,1230,1964,818,1476,280,936,5133,620,486,677,4403,1198,240,1135,354,9662,9781,398,1027,2245,1239,1564,321,1335,2463,262,3285,1248,1447,1156,1301,476,200,36077,867,371,347,617,1014,1596,1115,815,43,3477,590,2593,288,356
234,4003,780,780,1603,2325,20294,1511,35195,4389,1493,1836,3634,2908,3194,7983,26979,5453,1819,9139,1997,987,792,2723,244,1590,249,2532,819,3276,1997,1152,3206,1072,1584,7078,4567,1086,2704,3689,2464,2402,2258,1925,16811,13890,1953,1755,2351,2032,3480,2380,668,3107,0,6665,3958,3651,1663,1957,610,447,184982,1501,681,1733,1892,1904,5764,2944,653,1743,7528,1691,4591,1228,1352
235,326,442,226,354,291,3336,110,11145,1854,406,314,712,462,412,2794,8854,1181,1060,3498,885,975,757,2138,421,1294,486,865,397,418,1458,421,1321,727,1019,1475,476,336,0,386,1094,877,268,1088,11094,4434,215,676,609,649,632,293,475,584,0,3513,816,1370,956,1327,287,219,104449,1162,488,875,275,1003,3755,1703,484,327,2729,539,1780,1234,276
236,94,2,4,60,183,1231,157,1088,152,0,268,0,186,0,657,554,1610,126,2206,2,685,655,1420,139,676,243,0,429,221,0,0,85,6,297,70,396,138,82,0,94,1,100,0,2,0,37,247,214,443,1323,109,147,126,32,0,551,0,44,11,0,67,12237,0,15,118,198,197,1125,19,94,0,670,103,444,108,88
237,492,6,133,135,325,3338,19,2861,70,140,210,118,174,0,774,2805,1840,323,2315,0,697,380,1031,431,848,155,0,503,537,0,115,1651,100,264,40,609,171,156,0,258,452,668,35,6,0,0,1,10,502,1727,119,120,78,0,110,699,0,49,117,0,169,44719,5,63,58,0,0,2520,49,221,0,601,0,1050,294,320
238,454,243,13,574,0,5020,656,6244,787,110,6,0,77,187,1400,3117,2040,192,2064,336,3538,1209,3096,1265,2666,318,0,239,1141,604,0,1448,256,925,1005,422,242,0,0,730,1213,103,184,137,349,58,0,257,548,1857,144,392,513,0,180,722,0,138,236,676,72,12353,6,157,170,527,283,1860,138,151,466,1947,251,1576,566,427
239,1,59,483,31,429,6264,428,16058,1193,431,32,872,80,1897,1839,6261,2771,906,8521,488,2760,1087,3237,1147,2111,28,396,571,1499,1011,766,1409,396,636,1359,1125,360,440,817,1047,829,58,610,26505,2764,667,367,443,1593,457,860,1134,1071,2,2526,2391,2651,408,350,68,126,17605,884,352,927,342,868,3949,1201,279,662,3310,192,2669,378,661
240,401,87,351,473,307,4067,264,8284,1481,136,483,95,309,729,1542,4413,2506,362,2096,297,2096,912,3985,743,1857,1,532,760,520,237,220,874,382,476,1488,515,200,120,862,1363,541,428,682,9964,3862,214,363,1720,591,1069,1083,750,454,0,1355,968,837,154,738,24,20,9806,311,12,1204,471,106,2003,1312,598,116,1469,346,1432,807,290
241,1962,449,792,2407,1594,12470,345,8650,3199,811,2114,653,334,1126,4632,7488,2554,1197,3554,1284,1613,696,2058,283,1680,446,1009,767,2696,552,2128,2327,202,703,3033,2259,1644,1246,2037,1108,229,1332,466,15708,4046,393,633,693,1171,2384,1217,1817,1629,1,2303,2071,1932,1616,274,196,468,67103,548,367,748,1439,803,2014,1306,924,301,2428,290,1329,232,944
242,23,142,82,7,33,809,84,2118,514,331,3,482,1,249,560,1157,1153,8,1730,211,2086,1456,3399,1581,1857,4,293,114,10,200,1,113,197,379,150,825,256,127,119,86,2,7,100,5701,83,17,588,129,453,419,11,74,263,3,78,494,206,279,9,177,212,50933,43,151,70,1,165,1154,188,1,50,277,63,476,56,2
243,97,12,67,476,229,2705,43,7790,637,59,497,89,409,918,465,3097,987,192,2621,68,583,713,1504,154,729,99,175,219,479,245,181,1144,191,66,309,1229,220,206,371,204,212,458,392,55,697,254,283,90,658,838,288,152,297,0,173,531,372,199,294,111,17,19336,173,59,326,248,91,1723,1077,438,71,1034,295,597,96,274
244,171,36,0,15,208,2870,0,6015,45,41,21,0,127,245,637,2452,2877,811,1531,0,2090,1127,3050,600,2735,7,232,566,385,1,0,549,4,384,306,1283,763,147,0,86,0,921,0,24,0,44,0,0,1848,1564,0,0,0,1,564,1605,161,1,118,0,0,8972,289,41,0,0,0,634,196,15,0,654,272,583,4,147
245,2005,1051,1288,914,1547,9752,998,24405,2459,861,2778,1771,834,3026,5004,19970,3751,1630,13897,1800,2141,1110,2883,536,1565,905,2279,1327,3468,1085,1144,902,550,1552,3562,3284,1322,857,2196,2653,1069,2405,385,18902,6812,913,1541,1363,2906,1842,2868,2452,3186,1,4718,4375,2027,1844,1023,85,337,18275,1381,83,1574,392,1805,5000,1699,1725,437,2427,832,3716,581,954
246,499,203,71,57,127,2612,292,3550,952,80,347,184,355,303,898,2246,889,9,1323,101,1711,722,1550,440,1330,48,0,125,506,404,136,699,922,329,215,620,49,1,53,288,231,167,504,25,1488,296,201,198,305,517,43,102,237,0,498,380,215,133,96,184,79,50880,67,315,228,261,132,2441,930,329,143,1893,342,403,205,368
247,292,156,37,1155,1600,13013,425,15978,1682,210,1060,401,570,1454,2834,11330,3605,681,4766,545,865,562,976,326,971,700,1281,539,2379,1487,954,2428,422,465,2962,2129,461,850,1621,891,667,2078,717,7932,8223,2028,655,1238,1083,2593,631,1593,1555,17,2419,1745,607,661,1299,310,453,43561,450,397,911,307,939,2818,2271,743,337,2615,584,2006,527,1055
248,444,587,359,993,289,4597,622,12173,1443,414,878,408,369,688,1500,5143,1490,740,6187,417,662,386,1548,224,614,370,250,219,760,742,66,1831,516,665,1255,223,285,219,944,1026,610,544,1570,6367,2541,749,395,577,708,710,947,666,619,0,1408,923,898,921,872,452,399,125983,593,658,718,110,376,5358,2181,221,235,1988,144,1947,438,991
249,257,13,333,469,270,4230,2,8668,531,73,1044,35,169,387,968,4482,4190,655,4023,403,1276,1190,2358,249,1219,527,0,722,687,92,32,1052,81,1879,207,2744,716,280,97,269,213,650,126,6,510,453,635,360,721,1999,135,600,765,3,143,507,627,218,345,7,7,24358,139,172,484,116,369,1508,208,244,47,1549,429,1758,157,125
250,1004,29,83,608,377,6487,3,3562,139,64,553,295,363,339,3385,2510,1691,230,1308,270,366,630,1407,201,736,326,5,282,893,17,0,1797,144,283,102,1179,393,519,22,180,145,721,120,127,133,128,84,585,507,976,235,0,308,1,439,1281,245,461,278,23,253,70932,7,209,138,255,116,1127,187,442,63,922,113,387,239,355
251,780,76,458,215,217,3090,246,6066,962,139,453,330,432,563,2289,3266,621,579,1607,99,493,267,1114,181,673,332,238,93,738,790,191,1235,639,78,767,428,132,251,238,132,103,395,357,8899,1127,415,106,68,341,302,109,395,217,0,1519,251,875,150,312,394,225,111589,150,90,479,171,171,1803,805,142,217,1576,25,578,198,65
252,84,290,123,339,375,614,37,2391,520,46,23,176,0,21,884,1205,789,215,1652,3,780,528,1727,320,1182,144,172,43,62,131,37,150,521,20,152,463,211,53,175,341,1,20,59,10765,64,0,0,0,259,188,249,74,321,3,502,173,195,195,332,271,7,70353,612,55,435,526,129,896,437,140,1,786,1,128,184,26
253,190,12,296,222,184,2492,140,9614,672,106,492,106,522,1012,830,6210,1506,308,3584,716,1153,615,1824,301,986,151,0,279,498,286,99,509,58,246,947,337,357,98,170,680,339,405,204,54,1598,449,611,851,310,647,178,457,960,5,740,294,224,366,406,12,134,17772,71,412,281,259,61,563,466,158,118,1825,306,1150,444,100
254,537,386,213,677,614,5496,396,13780,787,598,274,1245,251,1047,2796,8420,3391,430,6185,425,686,363,942,141,957,8,1374,800,1015,922,334,1645,573,647,2535,1327,587,132,1041,412,689,387,242,6942,4267,371,978,1494,551,2072,911,1358,1137,0,1473,1114,737,828,470,229,407,60697,259,155,286,430,570,1573,837,181,442,4257,662,1649,947,953
255,494,43,0,629,133,4284,230,8169,649,189,206,184,244,1009,801,3760,930,335,2368,109,1529,722,2761,569,1552,2,141,272,1279,571,276,960,428,400,698,944,412,517,152,715,521,339,349,11614,1859,466,0,39,513,1127,645,349,1282,2,760,93,382,592,233,89,417,7671,40,72,251,847,420,2921,1207,297,451,2870,211,461,69,98
256,322,298,67,1727,931,3395,2856,9055,737,112,531,289,1395,1713,2114,3378,1292,243,1799,352,249,316,902,220,347,881,451,2280,562,663,490,1996,226,580,892,657,394,433,786,1223,1024,614,469,15148,2580,425,918,612,363,798,576,739,680,9090,1038,793,1287,507,696,217,522,72927,341,502,472,899,280,1003,932,429,151,1319,374,726,608,282
257,249,232,202,455,248,2972,129,4167,469,55,344,207,274,2,831,1946,1450,58,2275,187,1367,976,2417,338,1278,319,0,349,477,142,159,204,30,2,432,1374,554,83,58,553,334,768,0,58,0,82,93,421,650,1249,237,144,585,5,105,912,239,181,181,0,165,16206,13,0,26,215,218,1018,359,335,169,960,203,1001,3,291
