,0,1,2,3,4,5,6,7,8,9,10,11,12,13,14,15,16,17,18,19,20,21,22,23,24,25,26,27,28,29,30,31,32,33,34,35,36,37,38,39,40,41,42,43,44,45,46,47,48,49,50,51,52,53,54,55,56,57,58,59,60,61,62,63,64,65,66,67,68,69,70,71,72,73,74,75,76,77,78,79,80,81,82,83,84,85,86,87,88,89,90,91,92
0,136,1174,36,13,146,173,36,13,566,490,1547,157,211,35,336,251,403,61,183,17,305,700,475,67,178,438,89,8,72,15,240,207,248,489,90,88,26,1714,18,9,57,502,88,196,889,670,487,203,114,2,3,95,6,1592,3190,330,1128,431,260,589,1317,126,1394,17,44,178,5674,28,60,38,143,104,51,227,59,42,566,209,70,23,71,19,69,1,3283,3,146,0,80,13,167,65,112
1,366,2029,1164,185,287,1740,2054,270,732,6035,450,2424,1338,222,2032,4146,674,596,1614,3506,994,585,1106,359,462,1298,1761,973,360,1361,594,3254,198,561,859,528,531,355,1045,452,1170,1939,1155,793,419,425,612,4113,969,2786,991,330,172,1757,5839,834,4060,188,389,144,800,393,810,1216,4055,311,110161,201,3571,1151,7832,1390,873,1737,866,781,1671,738,1408,906,876,465,151,447,880,268,1746,852,654,739,477,1157,305
2,137,284,0,125,103,159,120,2,115,1087,182,120,9,138,32,1051,0,235,0,0,1373,1025,2277,0,403,1279,226,88,215,9,20,2,42,290,0,42,76,0,132,0,207,388,91,45,37,46,51,677,151,0,0,83,95,266,616,0,175,101,61,61,706,5,175,252,91,162,1972,142,216,12,52,382,0,107,0,70,140,169,161,1,155,0,166,0,641,0,218,23,46,0,119,117,71
3,1441,1204,0,1,302,199,277,0,1239,5582,835,264,254,81,1330,3833,678,97,948,1,2679,3110,4705,899,404,3580,188,50,1566,261,652,2,202,690,90,1201,7,19,96,269,0,904,27,402,61,821,324,1318,1670,462,0,63,0,4284,4003,1060,2056,379,158,403,188,355,418,897,1446,533,86807,386,374,513,1736,774,0,882,923,538,485,780,317,399,763,0,262,749,1099,224,36,0,1132,339,138,801,1345
4,64,4075,4112,2516,2482,402,7,2173,626,15587,2806,620,4246,3842,1895,1896,3628,534,4628,2470,5891,5373,5431,50,1883,5457,1796,2321,559,3246,551,2,1364,525,2786,1792,2209,2287,3079,862,363,2112,2722,2226,990,779,8376,8562,2609,488,0,2929,4295,16986,17139,2900,13449,1329,2133,1473,1524,3267,1855,7,16020,869,119606,4087,1694,338,21808,1609,2882,6930,1531,1549,3585,2,996,4154,5444,4036,2478,2056,2408,5288,2594,4181,2941,1420,918,9584,3049
5,2155,3270,4057,519,690,1466,3221,47,1628,15102,1667,1294,912,1259,589,7849,1565,1248,7516,1125,5019,2480,6768,713,1594,4508,3144,30,222,4508,2221,7063,473,1690,2144,990,1594,371,3393,2504,980,1982,2870,2342,1770,791,2229,7679,3940,11237,1369,2084,2237,5844,9610,2795,6257,424,1614,1229,1,1329,1662,513,10696,1050,459992,1244,2378,622,6070,1731,918,2716,1612,1736,3034,954,443,1127,778,951,575,758,1240,1971,2593,829,2691,3626,1942,3282,339
6,2580,11760,4721,1833,9,381,8170,2575,6070,22847,1546,913,6892,418,0,10443,1841,1237,0,2050,8389,3879,20996,0,1855,5258,6055,785,375,3238,1718,0,11609,3553,2496,1320,1476,223,10200,9389,2759,8131,1802,1299,4410,4780,6049,32300,1072,0,517,2747,5389,12810,8247,3662,13745,1704,1748,1693,5423,5499,3445,1,11314,1015,527318,4400,4038,2483,22694,4277,2698,1192,403,11,8776,7,1916,1,825,975,0,1035,6418,2010,4729,1047,1934,2292,1643,3127,3532
7,79,784,214,71,81,7,190,75,774,4310,975,724,122,63,177,1060,127,482,69,11,2810,1162,2921,206,1123,1475,710,0,426,627,376,1,3,425,94,13,261,161,372,129,107,183,106,83,0,112,413,1917,468,0,0,120,16,1739,1659,460,4,429,289,300,334,0,442,1,1109,194,3754,60,194,0,173,50,0,135,144,306,589,72,623,240,1,1,0,32,2240,48,566,209,64,412,203,46,302
8,913,5327,3059,3380,439,2325,4223,1998,8422,21160,5923,0,4406,5695,3969,17271,6182,3741,4485,5677,2405,1611,2447,1373,940,2272,5090,11059,2257,7938,3209,1377,4634,5171,3811,2444,3345,1469,21908,6189,3563,5122,965,2631,3531,5026,8468,2940,5007,4823,2969,1192,6750,20063,37618,11198,21613,2538,3787,2071,5472,3792,1793,29,13166,1170,45088,3707,4640,1586,23748,1558,7654,6165,521,3033,7225,1267,3268,1440,4116,4428,7236,2943,2928,2863,6398,2349,2796,994,2407,4820,4800
9,358,28792,22743,2413,2,1609,1393,4566,8934,10250,11002,0,3132,8447,6573,5608,7442,1390,565,6340,11740,3101,10586,1487,3379,8026,3401,1349,3195,5377,3138,4211,1371,2261,7993,5462,2743,970,13304,1074,2080,6057,2375,5640,1499,11314,3198,2182,6505,1383,1609,1157,1619,40724,37926,8985,16866,3412,1560,3939,4324,1503,8,775,7937,2315,351589,16512,1915,1790,3098,482,7588,15969,0,454,4467,868,2980,2237,11143,4222,16534,363,3117,10244,6294,801,2630,6514,1866,1322,5389
10,1343,6999,1931,1606,2472,623,1061,292,726,18761,1156,827,937,1094,1068,2504,1519,636,5132,68,6617,3788,11965,2571,1686,4586,2992,1315,423,3498,2138,0,518,1436,1390,1267,926,666,1887,0,781,2338,1225,875,1,397,3387,6820,1383,475,0,1714,1298,5461,12469,1669,6649,883,168,1578,2213,2026,2720,845,5922,2060,24397,2107,5050,1284,8129,1299,802,4261,365,926,2844,814,968,1640,824,600,329,2921,2537,2050,2149,491,493,1963,595,4069,1835
11,4335,7323,2808,1445,4755,3756,3453,0,384,18955,5536,1080,822,4016,2523,16536,1590,4,5889,1903,20836,5139,17996,1973,4528,16756,7111,10479,1717,0,3869,19027,1719,217,3682,1812,1362,2778,5231,2298,2175,5688,8436,1335,1221,574,4713,16484,2379,9687,939,34,11,4443,9917,3292,12403,2373,1690,1142,4323,298,995,5,12158,863,559542,6031,6404,4193,13373,2409,177,6400,1880,3225,4156,3933,1345,7,205,0,2324,2756,4007,10,10076,0,6132,1,2748,7699,3252
12,584,1699,168,1,541,343,2479,362,2695,3976,942,1517,1581,1010,343,5286,527,656,146,1125,1901,933,5097,260,797,2558,1540,1436,749,2579,3002,4654,454,1380,157,217,690,1154,4132,316,511,343,262,2168,452,494,1736,5566,1404,74,101,1765,869,4733,9165,1667,3000,876,133,158,818,1154,867,3065,3737,500,139340,621,1529,401,2581,934,335,1999,217,294,4520,2511,688,906,67,2086,689,353,1186,802,1497,0,1678,361,371,1561,1073
13,4,1198,516,303,145,729,143,1,496,2460,638,337,421,308,75,1527,143,274,26,7,2439,1784,3506,374,977,2258,574,9,314,352,308,0,59,339,265,405,181,0,282,402,1,430,413,76,1,505,537,1376,248,21,21,472,437,2611,2163,5,2872,177,16,285,1340,188,202,469,1196,757,36871,975,217,0,496,364,312,502,75,68,157,442,724,0,1,114,1,0,1241,16,521,49,121,104,171,256,0
14,254,9090,1232,2425,2286,515,1185,1383,4017,12893,928,226,1648,51,1012,10243,644,1883,0,1849,3852,2441,6471,369,1204,3010,5740,1323,854,3057,3423,2629,6075,1258,1353,1058,1758,1800,8113,4749,1012,4328,1468,892,318,2025,3073,11104,2704,5145,2210,1002,191,15905,13404,4799,4759,1527,862,1195,648,1447,516,737,9559,1124,104351,489,3571,1450,10538,3520,2111,183,1916,683,3727,1015,1338,1298,914,283,812,994,3975,1491,4541,692,609,80,735,2258,1050
15,44,55,128,1,72,71,38,2,493,434,392,9,30,0,12,402,0,2,11,40,1158,1778,2828,37,896,1779,129,0,116,326,746,1,318,77,123,15,75,1,58,0,123,315,163,48,0,89,0,179,50,0,8,0,214,160,903,92,40,58,259,95,218,14,222,2,251,47,3140,4,18,0,499,230,1,178,12,3,417,133,310,0,1,98,0,29,819,80,210,28,59,73,112,15,39
16,230,2040,49,156,80,563,415,41,623,1806,673,805,0,2,729,1120,217,186,19,411,2511,1672,4341,416,1395,2134,584,23,151,177,252,1647,321,368,1,94,126,796,458,317,130,309,349,686,37,237,101,1153,260,166,364,0,124,292,1428,183,3469,95,167,161,552,528,304,363,1103,183,67146,34,214,75,419,2,189,320,155,3,3,193,1060,219,121,70,167,0,1107,0,586,37,58,208,173,0,0
17,57,14,289,339,3,295,132,213,598,1511,496,0,28,283,20,454,443,121,124,38,1971,1677,2622,1,706,1802,91,1,11,0,88,152,89,412,0,179,5,42,1120,1,110,289,129,171,260,455,509,247,117,0,29,359,21,2064,1248,525,5,423,158,142,799,0,173,0,1367,134,5628,114,293,0,236,216,32,78,0,1,866,186,71,122,80,311,0,250,335,131,1091,49,73,71,327,30,407
18,146,508,25,372,258,740,36,58,669,1301,1048,0,127,54,41,1291,387,356,33,15,1850,1487,1472,327,285,1453,51,139,711,90,515,0,161,267,71,102,76,186,702,148,72,37,136,186,75,436,612,677,107,0,0,210,0,1578,3079,478,3429,206,346,135,135,158,220,156,332,51,3823,82,328,263,485,98,137,349,40,655,386,0,535,408,831,78,477,9,1158,200,385,23,44,254,147,132,141
19,245,3429,558,769,559,391,1044,394,494,3597,522,450,601,435,358,1158,729,165,892,133,984,766,1682,0,311,595,633,1365,375,487,693,1076,363,257,745,235,291,113,885,131,380,1378,742,236,334,240,538,3741,313,574,190,201,128,1512,2929,588,2530,525,254,240,278,602,116,217,1986,188,49079,166,952,222,4298,35,854,322,481,1320,738,354,500,118,939,1074,579,249,579,726,906,126,313,307,127,3174,485
20,198,459,1495,352,57,1455,115,229,375,1463,493,228,57,164,478,2112,337,199,123,1075,1911,583,1734,1,559,1212,424,98,142,148,294,5533,172,269,5,127,36,101,309,69,252,100,350,358,1210,160,468,858,606,889,449,331,98,537,2448,192,3343,386,196,228,1916,365,201,73,808,104,18425,83,74,37,633,183,222,115,91,83,1042,281,223,136,107,114,109,285,992,0,1323,301,120,126,262,172,125
21,718,6042,2976,15,164,3156,621,405,420,4747,1828,0,1620,1053,1167,1929,2138,995,300,1103,1095,717,2146,581,186,1129,1399,787,693,2353,997,4151,299,303,469,513,466,546,1887,518,327,1178,499,440,802,366,1541,1656,893,281,807,433,422,4325,7818,709,1013,706,574,215,375,454,164,1303,2087,301,104684,867,3962,1429,3707,118,335,1840,595,1192,1153,467,72,778,1422,1213,1506,26,571,1006,3266,400,423,2313,115,494,619
22,775,949,479,0,576,1234,564,231,167,2679,142,489,1339,340,1298,1344,791,120,803,1812,882,1489,2386,0,583,1734,372,258,848,262,928,4443,134,541,154,84,310,204,643,258,642,655,1304,922,140,404,798,1734,634,1116,907,531,289,565,3290,334,949,368,2,296,413,275,712,604,1918,226,33677,298,990,250,3065,490,22,611,244,773,974,847,419,133,1036,503,212,714,275,269,1297,1539,403,387,238,1203,149
23,315,1857,112,255,107,1294,445,479,915,2163,742,0,68,282,898,2375,535,176,247,270,1934,1553,1816,164,528,1199,877,179,756,722,531,0,466,288,247,241,171,214,1452,209,175,685,267,503,233,359,588,636,157,195,7,183,414,3119,5163,357,2955,657,275,261,517,427,429,0,2145,118,14239,358,323,19,1632,248,802,378,123,342,1435,114,484,230,358,237,300,105,1015,257,298,176,1040,511,212,194,653
24,544,2873,513,0,561,1083,1031,141,510,8328,1644,587,1213,336,1269,4446,1080,94,2697,548,3206,1865,6602,1046,857,3059,931,649,476,1284,2225,283,64,78,350,540,239,439,416,2,616,904,451,116,74,300,1532,4854,878,806,0,376,514,2135,2522,1146,3183,399,209,157,874,500,578,677,2591,332,99025,997,521,680,2819,205,73,1663,748,406,1542,503,924,214,542,3,19,4,1023,858,1920,27,455,1209,408,596,889
25,95,1933,1300,1461,3567,0,900,986,957,15132,1146,2682,216,866,880,5186,490,1594,0,1505,4521,2545,9670,792,2807,5840,206,1053,546,1959,625,1200,654,1662,1096,318,248,994,1206,246,612,1277,1795,262,588,507,1185,5285,3118,2350,1615,0,115,4141,5366,1609,9259,234,297,623,315,364,518,35,5455,760,70809,772,5263,753,2441,1364,16,1440,259,2207,111,3015,1185,1186,0,797,0,0,1035,663,5,136,115,395,327,2200,35
26,28,394,10,35,215,0,9,165,530,1059,615,286,12,137,107,429,135,232,0,2,1623,981,1343,105,244,1626,190,33,128,290,117,1,16,250,45,91,67,82,231,343,26,127,244,63,0,26,114,594,207,1,0,98,0,1047,1065,181,20,70,90,257,66,274,263,107,165,36,2135,24,110,3,344,106,87,143,116,66,437,1,79,0,0,42,0,9,1075,99,42,24,24,49,87,45,158
27,1028,11060,1815,1774,532,2304,2428,2099,1606,24007,3007,3484,2017,442,737,13059,3038,3153,2132,16367,3980,3849,8713,774,1061,6597,4942,1561,1922,3156,4219,1487,716,4606,2505,1363,1910,1053,1505,139,1761,697,2602,9892,1479,443,3673,6446,4886,23709,2957,2254,608,9703,16245,3911,6143,1079,1266,858,331,1265,908,3542,14879,2717,135838,451,4360,1690,6773,1259,455,1108,2614,1110,3536,2278,3326,814,351,1135,123,2221,2620,159,7109,4723,1808,1817,1683,3100,1850
28,1993,14724,6380,2822,494,0,381,4071,3154,32274,6368,6132,4716,0,8778,18216,8630,3278,671,192,15431,6450,29071,480,2733,12612,4386,7030,19,7775,5717,1,4079,2452,4275,5792,1499,202,14339,4296,3296,9060,4531,2530,7218,4746,7044,27946,992,0,0,860,4940,25893,34665,5917,5817,3831,2885,1734,1909,4821,10030,717,29158,2857,153368,2429,5889,2598,13825,6010,8,6343,609,2567,9669,2521,6267,6517,2512,4267,5756,31,7183,1477,3460,10,2740,4470,2779,16327,1924
29,659,3048,2623,221,0,1150,48,331,769,2256,89,362,6,368,1239,1825,1639,83,286,1568,2521,1179,4654,537,876,1728,717,198,57,583,956,3276,691,892,431,104,988,714,1448,0,808,959,335,394,747,715,977,1813,219,1214,345,132,114,2268,3654,213,5331,821,914,436,2468,261,469,119,3478,63,52446,128,80,246,627,411,196,642,3,20,1779,119,327,391,588,117,113,0,643,205,2706,61,409,1137,267,8,697
30,0,405,2,0,1000,0,0,4,401,361,429,0,0,297,0,1,204,162,362,0,4022,3369,6151,88,605,3256,76,0,0,0,0,1,263,40,0,334,9,2,0,0,1,38,26,60,0,314,459,0,224,1,0,170,1,0,3,26,4508,321,115,106,11,0,0,508,51,41,12827,0,4,0,1,8,0,0,0,0,1322,252,286,0,622,0,13,932,295,46,124,0,0,119,205,767,1
31,0,418,38,0,263,3,63,1,103,1012,1,50,0,0,179,1567,0,16,40,2,2949,3902,4969,10,1123,5257,14,0,196,5,320,0,0,8,0,2,0,119,2,2,0,0,427,276,54,131,172,64,1,0,89,0,0,401,1215,1,259,220,26,770,343,60,251,12,331,374,42482,44,523,0,632,124,0,180,169,299,68,55,39,3,0,0,0,0,901,0,891,82,0,81,134,713,0
32,14,419,2,103,131,1475,5,0,320,761,381,201,2,2,478,413,0,241,50,1589,2947,1610,2559,0,395,2534,234,93,252,41,684,1784,128,726,107,325,0,51,19,370,285,229,236,61,438,218,193,417,1,635,811,105,0,339,399,95,8669,103,61,44,1673,0,485,275,555,221,38104,119,199,186,1408,334,0,9,405,189,430,105,875,215,227,1,0,0,983,1,522,149,176,31,223,377,14
33,2217,28064,16012,4434,7275,25925,188,8745,7365,63652,15836,9689,1436,580,15343,35505,9643,4566,2707,35199,10259,9826,10784,1947,3990,8843,19340,326,19,11868,2002,19563,2941,12390,2301,5566,8800,9061,23841,10534,8939,5125,11032,6240,7990,2198,17674,25617,5057,7995,32385,1971,5781,7142,24257,7878,18158,5818,4214,7936,21905,9850,14037,0,36986,2594,124769,1790,7312,1608,9468,7578,5196,18725,3471,2421,5223,454,7448,4123,734,6352,2767,6822,11415,1332,22440,10950,5313,2165,8509,14732,8767
34,2,2757,548,337,535,615,40,625,596,3631,623,855,413,224,351,2621,398,778,152,138,2189,1857,3047,277,546,1471,416,9,169,600,453,4,316,441,117,146,968,262,622,112,44,932,339,400,2,242,348,944,571,103,0,355,42,750,3468,612,4384,535,306,463,172,215,439,11,902,128,22619,56,80,52,479,793,0,850,287,58,1312,558,604,413,1,272,58,440,1730,260,1523,1,704,640,152,612,507
35,368,1230,676,0,3,304,320,373,696,2535,1337,463,0,467,801,1590,772,529,0,16,2547,1699,3278,225,420,1868,980,0,29,259,282,3181,108,379,224,295,0,2,1875,80,754,323,89,546,356,266,215,722,391,199,1001,263,134,836,1036,514,1399,1,192,394,802,711,305,603,450,425,13418,25,308,23,969,98,33,379,0,106,718,13,430,236,5,545,0,0,739,263,831,16,171,125,723,223,17
36,1,3700,12,0,1,168,570,1561,1795,4634,2150,0,0,0,1,2905,1090,943,3055,3818,2640,2081,3070,0,1044,950,1442,0,0,0,553,2237,2,676,739,0,1,2,3223,512,518,2,2,0,1,657,0,187,1,220,86,1448,0,0,6545,1156,7527,0,79,1219,0,0,0,0,2516,479,292991,1295,288,0,0,105,1603,1476,2817,1514,0,1087,859,193,407,1,1895,2846,690,0,1066,0,6,76,338,0,565
37,50,508,14,0,0,37,391,303,88,1060,262,58,41,0,182,644,51,204,43,30,3008,928,2525,661,837,1646,1,2,21,0,592,1014,162,168,0,2,154,0,0,2,58,205,4,0,168,93,84,379,0,343,386,0,0,114,304,0,1045,99,106,51,79,0,28,135,2,6,84559,27,151,0,132,3,19,0,0,124,0,185,56,0,0,60,0,0,254,65,11,94,81,0,216,99,186
38,808,9726,2321,1306,788,9271,1952,2047,2877,4808,2378,300,169,1,512,10378,2612,1627,5269,15624,9266,7968,11538,999,3776,7526,4440,38,2877,14,5962,19355,664,2903,33,829,672,1246,882,5,763,1527,1055,1412,1597,255,2631,9374,924,13659,2936,1056,789,924,9266,1252,11817,1532,488,429,743,606,551,126,6627,307,898749,86,5367,1407,9509,746,4741,2178,6786,77,5123,1083,3281,0,1,112,353,3261,3080,0,6758,0,1158,2,1965,1028,2128
39,255,3818,2739,335,80,999,322,113,383,3169,372,0,698,129,1322,788,913,138,1204,3749,2076,1015,1148,0,447,1808,626,373,369,0,1113,9119,134,345,152,541,151,0,587,515,726,768,434,273,238,420,104,167,167,2806,614,433,136,917,1263,27,889,117,47,76,340,225,135,0,580,143,41546,368,239,625,3354,0,955,620,234,0,469,379,203,279,12,496,48,220,144,133,1053,796,155,159,184,769,0
40,1822,5981,748,309,4445,586,2905,1947,2672,21684,2404,2264,439,171,27,5222,0,2756,3229,3,9207,5138,13456,383,2310,6667,4105,361,2353,1300,1417,1,1909,1122,1410,1881,886,2114,3,821,381,4219,183,364,447,979,2008,17950,59,26,0,1,21,4012,6137,3611,9825,580,199,2350,497,299,535,23,4669,580,346675,2527,2483,3856,5052,3130,145,311,2581,4473,2979,612,2948,6,700,4,0,44,4126,1625,7800,717,60,1313,591,9,0
41,945,2900,4449,147,2613,0,1296,469,1946,16023,1214,1718,2336,752,2399,7637,3949,2153,0,0,6562,2284,9711,711,1088,4597,3889,4925,227,3967,463,0,3357,1648,2882,1132,316,1447,4413,1979,852,2119,6,1924,898,684,3815,17337,3401,125,0,3096,268,11863,4990,4166,6458,782,2518,669,2760,3157,2855,0,12670,496,104875,1653,3230,1658,19588,1674,610,543,448,3180,9419,2841,374,2832,0,805,99,0,3838,1929,990,138,740,1256,884,8939,1189
42,3667,14351,3339,5390,1475,147,3892,4603,2995,25986,3349,3620,692,380,3003,19162,8773,1534,19087,3602,11169,4645,15321,1648,1375,11804,3849,7995,1022,0,3794,5819,2972,2607,3218,2229,3665,1218,4129,922,1378,7102,6746,7219,2960,353,2819,10928,3200,14661,2189,523,1756,18073,16601,6038,8401,780,1501,623,7477,560,2416,2333,9375,1038,773808,4411,9508,672,16632,1896,176,6627,234,5907,25,5590,3335,1413,0,1934,1019,0,2022,1096,2008,738,3606,0,2244,5850,0
43,4674,2958,2221,5188,1557,1789,35,1282,3351,37912,6846,0,946,6853,4932,3629,6572,2287,12397,582,9369,3040,28338,2737,2054,15387,8460,2371,1644,3576,5061,0,1950,2544,2182,1973,1375,1217,5039,2107,1891,8176,5676,1676,6645,2703,3041,22531,5073,363,1,31,2228,10148,27316,9360,11714,1505,2434,1858,9785,2967,2790,7930,18973,1159,318130,5226,22308,5962,21560,6485,1132,2122,1020,150,6028,32,1793,1439,136,2334,974,9420,5597,2481,8588,0,3005,1170,1502,4957,3555
44,225,229,248,21,0,476,9,2,364,253,657,1,0,43,18,183,125,30,16,80,1624,798,2292,109,737,1806,443,96,164,250,211,1,141,254,33,346,92,220,220,432,0,113,166,99,0,412,201,232,241,0,0,0,9,1482,2369,135,40,64,490,188,15,0,13,41,206,222,3940,7,241,29,313,0,32,311,0,200,294,0,37,53,83,4,237,11,510,3,2,202,9,251,35,30,223
45,1474,7204,3639,414,1154,1681,7031,139,3378,10321,4278,0,2457,3783,4166,8304,5754,1890,2085,2016,6095,4357,11438,90,3254,4940,2774,10347,2475,4439,1272,6575,1669,1387,4228,2164,2188,1247,6557,3208,2276,1894,1889,3623,3874,2059,2714,1462,4948,11307,542,386,1975,17123,19176,7173,9404,1681,2481,2162,2823,1484,440,2112,14601,1251,33845,3309,4200,3016,14623,725,5141,7407,1100,1377,5310,1347,3399,2244,3146,1622,3206,1819,2232,632,6098,3684,2023,3325,1549,797,1620
46,3095,11994,4071,4656,11504,3136,2233,10446,6057,76684,14268,3429,7992,2601,9097,28165,18205,2100,12136,1653,11988,5307,21001,2049,8799,11900,7521,5035,813,5123,5835,5909,5829,4650,7636,5449,6630,7,9328,3153,2837,12299,7169,10278,5514,4370,9069,31405,6411,1426,873,6056,3863,49626,59592,7318,13915,3469,5169,3666,7462,6054,10819,4279,30228,5586,256181,4537,17322,5511,31959,5799,3422,8900,4919,5107,4650,8227,4238,6579,1798,3324,1542,1085,8821,4758,16560,998,7589,5431,2763,19123,8105
47,86,945,79,278,298,655,21,271,441,5882,629,980,3,403,610,2719,787,407,530,116,3071,1808,4583,1014,1175,2914,600,273,693,680,690,79,222,655,94,329,511,536,1219,1,124,1161,553,306,416,576,1202,1671,436,162,1,1,184,2213,4619,1558,4093,269,563,493,1008,377,924,0,1501,384,44636,110,87,1,1085,397,426,499,123,115,1431,318,390,210,85,506,106,38,2188,341,390,162,234,174,912,680,409
48,41,276,21,101,10,25,71,0,214,531,104,128,22,73,47,176,35,148,0,135,1652,1120,1216,209,351,1206,55,0,199,132,209,0,40,26,101,31,68,3,41,136,82,280,54,39,0,23,58,233,55,9,0,9,25,459,208,244,840,0,0,78,23,101,114,17,152,65,3423,222,1,156,162,35,73,29,203,194,291,29,100,0,90,35,0,43,722,34,343,114,9,32,73,205,0
49,534,8693,558,172,4,665,1329,1,2413,25202,7213,5106,895,407,1359,9323,1143,2193,1046,1,7664,4930,8343,19,861,8120,1718,387,1592,422,1589,1,810,1420,2374,946,235,1378,2315,890,1076,1256,1428,1961,725,1357,3439,14290,3468,2,1,771,0,6358,15531,3048,8764,2766,1400,1335,604,535,3500,623,3985,801,154343,1112,2686,925,1054,2776,265,2737,439,1011,6292,1593,1389,2663,1297,565,1469,2563,12167,177,6015,40,1236,2730,741,3039,4444
50,194,465,356,361,685,0,4,716,768,4129,510,543,9,456,4,1917,604,338,0,316,3094,1859,3167,717,1633,4369,1663,4,226,249,207,439,550,441,29,283,217,64,339,202,168,742,278,289,528,414,70,2213,887,91,33,96,135,2489,3564,493,5,363,350,830,408,602,197,26,1618,163,6897,0,583,27,188,156,22,598,378,52,1057,800,336,432,148,380,124,0,3143,125,162,189,379,1,527,128,365
51,177,639,428,0,326,185,0,280,613,3487,1247,136,200,241,360,2204,381,6,161,295,2328,1948,2902,193,317,2224,254,56,394,634,140,521,89,210,187,177,0,996,956,701,209,401,441,196,64,532,960,1675,444,110,2,24,0,2277,5246,469,136,531,539,558,157,229,724,119,1461,209,13104,103,403,54,209,48,1,592,106,94,1101,240,4,55,65,210,494,213,1865,37,553,238,434,13,468,845,533
52,5,402,243,377,94,970,55,443,203,3911,416,258,12,304,269,809,403,133,189,228,1300,571,986,1,511,1410,710,10,75,306,26,0,133,313,62,84,138,83,548,86,271,377,76,230,87,166,199,0,303,1,0,100,171,1073,2099,266,1345,95,96,121,257,67,228,0,2685,118,3438,42,368,79,497,55,0,412,88,111,740,198,129,0,0,85,69,73,681,17,843,208,213,414,48,199,171
53,18,1925,69,952,0,19,182,38,2786,5842,2572,0,0,1589,603,2105,1263,863,22,618,27,405,723,11,9,817,1373,341,513,44,477,350,0,682,1154,171,9,0,1997,1194,172,1298,835,260,1126,3215,855,178,748,585,418,0,767,7829,7642,565,17155,107,45,632,1006,1227,0,34,238,73,60567,652,1820,1299,1404,0,882,2335,220,19,899,1176,364,3,1158,775,2698,426,1275,953,3516,1260,0,84,1142,0,883
54,0,1041,87,4,4,0,0,466,34,138,252,164,0,493,0,0,342,914,0,0,2276,1865,2402,603,754,1973,447,1,977,253,0,1,24,176,2,122,39,1,0,0,213,258,18,89,0,0,558,0,1208,0,0,134,0,0,0,0,2232,149,0,52,0,0,0,47,20,0,4452,0,1,0,0,0,0,0,0,0,536,225,176,500,0,114,126,328,746,241,145,0,0,111,209,0,0
55,1055,2664,957,1169,2547,790,2092,1207,1694,12849,1690,0,541,767,1197,4096,1134,1048,1578,201,1803,1139,2913,1027,638,2267,435,966,418,923,1212,3,754,1034,1535,1149,459,124,2740,1079,345,1319,873,753,364,916,2520,1395,1052,156,2,707,1161,10736,15041,991,2435,979,1092,412,361,1254,1114,1352,5787,573,30867,452,2641,695,9203,0,1178,1021,240,3036,3007,453,1045,775,700,1648,1529,958,968,1002,1882,401,1241,345,197,2895,726
56,67,3611,1284,1095,1043,117,140,453,414,7871,1366,2833,1060,1258,1327,2832,2176,594,1183,1725,1359,1581,3496,987,302,1565,1647,790,1079,1407,827,947,530,1434,966,873,401,909,1977,43,774,1919,584,1219,105,238,678,4064,1,1972,215,1871,409,3274,5477,615,1745,683,994,514,793,455,2104,618,4715,495,87688,284,3009,269,4055,1812,492,849,46,679,986,763,595,585,5,701,840,903,1572,782,1440,206,1069,1932,279,2441,259
57,694,6688,2365,1577,414,1534,3654,655,6384,27704,1372,2996,1176,2066,2517,13174,1823,2403,454,12416,3873,2596,5331,1447,378,3034,5496,1801,944,3896,1894,16127,2133,3564,3858,1597,1958,268,9349,5100,1525,1044,1736,940,2505,1769,3639,11684,5168,8866,7531,335,2424,8381,10795,5410,3852,643,1145,1263,2002,2505,3765,4328,14015,2586,165441,846,5043,3492,23348,2029,2848,1071,6199,4731,3477,2769,4346,2854,57,1285,985,938,4316,2155,2639,2840,1548,692,1656,3533,1948
58,1408,16277,5073,1394,4127,953,1656,1270,1249,16966,3698,2,2836,959,1607,8740,2812,1539,17006,822,6713,3658,9586,3162,1624,5195,1410,2195,2578,3490,3098,0,1964,2822,2982,3818,1570,510,4259,881,1084,6353,1495,2559,2396,1715,2902,12803,820,173,0,2157,2526,12452,23360,2939,21488,477,1694,711,2278,3819,1114,778,13404,2256,101438,1255,6167,2591,14937,4987,1473,3521,4644,3695,5998,1836,1248,1634,3482,1330,3811,1070,2783,1794,5877,1003,5039,223,891,7503,2964
59,4322,13177,4309,2001,2,2331,5559,3155,3185,9866,2932,2361,3498,690,3761,17043,3116,342,19386,11419,11634,3329,12793,2541,1709,9356,9204,7162,20,5918,7408,33498,3128,1886,2121,1838,2494,969,4957,2,1338,6361,2089,3329,3664,2774,3405,11499,4726,8750,2565,12,0,20187,31688,3730,10823,2067,2254,2312,3181,3596,1383,4024,19780,1703,790968,3571,9671,2645,14007,2997,7635,4923,2060,3827,9574,4478,395,1703,2256,5775,467,2219,3988,2873,5759,1375,2462,1931,1752,10550,3806
60,5487,16810,4839,1935,3469,2091,1692,1442,3763,22660,5491,4598,5303,2010,1592,15956,3957,2566,48,0,11235,5428,27530,0,1548,15707,4170,1114,370,5456,33,1,3370,653,4137,4358,3128,0,8304,1956,15,3563,4176,5337,6154,1777,6047,17213,6798,309,0,0,1444,19445,33727,3767,8184,544,2412,757,7115,1419,3166,0,17167,5535,394936,4363,8353,4024,20730,8462,12,7815,173,4007,6901,2048,569,3150,8601,2190,0,1008,4467,2778,3749,4035,2437,1128,2215,6775,3260
61,245,774,438,903,230,515,273,230,488,3660,487,812,255,184,309,2502,901,389,38,224,1840,1751,2198,33,571,1339,319,284,274,940,234,15,204,427,437,110,617,114,907,497,1,102,48,95,665,217,368,1912,108,9,73,1,267,1465,2847,369,2858,156,372,248,1074,43,278,41,4256,367,14963,42,446,14,771,153,283,651,186,175,459,90,0,185,124,0,0,22,1298,59,1466,517,162,470,215,164,102
62,386,9588,2533,1154,791,2807,878,381,3304,13220,4708,132,1163,2241,2084,7503,2117,917,1150,2119,1809,1277,2149,690,672,1922,1514,753,2156,2397,2329,479,674,1399,1923,1067,1407,684,4024,1898,635,2653,966,1273,551,2229,3087,4476,1374,125,88,962,687,8131,14877,1028,7216,3454,1608,1550,1845,1752,1162,220,6441,1530,156648,787,1509,706,4358,796,1762,3669,1096,1719,6727,605,2597,3891,4221,2646,1828,159,4222,775,5228,465,1016,1486,989,2366,2533
63,42,353,97,211,447,157,272,126,227,1817,505,2,437,476,103,1120,78,156,587,82,1260,1438,2339,298,608,1901,174,94,164,135,118,0,477,123,28,1,240,48,362,1,391,437,61,49,82,47,331,927,305,60,5,68,165,305,1535,190,638,261,9,116,713,536,168,114,1215,303,12240,149,228,103,781,7,60,426,149,129,710,54,239,0,327,51,301,96,374,0,1294,288,357,0,166,312,150
64,0,801,120,300,725,228,47,142,1210,3982,615,435,0,96,198,1311,125,345,5,109,1574,1338,2036,185,277,1246,168,0,8,222,128,383,152,224,311,175,245,66,1063,562,247,757,315,52,363,210,149,1875,293,105,4,0,265,1604,1953,637,2417,4,207,200,326,567,157,0,2321,581,7158,144,66,74,157,11,257,148,0,0,341,59,53,197,218,0,218,0,734,16,289,0,17,1,276,157,230
65,7,1139,285,300,755,821,265,95,255,2211,977,0,483,243,661,1721,777,213,1,1554,1092,681,2584,513,436,942,464,51,268,305,187,2287,103,301,540,253,117,237,1322,115,499,275,113,183,660,379,147,1017,225,1547,1130,1033,640,1574,1789,319,2333,353,189,415,225,23,319,346,2328,134,61110,67,193,204,819,4,19,874,120,0,228,681,1173,350,10,220,72,101,300,87,1275,187,8,462,213,401,202
66,297,1431,815,350,904,1194,386,405,276,6508,717,1256,975,549,270,2221,685,255,225,177,2162,1065,1740,887,977,1659,619,920,278,573,1051,0,162,226,136,190,178,95,546,0,191,1530,76,320,376,237,1253,2726,109,125,1,0,94,1178,2195,272,823,185,185,347,320,199,460,0,2197,711,19662,251,1005,212,1288,1108,0,679,244,1210,672,362,343,2,160,302,0,607,880,958,394,2154,403,1363,168,965,435
67,1274,29973,3841,1,2315,5413,716,266,1266,23679,6270,3426,2991,7,4957,32286,11426,2364,95,2,25149,2459,71042,5676,6567,31569,5180,0,18,0,7,1,1,3934,9784,2,94,21833,3797,3323,50,2578,472,5284,1043,1873,14752,16376,1702,0,0,4307,396,9414,32279,8700,2947,5879,1785,1559,1478,0,18708,0,10444,1384,256041,5144,2037,2581,786,2276,0,4041,142,4829,21631,1,779,2210,3937,3564,2005,587,6609,2224,7735,2278,1976,3518,1919,7879,3064
68,411,1167,2251,0,2236,3279,457,1,5837,9851,3565,0,0,0,844,4908,39,2316,122,594,3387,2683,1394,0,3,2491,80,552,1224,35,1561,379,1221,2017,0,1,760,0,20,5,1,2328,0,604,0,655,670,5719,2142,742,0,0,0,4115,11603,1075,20183,2014,387,177,1591,3247,1,0,1279,145,59585,998,2120,1063,3822,90,0,0,124,226,1335,26,93,2,400,0,4714,7,3210,0,4650,0,1590,85,527,0,0
69,59,5149,366,0,1780,0,700,0,1603,16530,2970,0,478,0,1353,4216,6655,97,1104,0,21739,8477,33794,5858,7896,28829,13,1412,116,22,656,1,0,73,3795,251,5433,651,1560,1898,22,0,1190,2570,1822,1308,4659,2726,1575,0,0,0,189,6855,12565,211,1369,933,9,1543,2157,2180,162,65,2001,0,138903,1596,682,1662,83,100,0,7,439,4523,3398,559,25,0,0,0,3603,0,3536,1795,3441,105,264,0,1330,904,0
70,1807,4175,4577,1788,3270,141,13,1901,4422,16406,2580,0,3978,4339,7344,11680,2432,3203,7266,5457,5417,3902,11179,3192,2199,9476,2568,10083,1449,2052,4237,1,1748,2883,2808,6053,3812,214,3153,3768,1657,6927,1480,3595,5156,3516,6457,12094,9386,1,1,915,1553,12190,15023,1876,10768,3034,3306,852,3555,3040,941,1801,13580,15,149545,8787,865,4172,15425,0,2879,2414,1588,2122,6592,3344,1228,2772,1685,1009,5996,2215,1715,3030,5888,401,3294,4186,1738,5885,4386
71,2680,25155,19061,2193,1,13427,5123,1800,1656,9349,4869,0,6222,3567,9274,2756,6874,1391,587,19040,8697,3794,18622,565,441,9198,2329,2347,2769,4060,4100,39924,3062,4586,3719,2810,4480,4875,6933,822,3815,13038,3558,1583,4143,1971,5517,4483,5025,9291,10088,5883,682,13903,11359,3182,11477,2165,3808,1312,8170,1115,0,57,10436,862,400505,4864,1219,2132,2286,0,11489,10184,44,2024,1650,0,989,2207,10788,4033,2967,1036,2636,3750,7845,1127,2175,2743,3026,40,5705
72,353,3870,1889,1460,2226,1665,229,1794,1820,21503,2647,1595,805,1656,1575,5837,3243,1003,1595,1637,2269,1308,3988,0,889,1703,1960,1162,499,2457,1040,130,855,1323,1166,706,2416,20,1918,121,1125,1910,1557,1226,660,738,1453,7845,2204,914,243,911,804,7119,9033,1704,7149,1274,398,480,1288,1559,1015,1075,10418,937,109680,392,3498,474,4374,1759,704,1133,197,488,3623,652,777,527,123,1246,799,763,2059,415,5383,2067,1632,437,678,2686,1378
73,7,2348,4169,334,73,1704,41,608,1218,1833,1357,0,9,658,759,2265,850,402,94,1388,1809,1157,2093,281,429,1626,1744,365,223,795,57,0,558,149,703,422,1740,391,1924,1204,250,1305,263,255,303,1224,1119,929,1329,1,105,124,115,5126,8664,901,2439,614,551,296,515,1043,88,155,1552,328,10449,147,440,452,1282,0,278,1060,59,389,1552,140,357,783,929,867,1978,405,651,694,2413,940,161,469,342,613,317
74,188,3940,390,1045,643,2621,928,928,2276,11510,3009,0,145,1936,1106,4818,1842,811,1011,2823,2743,1494,3826,802,609,2113,1691,726,2148,1778,2899,1006,332,1501,1625,1431,1666,0,3264,1653,829,2642,816,750,1364,2514,2457,2775,1215,187,769,683,1812,6257,6687,1895,4362,1973,959,659,1986,1064,475,223,3906,790,139760,774,2854,784,4691,765,1832,3116,539,1168,2693,340,1627,1119,1087,1677,819,0,1286,395,4465,794,507,1144,867,2020,1802
75,2750,7983,4561,2774,1633,4559,6086,2593,4323,29717,3715,1352,1820,1325,4527,8648,4466,1517,3968,12662,3991,2034,4631,1077,191,3461,3391,6152,2202,3189,4969,4419,2433,2898,184,1863,2905,956,12746,2454,2077,4283,3032,3302,4628,2402,5416,12911,4633,11627,6238,1591,2682,19376,30763,4634,9514,1632,2093,1393,2537,2970,2536,3476,30172,1972,70011,2261,12225,1406,25509,667,4107,7013,1179,4975,4786,2757,2946,1141,4502,1978,1710,1597,3395,2125,7238,5108,1180,2193,1683,5425,2156
76,988,5336,2045,867,0,18,1718,1644,2067,2428,1556,809,662,0,765,3356,1184,876,789,2518,1823,972,2359,474,959,1280,3678,3598,169,2707,375,846,457,751,940,1400,1701,392,2843,1502,1643,1600,851,2795,499,2512,1572,1800,831,6660,0,286,1144,5682,6715,1413,6677,587,894,1272,1661,756,3310,0,3488,830,164658,584,349,788,7213,2555,853,2387,694,549,2949,305,1302,1106,376,2152,847,923,1675,1982,1196,1429,1326,664,687,3302,939
77,3905,652,1306,877,1309,1667,481,957,1469,15375,1342,2252,2146,2,1,7595,1885,824,27820,699,8013,3197,11602,0,3057,8082,1471,7380,368,1349,2279,2,306,0,2612,1429,763,1,2559,873,832,1668,681,322,973,831,2818,7657,1332,0,0,1,632,6343,7133,2370,11478,790,683,418,916,0,1143,0,9605,1370,128527,1852,2343,223,8939,2190,2233,1797,3447,2505,4158,1524,383,157,1967,1389,783,4181,2998,1524,4922,23,1764,7,884,5080,1535
78,2505,8279,6276,2158,4828,4479,3309,2243,1321,19388,2111,1990,2052,2032,3816,7989,2124,1628,2930,8978,5033,3052,4916,460,1448,3707,7861,4048,619,3107,4812,8871,2015,2141,1763,1036,1330,2045,4322,1208,4501,1086,4927,1370,2768,691,4284,7348,2781,18833,6634,2422,3039,5219,9077,1689,5172,906,1389,1006,3341,1513,1915,1055,18830,883,138482,1372,9941,2241,12546,2429,713,4478,2625,2557,2957,5756,1622,1555,942,3134,505,785,3136,2394,4007,1531,3621,703,1282,653,194
79,2360,23974,8776,26,1106,2946,2984,4465,3999,22162,3672,3231,2933,921,5600,13683,5505,1183,2507,0,19972,1696,23132,1870,1904,13189,6037,7296,2353,7288,3711,0,2876,4904,5906,3858,2105,16504,11168,4593,907,2582,8693,4952,0,4368,2781,9618,657,0,0,3583,6411,43842,22425,7714,5230,8238,6094,2781,7592,17,5710,351,24524,1313,462097,3274,9659,780,10234,3,3,3182,1784,1633,5117,170,1590,2776,6948,0,3382,0,6947,6015,2398,0,1040,7761,3160,13201,1195
80,9013,24173,11172,0,3438,374,7651,6713,2629,33809,7443,4869,15,1096,7955,7970,5432,3068,10289,21917,26840,961,29865,3734,6728,13368,10662,2921,2579,0,5849,26402,5162,6573,15334,22,5076,4068,5355,3,4420,6331,8886,1531,6713,1735,4275,7180,10487,22571,18752,3499,2361,6136,6900,2687,9418,43,204,616,3565,3073,0,2,35524,1937,900866,4955,4336,1814,6277,4172,4576,5111,392,4498,6320,3976,1844,0,469,214,0,6955,3446,1553,10971,9802,1472,0,3046,9975,0
81,1493,7054,5609,5338,4686,532,4079,1818,6863,46283,5482,10336,4268,3702,4035,22771,6442,2383,7089,1822,9187,5465,9435,2164,3184,5275,8272,6852,4095,6590,5212,5383,4948,1727,3310,2233,2137,3114,6701,244,2383,4193,2009,4189,2135,818,4541,16198,5078,16434,976,2568,0,16953,33661,9837,3537,714,847,1250,3100,2879,6292,13830,31444,3170,193264,1656,11992,1147,41938,5702,754,7197,4721,6422,10476,3890,3968,3366,4055,1966,5772,2086,4014,3749,2215,1807,4616,814,1723,8262,1367
82,3471,14205,4769,3493,912,1576,3265,6345,3155,27731,5117,5134,3184,1188,6771,18121,4991,3017,8241,14544,5617,2762,9026,3118,4417,4896,3959,5722,1653,5681,5152,22622,4313,2920,5269,4351,1504,1499,4515,3220,2215,7403,5480,2640,5634,3632,7730,9334,4462,23234,4079,5529,1509,10284,15712,3127,12127,1777,2073,2544,4535,5797,3788,2001,18515,1496,222843,2832,8026,1598,10589,2172,1378,1534,1480,1391,11198,6360,1818,30,1319,48,179,4088,7698,3925,10124,2327,3629,36,2554,7975,1277
83,1422,9559,3269,1304,0,2269,2964,1461,4426,12469,1180,2640,4672,1078,3041,6649,1826,1813,178,7080,2283,1453,4608,295,644,2015,3812,629,1574,2925,2232,15580,1310,4206,4018,1384,2204,5646,7690,3832,3172,2079,2964,2553,1441,2504,3742,9170,2714,5374,4661,1095,2489,15495,14604,3251,6789,1881,1425,1855,3306,2039,6203,2480,12919,1254,187028,722,5919,2493,8054,1514,4536,3524,1733,1835,5877,1262,2746,1027,1144,820,860,631,3920,905,3879,2097,1468,2690,2036,1489,1105
84,195,4502,1706,1596,1,2965,879,0,4210,7059,520,0,0,812,942,1538,664,0,1600,269,1960,2588,563,0,1998,4478,1620,1216,14,2244,961,1028,1382,652,1475,1,1110,879,2783,101,1554,4718,1754,1064,65,2120,1654,2725,2411,814,1821,1,0,3150,4764,1228,10628,1998,836,580,1164,174,2,0,146,804,256065,356,224,0,476,1,3498,534,0,1762,2447,0,2667,0,1331,0,1758,1,1155,71,3379,0,0,1266,630,1923,1787
85,157,1074,967,357,1447,109,588,246,1720,17049,1978,122,271,363,1001,4008,1592,455,1387,896,1647,1044,2731,2,699,1403,1021,411,1115,538,1229,1,304,423,581,601,586,528,1812,900,314,874,281,353,589,1295,1796,2446,987,49,1,295,1002,6029,7779,1470,2650,579,749,461,956,1134,644,886,4030,632,8556,694,4709,1027,3452,570,656,1799,629,1170,1258,430,1116,546,11,541,710,485,1559,508,2337,306,850,763,335,669,607
86,745,3112,2321,799,404,1433,1605,590,1393,12212,1856,3663,165,248,1641,5834,1667,452,550,1962,1365,1206,2281,14,863,2052,1134,1609,696,2149,2885,385,817,705,1561,870,549,928,1696,646,923,2561,1448,785,341,322,1393,4563,960,2605,486,2078,703,5067,6971,2046,3025,1153,816,817,738,1164,1852,1260,4507,994,157373,449,1864,861,5909,731,923,1072,1422,587,2543,658,1373,608,438,578,55,349,2078,1180,1151,1112,639,1807,597,1760,932
87,2468,6643,2043,654,3707,669,1669,2862,4079,9725,1992,251,2194,1791,434,11397,2022,930,0,44,4465,2576,10587,1452,1781,4818,4251,0,327,1289,1141,2,7295,1761,2983,821,933,1996,5093,2916,1319,3772,0,2020,103,6037,3936,7024,393,1030,748,1489,2274,12318,7715,4904,5636,316,416,658,2401,2026,1571,905,2350,669,688649,1363,1139,990,6052,2003,1490,1387,277,0,2690,1626,459,99,326,854,1847,392,3791,1690,2322,709,1179,676,648,2564,420
88,3335,15624,5062,4872,7686,2601,3098,805,530,58698,5862,7349,3536,3453,6168,14665,8526,3303,44794,5830,13354,1530,13328,5950,4532,12544,4484,4075,2258,7669,5851,0,978,2987,2977,2538,3756,992,2332,0,1282,9534,6320,2860,1435,991,11895,24044,6256,2463,513,8301,3007,9838,31173,2547,16033,1438,2855,1974,5662,5304,9100,8160,24921,4913,437667,6653,18175,6386,41518,6351,15,1714,7901,8203,14276,5493,1931,1352,4505,2270,0,4340,3814,5393,4735,848,3067,3026,3218,25108,7801
89,225,2128,1713,1955,1367,2315,3065,2628,2044,16361,740,1571,562,408,1018,7261,979,1160,492,17535,4846,3901,9232,549,909,3767,2862,665,388,3426,2276,12804,2359,2057,457,616,944,1038,3159,1573,1128,2095,879,1380,514,1359,1869,10432,5383,6318,386,1011,590,5453,9465,5059,2641,541,630,490,1128,2611,706,3496,15445,777,98890,1157,9477,2554,19795,4997,1921,1067,1995,1,2101,1099,930,419,576,773,1177,1,3601,2456,2418,3932,1258,1948,809,1968,1092
90,7443,17558,4706,2107,4600,995,780,5810,1522,67194,11530,666,13733,3930,6581,27673,10169,4758,18009,2608,26182,2308,28784,2781,5953,15010,5306,16508,3039,10852,4531,0,420,5860,7047,4989,2430,5,1730,1,5,13588,2593,4980,8131,1399,12680,38639,6635,2,0,9215,2343,15912,31732,7069,9543,772,5074,2760,13468,3526,3983,1147,27795,5258,270685,10632,6816,2410,24556,15238,12887,11584,2888,2908,9221,7341,1567,0,3987,3208,3493,1054,6518,1863,11178,272,5029,6674,1988,13526,8489
91,1509,418,86,0,1,12,34,0,2,3345,283,2672,0,3,1,103,0,208,60,167,29834,7604,68920,7069,7912,30750,3792,2,136,8,3964,3,1,693,46,12,0,0,0,471,831,3739,742,4,1,105,1380,100,0,344,129,19,58,3427,3186,648,822,533,38,10,10,3,1302,805,2332,71,884120,2,4012,2,388,3,0,6,220,46,4003,0,705,0,97,0,28,0,2537,10,19,0,0,44,0,128,0
92,2100,27232,10310,1138,10957,1,2845,4573,3554,34137,6857,0,4154,4680,5924,18322,10303,2904,268,4465,5497,970,20498,2844,3332,7993,4352,2022,358,4303,764,0,10074,3888,13029,4562,3141,3288,9895,9171,2322,11686,4507,1826,5484,10967,15351,19529,4638,295,990,16440,4359,34105,16822,11991,9421,1503,2147,2293,14452,9471,7771,956,25140,3695,171787,3176,2294,559,28178,2553,3663,3395,1121,0,9372,2218,1016,4226,0,2844,1519,5919,5794,3282,805,3,43,3777,2669,11416,2663
93,589,3112,922,2592,1471,981,41,1122,2232,9299,602,1477,1159,933,393,4410,910,1044,1,7023,7613,3345,5947,0,913,4647,1655,1728,651,1064,805,1,778,2578,547,748,1177,248,916,1979,261,873,1900,385,792,2064,212,6093,1361,2551,312,1203,896,5740,5590,1676,1613,135,644,721,2036,2665,1283,0,4394,1924,24658,221,1617,1046,1405,1009,527,1578,1767,1403,1040,866,432,389,26,637,167,3012,3286,565,800,2080,910,12,760,347,1195
94,62,277,518,216,37,641,794,329,672,1404,490,0,324,249,282,274,467,80,486,2,746,492,1228,63,302,851,448,210,198,182,294,105,132,107,165,351,523,108,2602,675,232,805,417,199,325,448,406,1242,512,1,88,197,277,2252,1548,385,1643,184,170,93,554,402,179,517,503,365,5730,283,1239,334,983,178,461,884,331,326,238,92,476,460,101,0,102,73,305,316,779,289,176,346,149,182,273
95,244,1118,579,312,194,855,1351,710,893,2876,1,0,359,142,165,1733,207,184,0,0,876,896,1775,234,303,724,1464,279,203,369,670,248,4431,492,694,181,242,173,679,959,572,1025,632,799,404,901,1353,1677,346,632,581,325,873,1145,1163,167,1539,363,8,59,1992,519,605,0,999,378,98657,38,846,315,4037,550,214,1,362,329,670,633,643,125,208,106,21,0,348,66,1821,247,591,487,171,554,1
96,500,5202,969,992,634,2373,1440,566,2387,11084,2326,88,1641,760,852,3616,1706,199,2493,3437,1524,1760,1748,47,535,2527,2073,1046,943,1121,1159,2027,729,1573,570,1360,883,442,1256,1092,1057,1062,428,603,2460,701,2015,3459,1306,3398,1688,443,266,3678,7234,683,8114,961,837,784,405,995,911,153,3838,961,162011,432,4053,894,3337,664,1841,1738,443,1617,1776,946,1855,884,1872,1002,396,522,2861,1676,3668,370,2202,713,841,2344,764
97,14,2331,1765,225,2,885,680,286,162,645,639,207,0,894,785,1096,189,0,692,264,1091,1186,1002,368,113,1649,1287,523,77,780,150,4382,180,373,47,287,46,450,2120,185,806,439,1507,332,192,381,492,166,326,1037,1319,315,0,1552,2241,332,2113,165,140,12,2054,173,545,456,1330,194,62840,420,189,355,3574,0,1163,1271,190,18,329,32,294,160,996,162,189,109,109,820,599,387,295,553,148,0,331
98,5520,5207,3382,2961,708,1415,2710,1661,1080,15892,1636,838,75,6,4299,7515,471,1413,2403,6501,8166,2637,8153,3,2951,5983,3439,3083,1117,5580,4754,3329,1347,3031,1999,743,244,463,649,2237,4013,4339,9310,3606,676,594,2467,11682,1920,13905,1391,467,3206,4042,6150,1521,15048,1147,1501,748,1888,2587,1302,4614,12923,1036,733922,5372,6783,1216,9622,3298,1946,2257,512,3595,3084,7600,1410,0,7,1042,2632,2091,2473,2177,9163,1583,776,1675,2321,6241,1798
99,6638,24851,6210,2766,4457,0,1692,5809,3841,46844,3347,1209,2479,1857,3716,12226,4286,7528,21706,2,11405,3012,24868,3618,3183,17101,1483,647,1607,4802,10316,1,2293,4424,8339,1597,5027,432,4090,3630,2257,5125,3824,4950,4153,2457,6298,13377,4259,2052,0,4759,0,15775,20882,9395,20097,1762,3327,1278,2567,5807,3222,277,11217,2840,373611,5436,8227,7566,26356,268,1125,3707,2109,116,9551,6202,936,5754,1718,9083,7969,0,5259,5117,5411,6014,1877,832,247,12967,2072
100,324,1183,160,39,875,365,488,23,1403,5365,1311,956,591,45,403,1763,3131,894,1002,991,5802,2107,6917,939,1915,4776,1166,295,265,1395,2335,0,638,754,254,832,359,446,902,133,377,31,830,53,478,261,1202,1581,279,0,90,8,180,2284,4528,994,4288,430,510,179,902,139,412,1692,1831,1022,15577,878,1844,252,2331,23,865,1567,1485,1692,947,850,3032,652,0,0,1123,1137,1642,0,1784,1019,342,806,226,127,351
101,5780,8689,4247,672,4706,0,0,3525,4781,26770,5031,0,10250,1875,836,7850,2017,1050,131,2164,26105,3577,29152,3465,8499,18576,16729,2103,757,7757,2326,0,15211,7537,12543,2990,4152,4525,6598,1064,3098,6371,57,4059,1092,8761,4095,23931,4886,0,1,4579,2198,33746,26457,7787,21343,1366,806,2614,7506,9375,8889,1799,24778,2672,265889,4782,1483,4966,37777,154,4432,6048,1595,1464,5573,3387,792,583,0,1216,0,0,8141,4050,2923,436,979,5718,2223,2892,2791
102,8781,25267,9296,1509,665,12269,1262,2213,915,12374,4725,2777,181,2303,4850,14603,6396,874,5155,17738,23964,2458,22773,0,1196,14047,934,3652,2719,10290,8873,15097,22,8077,3822,5016,1191,1596,6854,3293,3982,12382,855,12974,649,3193,16138,6603,3818,18670,6610,3418,2679,13089,24242,4465,9712,4462,3023,1069,7691,1465,2125,6962,7572,1420,330582,7604,1039,1929,24609,4540,3394,3281,713,1109,5,968,1651,1923,1304,3699,3277,4336,1550,2001,4892,1479,1433,677,1646,14061,1304
103,221,4386,793,369,3,1090,1111,688,1059,13269,2017,1366,1976,647,1170,5168,1707,911,5058,2137,6161,3242,6292,890,1405,4852,3905,1065,268,836,733,1,1228,2032,1624,1667,615,530,2044,156,669,710,1931,924,2764,302,2940,4474,946,411,177,2,1108,3237,12248,485,5676,655,964,1231,1221,847,1321,2669,5763,387,96831,610,424,582,4869,384,356,1058,1578,2179,6182,393,1881,1969,234,863,2093,538,4821,1104,3206,593,3003,2608,950,2500,3602
104,174,448,8,111,84,404,165,30,98,1248,138,565,171,83,405,1168,304,90,404,587,1065,986,1605,325,375,473,0,236,81,276,322,285,182,37,109,120,55,196,0,1,331,347,17,172,148,150,211,919,366,774,810,0,22,231,1022,65,1436,192,59,124,452,449,26,482,1107,117,37158,142,415,147,1077,98,0,154,221,361,273,402,330,48,0,19,0,32,203,15,120,666,3,85,163,296,421
105,0,571,423,174,218,0,2,152,211,280,321,0,208,251,58,0,61,346,34,0,1465,613,866,2,220,1388,649,27,1,0,1,54,1597,496,10,159,236,94,273,74,501,204,122,305,90,152,413,0,1365,17,16,213,0,0,0,63,1384,67,0,95,77,0,0,2,17,293,13178,0,297,0,0,82,1,78,0,0,761,0,113,16,0,0,113,69,363,65,467,909,0,361,277,148,53
106,816,1731,383,109,117,293,464,421,739,3941,330,1309,259,421,417,2314,682,153,46,1681,616,450,865,162,266,726,1080,182,465,613,913,1537,173,415,249,413,408,167,1371,588,712,1155,526,661,890,556,610,1977,563,900,114,595,425,2570,3056,1204,2847,208,145,376,567,671,548,770,1015,412,77896,99,1353,768,2237,182,445,712,655,1215,935,353,1217,933,321,356,0,14,806,681,674,1018,508,474,272,622,252
107,1341,4656,1192,1449,2484,600,4122,1757,2876,26375,3758,3026,2143,807,1900,13036,2888,1565,15088,1404,4000,2359,6994,1953,1140,3737,784,4454,2040,4708,3106,62,1274,936,1860,3313,582,1224,886,3412,3160,6400,2188,1296,2393,898,5337,18782,4146,1864,127,2167,212,9292,12230,3122,8599,1827,2777,777,3676,3668,3392,2230,10749,1064,368817,1616,2244,2644,9987,2224,3013,2640,4632,4217,7497,2298,1262,1670,2543,2108,1491,1933,5035,1169,4174,2240,1670,1065,1180,4448,3796
108,7237,9129,2888,6180,0,7328,3,1857,413,27363,3732,957,0,891,5263,19671,0,3502,12443,10198,18740,5262,20022,7874,6690,26944,4704,14629,2762,12774,9579,98744,7080,6738,1236,2488,3946,1656,3878,820,8105,19249,12130,9787,1201,2236,6368,8356,6264,18210,10055,14971,457,21012,19162,1040,7416,3704,1686,1186,15873,0,2681,2251,17829,2172,629052,11154,2548,1024,9856,2814,2680,8412,166,879,2749,6329,3384,3746,96,81,0,9555,1943,2159,13982,4705,3199,6703,2682,164,0
109,2630,12548,5728,5168,1757,4412,11175,7088,1833,62376,8100,3059,3079,5355,4796,13261,7003,8750,11309,0,22891,6352,29689,3369,6668,22423,3843,1791,1034,16947,7566,0,1,4580,6025,1183,507,2236,5760,1964,1086,12709,5398,6746,99,3840,8402,48296,5392,2268,1,3505,5385,22634,47513,10413,13845,679,3501,7073,432,2624,14790,3266,32287,7282,126190,3843,3425,43,17281,5560,87,8501,547,1760,8120,58,3254,6027,5056,4582,5257,5052,7966,5580,6916,23,4244,8042,1427,18733,5533
110,4460,20895,1433,1222,8,2577,3985,0,1028,21375,7002,8408,4526,102,13227,23144,5805,4515,2796,15474,27133,4344,41208,4844,3448,18749,4161,2438,2515,3359,2009,33923,1523,5021,860,235,1031,1,2,2799,2,8845,6270,2383,0,3192,2427,6363,2806,14821,8555,2181,3571,3223,7477,4430,12551,898,3074,2344,1350,4645,5229,3960,11282,1732,269024,915,5119,642,11372,3140,1,1032,502,2,10052,5139,2851,3224,648,0,1092,2432,5367,2158,2221,2190,3082,0,5926,8141,5349
111,260,1045,188,75,18,54,219,95,361,2603,657,546,207,5,71,1553,417,433,14,519,1722,745,1250,230,304,1358,377,0,284,217,351,100,279,223,95,65,140,1,306,311,180,335,213,128,120,37,375,676,345,248,0,175,88,392,1650,378,1864,271,156,178,199,605,323,155,529,325,8003,247,461,166,312,17,153,609,170,39,173,172,287,113,103,53,0,83,2069,343,293,100,210,156,111,2,258
112,9,890,278,116,2,430,154,44,51,1649,401,368,425,276,281,518,198,34,130,1234,543,664,579,147,152,605,741,201,78,115,124,2230,155,417,38,138,91,306,240,88,294,454,551,214,380,168,499,635,312,727,340,0,184,269,1277,356,1135,158,191,223,127,325,285,49,1369,60,8302,149,331,35,550,333,233,276,149,253,791,118,103,123,55,38,129,174,691,154,738,287,54,87,191,314,132
113,1450,6549,6570,783,4949,1931,3111,565,3625,24022,3820,4517,7941,2983,1676,13024,3290,2411,318,27257,13359,7099,17070,843,3251,7066,6394,1780,1432,4736,4033,22210,1047,2018,3463,3096,2056,1428,2556,3355,4662,7193,7371,2029,4097,636,1874,7224,3558,16800,7150,2251,1,4516,3874,1784,25127,1555,35,1186,4620,2976,2942,2698,22145,1435,858909,798,4378,816,33140,2587,683,2843,7784,1331,3269,3672,3253,1,2707,1223,0,595,4749,490,2583,3354,2,1451,1532,6163,1742
114,1437,4537,2421,4089,2,3150,4578,1377,5267,22099,5313,0,339,1190,223,7189,5290,2983,838,7540,7818,6510,10107,0,3307,10692,7049,4208,6247,5631,4516,1,4347,2049,4353,3607,3043,2896,11347,4893,2956,5203,1515,1788,2816,8553,6741,3094,7611,9501,4,1474,2668,12728,25976,4703,48533,4433,2355,3065,2555,4086,0,1477,11143,898,156944,5334,1977,5146,25662,2,7794,4480,6478,5228,1718,0,1938,2751,8131,7326,14687,222,4930,3524,4400,0,1298,2438,1029,7303,1147
115,131,3902,1644,843,0,572,1081,1059,1127,8330,1735,119,2018,2700,524,2239,1451,109,1298,1965,2202,1523,2420,0,737,2525,1493,583,415,359,996,1,631,492,810,1096,1134,633,3965,1235,427,1445,785,564,479,335,2305,3325,1469,469,5,1063,514,2962,4820,936,2765,501,238,281,436,770,708,439,6116,533,86263,172,2809,390,4144,530,751,3425,807,439,1226,939,422,555,2126,490,439,58,1126,1313,3662,533,1933,521,516,2246,1084
116,1981,10996,5281,3285,505,1482,1943,1823,1680,16679,2353,2891,3247,955,1405,18210,2029,2431,1381,9861,6066,2126,7082,509,1784,3797,4866,2544,342,10213,4207,2145,2071,1751,2708,1441,1961,1445,8202,1728,3234,10272,4238,8792,4697,958,2249,11358,4353,16127,2221,1413,710,10104,13361,3948,3659,3324,2104,1124,860,3199,2366,4384,13882,1380,121827,1797,1120,1965,20522,3782,3699,1488,4158,2166,8624,1567,1337,1983,18,1121,1836,1982,5331,2640,5667,6299,1468,1533,2092,5772,3633
117,234,297,334,14,24,174,396,378,545,3047,282,328,232,3,693,1377,55,300,154,231,785,515,1427,503,290,716,252,87,40,413,546,1,42,93,117,10,36,126,317,262,114,209,225,58,74,236,329,912,152,2,0,122,133,1088,1452,458,1232,58,0,70,221,73,193,1,1789,280,6444,180,420,5,1805,260,172,189,46,30,158,84,196,78,0,401,171,94,389,150,431,368,293,201,143,192,212
118,30,2402,671,705,261,1046,82,218,398,3852,781,354,830,149,94,711,437,142,1337,6,2221,1155,1424,559,1035,1920,117,178,377,607,384,186,161,206,555,184,32,137,1154,589,904,1141,560,304,107,199,656,2352,167,733,62,259,104,2376,2011,888,2057,269,176,196,77,234,1075,108,2151,538,33721,265,1210,799,604,13,275,1257,286,442,604,298,913,530,5,339,203,178,634,230,2282,96,908,1148,160,28,152
119,957,7626,1545,0,2059,1714,1094,1968,1438,16188,2222,974,189,31,1967,3396,3739,2711,5,7,7238,3662,8074,1583,1667,3924,4344,4040,1233,3110,4662,1,1696,1026,1118,2790,240,1332,3087,947,1137,4201,3459,5692,1034,1075,1060,6574,2174,134,23,366,1120,12888,17105,3316,8811,34,742,1219,4077,1489,4287,3384,14429,228,204047,1494,990,1444,21296,2079,252,6263,1652,3573,4101,5658,448,2349,459,1168,3,822,1522,1819,464,1452,2433,2545,874,3101,891
120,10045,10829,1003,0,734,0,606,2181,669,30148,3471,5425,2052,0,2014,23296,1716,1951,1130,10023,22163,5838,14894,397,2154,16456,8006,5468,3075,6093,728,0,1622,786,6282,5052,2869,44,3,2367,552,6225,2,5173,1930,960,2488,17943,6083,6605,0,1817,2934,8476,12469,3538,13922,736,1862,774,3213,1478,1745,0,10099,2496,468887,4961,4205,5282,11098,4858,2,8533,1436,3124,1436,2481,739,0,0,2119,0,4601,3467,3674,3396,1128,2793,1,2390,4208,5732
121,2399,14680,5245,1399,16,3527,4627,3880,2927,27198,9551,1172,1766,1952,5163,9819,2729,1,13309,11273,10478,6359,23487,9695,2960,16472,3962,3700,486,7562,2631,15832,1455,1440,3160,3025,2577,2550,9536,6448,1141,5964,2952,6654,2237,2733,2913,10299,3309,301,4,59,190,10104,11302,2193,10715,662,2101,1910,846,889,1845,1,24747,832,762247,8809,7232,6567,14330,8,5708,9993,2319,4412,1520,1016,4467,2476,2494,1512,0,2603,4408,119,5666,2754,2202,1428,1323,2575,4563
122,1854,9625,5403,4,3569,15598,2040,1746,751,5649,2363,1386,74,1564,7045,15158,4094,1191,8673,24436,17559,4305,20619,0,4164,10490,3813,5338,2231,83,3534,62944,2368,2702,544,3038,1187,4282,2227,1156,5454,4541,11606,4642,4976,1420,3202,5923,1406,19802,16815,3,561,7122,10389,2158,16795,1044,2462,969,18349,891,1248,1944,9580,3437,462373,6003,5548,3215,5479,0,2486,5507,568,1934,1086,9872,3094,4729,1845,0,1216,1387,1753,13,18537,0,4148,2699,3192,4177,3
123,64,395,178,142,221,91,43,93,234,2236,324,0,137,113,34,481,261,133,269,45,424,304,479,21,80,663,219,210,128,219,105,2,130,187,100,138,131,16,280,76,79,174,193,93,138,96,193,867,270,1,1,37,83,395,862,368,682,154,143,85,206,160,97,26,704,57,2816,24,359,167,742,163,182,113,81,195,525,120,15,133,55,163,149,104,457,103,634,52,302,10,76,686,152
124,152,2782,665,216,82,1607,84,888,646,3234,659,380,519,1048,1207,2468,878,202,79,1767,1830,1407,2002,81,387,2297,614,350,95,749,1004,1062,506,480,464,119,428,348,1121,788,744,834,518,252,237,186,782,949,476,2798,1428,475,907,773,1915,606,726,645,183,355,670,426,601,406,1759,427,16057,457,907,363,1532,414,763,1054,23,849,1967,1371,472,648,49,257,340,943,1474,566,1422,584,428,1236,481,48,489
125,765,2838,517,261,1270,636,802,688,669,8362,1458,837,630,568,220,5139,1594,471,1014,581,4170,2833,4382,211,1179,3302,1252,362,1254,937,1065,0,518,476,197,922,1042,103,455,4,83,659,1072,659,1101,131,1389,6475,1264,188,0,0,1066,665,3757,737,4552,613,439,295,608,1247,189,0,5109,406,18682,870,1340,470,3051,284,1794,2759,2343,983,1527,644,656,1705,0,516,275,12,4082,622,2726,1024,791,530,770,2650,290
126,486,5455,1063,830,1286,1091,597,731,1813,12663,1589,981,371,111,360,5344,1615,1301,2728,1285,3670,1392,2976,2,699,2509,1414,954,556,1727,1831,401,1436,734,829,840,525,436,2885,335,1692,1290,800,1181,1194,1145,1764,4491,2016,3136,1698,458,535,3895,6176,1659,3149,240,559,390,1351,2467,842,234,7995,701,231260,172,1232,376,2155,883,1101,629,515,862,947,782,866,902,0,1677,97,268,2665,562,2901,628,655,431,952,2930,764
127,233,1103,148,2,43,474,189,6,814,1772,574,307,0,4,352,963,146,218,177,96,1276,914,1914,229,146,820,264,165,137,306,487,145,43,133,87,58,173,0,887,88,5,528,117,429,18,592,307,806,419,77,120,278,142,2700,1423,845,1389,82,153,56,0,127,721,137,803,64,36398,448,72,122,880,54,47,42,259,119,490,147,248,0,22,240,1,59,248,384,298,0,124,365,142,426,58
128,148,519,273,270,427,523,137,208,399,1651,182,530,853,530,410,1901,699,172,722,293,1250,703,898,113,465,699,701,311,135,271,1057,0,255,246,228,88,353,26,769,167,143,746,440,348,387,97,170,2672,153,128,41,8,312,1088,1718,598,1959,76,120,213,426,421,464,544,3065,558,23709,215,744,452,3347,522,604,999,264,883,648,195,203,216,520,116,146,457,397,117,1274,439,748,225,114,540,177
129,509,1214,1079,706,80,588,101,265,89,2137,785,849,200,0,253,1032,279,194,701,180,1167,915,1438,78,274,1472,320,436,392,949,438,1,231,125,282,259,327,63,1115,1,272,691,123,397,430,47,630,4186,321,0,0,2,0,1128,2690,1046,3296,309,2,79,557,185,698,368,1472,301,11991,547,2551,684,2174,862,586,1225,450,488,855,586,1143,239,292,149,1,437,405,415,556,502,278,142,130,372,285
130,0,935,1245,433,4,817,259,16,452,2632,1,0,0,0,412,2906,724,624,200,382,2569,2901,5755,888,997,2226,2243,1,103,1334,691,4809,173,65,582,0,489,298,1813,1,385,2035,1118,635,1159,790,512,3,95,823,615,898,688,2235,6096,458,2,729,0,391,808,351,279,481,976,173,97646,82,1230,355,3281,1016,0,642,132,858,799,338,0,302,305,1179,0,521,545,793,1466,364,22,646,170,1156,0
131,6578,10143,6931,3180,3493,6099,706,819,2315,22913,2127,0,1459,1604,6410,14968,5012,2,0,342,29070,9004,19238,21,3035,18759,6165,7010,923,1799,981,426,1130,2721,441,2862,2946,1508,283,4100,724,3838,342,5374,6898,3217,1769,398,4653,418,2185,4021,3247,18126,25180,4294,16756,1990,819,1670,2633,1993,855,4,2584,118,587533,3913,3121,1242,8720,138,2297,2403,0,19,1682,815,174,485,1936,7261,5655,0,3470,3044,2054,1,1520,6021,933,0,942
132,300,865,8208,0,105,82,1975,224,1635,6202,4176,0,2743,2,3011,2519,346,1,86,122,32295,7000,35214,2852,11110,30311,5307,38,1457,0,1659,13089,1032,487,5548,369,0,990,2,1,0,1967,3645,3215,8810,2547,3222,5231,1,8087,2989,0,3858,15043,10190,71,17835,7,39,2779,4398,318,608,0,2990,787,94371,9721,2549,6011,11180,2562,1714,3538,23,720,2702,1267,795,95,46,3225,2050,3676,553,1358,6533,1,0,951,1618,4784,0
133,0,9943,0,1,0,0,0,2,4038,47452,6238,10822,2616,550,0,21654,1443,1687,0,0,12435,8275,11238,2963,4086,18403,97,1,0,5958,1475,6270,4529,552,151,0,5498,0,4416,9184,1,4914,3898,0,0,5024,0,28449,6450,34331,0,8,148,6017,21247,36,33252,3,4106,4154,98,9920,0,0,23019,0,1164003,0,421,143,0,0,342,0,989,5,279,746,1716,0,150,0,0,49,3119,0,925,8188,0,8279,1056,0,4631
134,143,1459,557,214,3,465,848,42,959,3036,241,313,767,237,714,2193,168,366,147,2159,1496,410,1464,610,388,1049,663,1555,446,804,186,1115,381,436,450,292,19,347,2831,922,464,827,766,609,566,640,47,1420,357,733,1178,537,201,2252,2447,730,982,197,216,208,236,293,237,0,1573,124,53014,339,310,237,1924,557,465,331,209,487,667,67,227,619,116,125,102,544,479,314,667,412,223,510,281,729,100
135,257,416,261,118,13,565,471,14,163,1878,64,341,190,108,472,1637,470,52,214,2288,781,264,934,2,187,493,81,229,2,268,316,1872,125,353,150,56,32,186,624,24,246,980,303,344,426,283,221,907,122,2066,839,199,294,244,1521,282,793,159,67,213,1106,231,509,438,1427,32,53859,31,497,198,1870,167,449,392,182,613,315,66,179,87,1,0,2,353,367,122,838,743,275,329,175,667,10
136,223,3799,298,0,1320,2687,1406,387,560,9376,1346,1627,747,80,1701,2036,0,235,0,843,10465,4542,7955,3064,3500,5205,1579,208,990,1699,2010,10,157,549,1547,840,319,395,1168,456,1333,1193,612,943,85,1,577,3087,1600,2296,17,736,77,1197,3481,568,2501,300,0,329,1492,356,680,61,3869,311,383978,995,1437,2363,3916,1550,7,929,1269,1254,2014,1331,982,330,906,148,0,0,2700,1,19,2297,9,34,1299,1957,1049
137,1722,6648,1119,1716,1113,294,8,2531,1809,28973,3017,2691,3036,3215,680,14895,1120,1707,4948,6465,6591,4828,11305,1713,849,8853,4080,3544,1074,9,1784,3,679,790,265,467,1250,0,3985,717,966,925,1792,1743,1819,2107,3888,8332,995,16,5,4226,3432,10058,11032,1165,7975,49,1615,2381,1470,986,3519,2194,7733,2048,29104,1911,12970,186,11075,847,357,938,1690,5111,3208,3936,1703,499,1,3792,28,1763,4241,19,2255,1846,589,3389,447,5187,2969
138,4084,13640,11671,3832,449,6205,1730,2120,3935,13424,5460,4289,1933,2639,9407,6029,7003,172,5388,14467,12377,3434,11071,2954,1767,9918,3344,6259,2865,6186,6198,17031,2589,3515,4469,3569,2157,1005,6713,2326,4387,9453,6326,11870,6276,1680,8454,5945,2188,4123,7953,3680,7322,12981,34342,4249,25019,4943,2828,1160,5778,2480,1264,1599,20193,4571,773742,12938,6236,3746,25704,3529,2958,8124,2282,1831,5730,5513,2357,1753,5824,2909,1919,1465,2428,4644,7162,2773,3671,5978,2128,9176,5189
139,5227,2008,2508,2571,593,2673,1899,249,1361,11128,3249,455,2903,545,4980,5180,886,151,8631,11045,7317,2340,6738,1124,904,6889,3933,1969,504,2727,4726,12031,1356,1857,1450,2286,4067,754,1846,1029,2560,10419,5724,1659,1240,845,1981,3827,1954,12345,1794,5,1051,5737,12334,1161,5706,1449,1899,604,1851,984,1296,854,9656,1652,410009,2980,2136,169,4442,2040,230,1563,1840,691,2512,2673,830,936,2411,764,790,2293,1849,1369,3422,442,2222,595,778,2648,764
140,4327,11462,2344,1029,0,1514,85,34,6625,3171,11645,1,1693,7525,2679,11218,5525,1605,2405,5990,17772,9569,30596,1919,5448,26615,4262,2814,11335,2061,1577,59,2069,3562,3300,346,648,1298,2529,2194,9,10544,2338,69,1600,1180,9035,0,753,1206,2,6267,8,23613,29429,5414,29718,1149,5300,1649,1883,2040,25,2,5617,1209,288873,9617,2,1147,5842,9,8332,3391,756,3948,7842,659,3581,463,12428,1727,2258,0,9407,193,4201,1994,3479,4040,1933,616,2743
141,821,9671,8827,6101,1390,4546,2560,7756,8759,32343,6651,0,1336,1444,4969,25035,10658,2077,3977,3,8671,4298,10765,1687,749,6496,2849,5016,2653,14907,5126,1,2308,4896,4782,3382,3759,1772,7146,2585,3849,5238,1740,2963,4346,2827,7496,13837,3936,280,0,911,6044,33293,55638,10672,5339,2493,4056,2838,10925,3504,3018,3068,16071,1501,73793,3772,11676,2110,42557,966,5134,3649,3584,3662,3618,3163,1466,3887,2670,6371,5270,2046,3628,4987,5512,0,2923,4957,1939,8879,7407
142,8853,15192,8354,2,0,11666,4152,3936,985,34775,12520,3395,4328,1,15935,17418,1937,2874,5109,33485,8527,7578,19490,2890,2006,10232,422,8190,1339,10390,3304,20321,0,3563,8489,1423,166,161,958,2266,2875,14127,10290,10544,3040,1485,4158,25990,7555,15286,4122,2116,1383,2431,18951,3375,25120,3992,1247,2911,3345,2088,6327,7863,47982,3175,415231,5415,4801,3064,13182,11369,391,10590,61,6740,10287,9669,935,596,3013,0,0,4132,12264,3080,11158,6188,4548,2926,5830,4312,1273
143,1200,19376,5616,1257,28,2574,6243,2163,3443,35792,4564,5864,3822,971,5532,17223,3411,3937,566,21647,7882,2973,6960,55,2774,4115,6113,1067,1401,7082,5335,14810,1934,4883,2376,2378,1548,2194,4266,4205,4197,3134,4187,3666,2597,489,1504,21752,5420,33754,4690,381,4015,9978,12893,4900,6751,2342,2157,1462,6705,5287,3631,7641,15109,2869,108975,2492,4874,4313,19320,6024,2418,3991,1343,4026,11052,6280,1825,6473,1276,2559,0,631,8854,4186,9472,4778,809,2195,2358,11394,5994
144,3612,310,1,0,1,2950,50,2,1597,13725,4081,7006,68,3979,3612,4379,2,1562,0,8136,16213,10933,40116,706,6509,15776,2361,1812,4405,894,6242,11681,1027,6101,1756,1,30,35,1,509,130,2463,1321,4172,4576,6621,1614,8829,3345,1258,4072,0,277,20588,30303,647,20337,1076,1066,2884,6395,6612,8363,0,6378,5645,241662,2054,690,3066,5965,2015,2,2123,619,1,191,3020,9067,4634,737,6,0,2588,4642,5213,1408,3905,0,2404,774,1583,2543
145,1893,11712,5725,894,5748,6988,4441,4121,7812,44378,2552,3730,6520,1503,3947,10772,4808,4271,5614,14921,10033,6892,16004,438,3932,12330,5801,4901,4131,8473,10223,38926,3184,12238,4494,4247,3597,674,820,5988,4954,3554,8433,5921,12964,6110,3954,28196,5589,39925,1563,6312,1379,15611,20018,3321,45519,2783,913,2082,10660,3301,2491,1907,30431,3297,899317,2133,6247,3772,44872,6959,3478,5642,8584,8882,9703,4785,4591,987,104,470,929,6662,9127,2226,4857,5003,2045,1102,4519,19063,508
146,213,1054,295,996,550,295,281,725,805,6978,1009,50,209,0,1391,2973,536,641,767,676,1742,1902,3622,339,798,4094,595,1370,30,906,1408,4,165,371,697,330,718,0,995,0,97,765,255,451,1402,106,1474,3311,272,280,0,463,375,2604,3983,798,2587,587,147,227,922,1093,1258,1067,2702,152,10847,616,2158,676,4284,846,144,1191,1314,1870,927,1098,500,1,28,21,0,924,1273,960,1203,733,166,387,312,5646,1118
147,167,5672,2369,495,0,5110,1596,711,1355,10300,1712,4499,1130,890,1662,5876,844,547,1658,3727,2373,2328,3928,16,968,2031,3157,2138,327,1819,2933,6086,1191,540,111,1048,1385,717,2166,632,322,2858,1509,998,523,206,1966,6322,2013,4909,2268,1037,1229,2376,4598,1357,6258,1091,1306,1149,1387,1540,1458,958,7814,769,250625,1389,6740,2310,9853,1213,0,1562,1021,692,2630,2421,786,944,1439,714,653,736,2285,1976,3867,1511,1718,3574,643,3821,1371
148,198,13701,5758,1431,1569,77,1332,1,5966,21827,8344,0,3987,1347,4845,12869,2964,1407,1747,0,12790,6856,11552,1153,3946,8319,4349,4213,1736,2811,5199,1,3408,1988,2321,3664,3163,129,9331,5080,1689,7300,4433,6096,1938,5419,9037,9937,3026,0,0,966,3183,12051,36335,4322,30255,3046,2687,1346,6492,5970,494,18,10040,1859,233869,3798,5456,2540,28541,443,2645,4758,910,6161,2213,2150,1579,1829,4770,4264,7371,6052,5617,4956,2359,540,2104,2884,1377,10498,10139
149,543,2057,188,1556,0,0,111,0,928,5785,2575,0,800,268,141,1066,1042,450,3392,298,15098,7637,23658,1646,2434,19976,1380,1464,9,764,735,1,196,132,45,582,2,1,561,136,0,2354,1139,2313,0,658,1,505,101,0,0,100,0,4063,6865,1325,3705,419,1575,2236,0,0,2020,158,1633,1685,582120,455,2403,254,1348,2567,474,0,387,12,30,856,933,0,530,2,0,3,819,220,3176,1388,0,0,121,1,53
150,1565,7593,5789,3126,1670,1060,4743,4275,13180,8785,6884,0,3112,3066,3843,15463,6308,6205,89,4393,2447,1408,4083,259,420,2582,5924,9418,2919,4278,2509,558,4548,3166,1756,2184,3843,1942,24375,8556,1925,4478,4381,1852,2690,3879,6851,924,6864,8255,1382,1852,3233,16766,36540,7744,15055,3404,3184,2574,1730,3417,460,5153,12971,1051,51658,5339,7717,2900,24075,1068,3531,4903,921,1235,3354,0,1928,3057,3559,7173,9994,1052,4048,4526,6235,3089,1493,2800,1421,242,2212
151,4897,16675,4278,2758,2044,3526,2751,2604,3818,36996,7583,12533,8972,5007,4465,15654,7302,2079,25224,2737,12691,4932,11785,2033,2860,7149,9358,3295,263,7333,3721,2,960,2943,7675,4538,2980,3464,4207,2327,2482,12544,2997,2386,3856,1815,14225,29338,1776,515,1,3325,1,16484,26787,4147,22174,1056,1750,3136,4928,7108,6587,0,20968,2594,610723,4434,6789,5150,27624,9764,15,5484,2501,7178,13535,4889,1323,1649,1854,3173,975,3931,9459,2634,13194,1461,4870,4478,3241,14495,5042
152,8990,16176,7282,3921,3207,7359,6934,7014,2143,22179,5979,2587,10441,2360,10442,10530,6652,0,4441,34461,21609,7314,15862,2135,4207,17361,8975,5962,1512,13683,6894,14395,1976,2696,7412,2176,903,1962,1566,18,8217,7346,2749,4977,5998,2030,15241,17980,1925,11987,7433,3150,7604,15261,32596,5245,15061,756,1880,1788,8929,23,6985,62,20093,3231,742623,7956,2323,5176,13658,4465,607,10924,1937,1576,9364,3055,5961,0,7621,1419,1253,982,2382,1276,9556,1861,4330,2673,1971,3656,407
153,92,860,234,277,434,361,34,450,244,9502,360,1255,372,234,435,838,102,367,354,740,3159,1512,2895,792,2147,2080,1228,91,401,59,1565,3,180,585,385,383,198,381,780,3,5,1398,899,762,166,148,184,3389,1681,664,167,842,1,1094,2289,1517,2393,344,360,453,867,269,1101,1093,3541,399,59879,23,1694,408,2433,1207,236,310,16,1115,424,633,574,1,125,8,456,446,1305,169,1230,402,786,173,373,748,838
154,806,3998,1757,630,518,1097,1463,1001,1680,8355,1538,1772,801,268,1898,3764,1923,856,902,6705,2810,1662,2119,157,622,2118,2643,411,588,1937,1292,9272,1700,699,721,614,759,1347,4376,1483,658,2057,2520,3161,1597,2007,1008,2784,1076,4435,1396,625,805,5771,6626,858,7324,1023,525,903,3883,661,1064,3019,6489,276,126781,971,2946,1083,9364,0,869,941,957,530,1912,1101,962,1086,138,1259,263,412,1646,1810,2206,1782,1865,1643,962,1169,328
155,2814,1448,626,29,1900,443,1437,1114,1068,15441,2239,908,242,515,156,6834,1148,2242,6667,8,2451,2715,6467,287,1300,3715,1082,3929,1119,1143,2262,2,544,1083,2351,970,456,93,1546,1483,717,2416,1607,1451,2334,397,1690,7876,1365,1412,0,2200,337,5404,6627,913,9675,398,267,353,872,823,3036,15,8650,599,171560,12,2914,3252,8027,2414,302,3486,804,1720,1766,3122,647,205,1,604,20,2104,1149,540,1475,193,1239,242,704,2911,144
156,2810,5415,1438,1697,609,1703,1660,2124,1746,8343,1541,525,561,203,4026,9617,872,481,289,8386,3745,3566,8818,785,956,6969,293,150,767,956,3407,2085,1184,3651,1169,400,810,480,310,535,1500,3777,1565,1441,2007,770,1860,5707,971,2434,844,759,991,4510,7712,2003,7585,228,150,853,3743,817,823,273,3510,723,288173,535,4859,983,6913,1473,50,47,554,2083,1442,1201,1524,851,437,0,0,1269,3262,914,3496,2382,1225,516,944,2565,875
157,1205,1835,1196,2778,1205,425,1708,1880,2093,22850,4033,4047,1544,1887,3552,16097,983,1236,2503,5344,12833,5940,12371,1215,1208,8658,3586,1805,818,889,5335,2244,1100,2397,4733,2769,1529,184,2058,17,3093,3923,5485,5065,4373,592,1279,9881,1660,5020,158,2,282,6334,16811,2785,11261,306,2202,658,1892,577,2538,3679,18838,3606,431577,1350,2699,4608,19296,7120,4326,2061,1416,6384,987,281,1109,792,2160,3,769,33,3036,1187,4765,2439,2472,1422,2009,5304,2143
158,6028,16130,6626,3708,2641,2702,2564,3751,8042,27080,5699,4990,2537,1627,4031,12704,8836,1715,19137,6164,8801,4437,8446,805,2810,10703,5725,6247,1806,4047,6489,2952,2702,2973,1288,5697,2433,901,10993,4343,1230,8080,1562,4880,3090,8875,5505,9048,5174,4506,597,2933,2867,31979,39235,8353,19184,4706,3926,2468,3998,2343,1642,3746,8817,2922,1075976,3908,8958,399,15207,2058,4186,5559,1061,1450,7601,8642,3269,578,2801,3688,2775,3056,4904,5190,5319,4381,2875,2206,1284,12789,5272
159,7338,18681,4225,1623,2996,10440,7070,3914,2052,41537,9682,1369,1196,2706,12961,18591,3988,1858,10621,15607,11896,5056,22359,828,5980,13918,3950,9548,2946,3433,9009,25688,3708,2589,5539,3783,3135,3035,6831,465,3207,10346,9513,4302,4286,1769,4527,21323,6065,11191,9449,3032,2228,12808,54856,8003,21306,6307,1824,5629,15953,441,1512,8702,5748,2384,953590,13020,9709,7744,31048,2651,1089,5201,2881,3662,4617,3252,1784,2531,4341,3214,1719,9134,5799,3202,19283,7992,2294,6165,3259,9213,8231
160,5,706,19,281,3,407,1043,1,255,638,272,110,16,414,199,911,826,710,235,360,2831,2098,4252,53,1343,1500,159,6,137,66,315,1535,0,643,46,389,15,1104,184,387,335,19,170,666,195,224,721,64,27,2331,77,0,89,991,1024,101,17298,21,310,122,307,602,534,58,281,187,24862,124,80,265,543,3,397,46,604,167,597,317,213,344,148,238,23,30,419,62,569,341,2,91,239,35,39
161,1341,15980,4247,2,3108,3855,1358,1270,1293,6958,3005,0,3212,2,2073,4979,1797,681,6356,5423,6976,4857,10188,759,5093,8371,5086,1203,1604,3416,5509,10245,485,1611,1711,1607,385,1280,1201,2,1776,4540,4131,2031,3605,1054,3998,12008,1827,6542,4413,1,2814,4629,8033,1791,12110,293,2059,1345,3793,268,0,1433,3988,850,393332,4324,3138,1671,6210,3522,3417,1710,556,2569,3956,1737,1054,956,2844,2024,1846,2744,1844,783,12107,909,4274,1718,1893,7310,5
162,841,10416,3442,1591,849,560,4700,1963,1769,29795,4715,3049,5454,1542,4233,13310,8135,2297,542,1685,9629,4918,11984,1539,1291,11277,946,2807,989,2479,5975,214,1113,1438,3576,5193,1448,1006,726,1,1329,9531,2752,3317,4665,4023,3511,13937,3381,1126,1257,571,1986,12998,9909,5546,18881,666,2210,1231,1083,2946,3170,4922,17498,840,248847,3281,1936,22,12671,7433,1258,6331,3165,2007,5801,3726,195,1239,857,948,1989,317,7063,2160,2841,2064,4692,1938,927,2466,3221
163,458,6406,3586,0,4035,3311,167,2618,7434,32090,5750,5331,1893,2307,1941,13565,3411,5111,8519,0,16540,7575,15759,4647,5019,13402,4670,1708,2653,2793,2488,0,1641,613,2084,1733,944,2397,4549,3920,3308,1836,14,2921,1888,302,3809,16891,4071,0,0,1133,1,17308,34929,5742,7671,450,2114,2292,2450,1163,3023,25,10205,4090,28354,586,6880,1973,16644,2302,0,3979,1428,2661,11503,1360,819,166,1563,0,984,3916,4590,2175,5734,90,57,3920,1901,5588,2169
164,556,6102,133,1,1176,257,4429,175,1881,24994,10751,3104,109,1170,5097,2849,1574,2681,4306,1860,22887,12293,34615,35,11025,29813,1817,123,2562,312,8178,263,910,2428,849,8453,365,0,2,423,1761,2060,1353,1664,698,11,4673,9176,2322,18,0,1,2968,8699,7895,1759,26812,1873,1772,931,2722,1642,6931,626,1861,377,216281,1069,5547,2855,3818,550,787,10190,2255,404,7329,3388,3526,2325,2658,0,0,247,16562,1416,5490,497,595,719,939,798,2435
165,820,11527,1475,1029,794,2296,216,129,4494,18476,2738,2699,7851,4078,1705,9563,3775,1896,2506,80,10429,7136,15420,1552,2074,7762,3043,1323,640,637,6732,6,2187,1048,1632,2696,1503,676,3705,3472,2263,6115,2950,3390,4093,5387,5876,9287,1710,88,1,0,2013,15916,18438,12181,14294,382,230,1919,1755,2109,1443,0,17793,3369,127772,4083,336,3576,10129,4940,1065,4357,2370,2867,8240,1509,1710,1671,2062,1229,1671,1410,3376,580,8901,1898,1775,2361,1451,2884,2479
166,1151,3595,2051,806,75,1217,1191,787,767,4983,582,877,287,314,1719,3479,1070,213,1776,6489,1990,1445,3420,280,756,1295,791,172,654,1344,1072,12133,479,475,357,503,291,979,286,2,852,2460,1213,231,1200,144,611,5623,445,6166,2058,323,5,488,3635,600,2588,421,868,713,938,235,1284,1304,2880,616,88976,994,591,968,5413,244,2495,1384,124,971,2187,374,264,1,670,268,242,708,852,767,2288,1101,783,1856,465,452,1049
167,350,8049,1712,705,2484,1429,2046,2253,703,11256,2168,665,2143,712,987,3519,3008,737,5112,3290,2374,2035,5373,411,1117,2515,1874,1690,811,2528,2340,2602,616,1484,2215,881,700,843,1294,3,970,2408,1721,1796,1697,883,4020,6293,1278,2612,732,814,348,4516,6955,1861,6767,768,419,1083,775,1055,569,2147,8880,856,238891,1164,2650,454,9381,2176,377,1408,1812,1606,2947,3880,1646,2039,956,325,651,403,3243,1510,5279,498,925,1801,590,2465,1012
168,839,1160,971,328,170,0,466,379,435,7610,1957,670,204,134,1004,5159,680,235,709,183,2580,2113,2505,85,1098,3122,1287,1705,343,2226,622,0,166,291,839,749,495,16,917,561,534,821,112,517,111,1187,2037,4517,575,0,0,148,332,1979,4692,630,5289,501,250,284,695,664,1286,1079,4345,518,45936,767,647,737,4506,2041,383,1114,418,831,1030,312,146,206,0,217,0,716,1155,23,2338,289,413,81,343,1638,1439
169,950,3300,473,837,882,29,416,1230,2798,13931,3249,85,1,1079,779,3356,1217,1147,4035,1,8722,7860,12407,1048,4972,9222,2001,0,1205,669,820,3,215,160,1630,937,524,0,7,1111,431,3877,909,1283,713,2110,1187,5967,1927,1,2,1755,928,5351,8036,2436,5175,1229,395,601,915,1124,3933,1239,2194,1123,121753,1320,2187,491,6559,1031,1,242,1097,2155,1636,764,780,589,2107,1468,180,1014,5156,0,2942,1,1563,16,1901,890,676
170,5815,27738,13166,3320,4436,3394,20,2139,10502,26792,8011,0,7579,9885,4909,7005,5364,7297,12485,3954,13450,5411,20468,1219,389,7708,7278,7599,6033,11538,1545,1,2974,2668,8563,6530,5854,2071,8753,7741,2079,10609,3723,5531,9763,5146,13837,5241,7867,164,520,975,5483,33862,50573,9144,13534,2850,3800,5056,7785,3298,511,135,22728,3877,440089,6333,17430,1068,31913,2561,2784,6448,763,8313,6546,1806,850,993,12257,2287,12892,729,5065,7068,11115,4994,2020,7971,3309,9368,7283
171,4379,7385,1175,846,4627,2644,5860,559,9261,42639,5916,237,5282,848,7778,14997,7589,2116,9868,16327,6468,4329,10884,3094,4022,10414,4813,5122,1675,2156,8219,7975,4933,1658,5608,3778,5422,967,10608,6143,1844,5108,7191,4373,3130,4332,9614,5232,5934,0,2623,1713,1486,24958,38349,11217,23072,2676,4343,2133,8611,4012,2076,2230,20202,3377,1352722,5991,6596,665,17812,4766,2160,4924,1230,5365,7885,5572,3115,3152,1944,4038,1992,864,9052,3573,3810,2777,3922,1783,2534,2259,2260
172,7616,45226,4189,96,3443,5400,7574,3067,26148,33521,4169,3082,10006,0,17439,39053,5154,2288,4789,0,26001,16749,39514,0,8909,29046,7187,3515,1951,5,3998,2595,4998,2077,10728,6756,847,3411,12975,8160,3789,21354,6098,8157,3385,22370,15041,63375,7595,66,1,1446,4873,53465,88452,20586,36963,1377,6,4478,11347,4211,9962,90,45489,6639,392740,5423,5243,4800,19667,2367,4518,6062,3720,687,7886,18332,1513,6137,747,0,4427,1344,6671,4454,20,0,7082,23,3415,15217,2949
173,399,1387,2009,449,173,2167,612,229,402,2912,812,0,849,344,935,919,1189,7,1311,1916,1694,1245,2869,790,381,1609,1192,519,941,188,863,2525,595,459,367,576,43,554,1223,219,604,1252,469,845,600,880,1400,1975,676,997,728,334,910,1415,3793,1075,3044,704,244,400,986,335,308,756,2456,259,154872,484,972,104,4228,5,758,590,190,345,1868,805,109,588,241,1482,396,364,990,671,1789,1201,977,270,312,1042,744
174,1744,23049,10117,2276,2622,7632,5916,2113,3882,11629,6388,0,3765,1235,2955,581,1608,477,5295,1350,13239,4933,10080,779,1121,9482,2777,2108,1679,5867,7198,17232,774,2090,1300,2072,1583,2600,2712,2162,1415,1779,3133,3166,2799,383,13050,6350,3810,2769,5512,1629,267,17628,15533,3382,17744,4912,767,3571,2662,404,955,5064,11702,698,119184,3791,3585,827,16981,303,1949,3591,779,5132,7927,5980,2249,5152,3084,3752,4517,0,4174,5548,17545,475,3465,1669,693,8372,3863
175,11373,76622,6826,10963,2919,4039,9910,5625,3641,69518,5127,15081,2008,5571,8491,40338,9203,6470,10466,26376,36219,10229,49902,4636,2777,37682,11844,12800,4243,6622,8980,8865,4064,3933,10217,4400,4535,1699,2004,8681,7615,24717,2306,14125,8303,232,8015,36272,7356,32776,3519,1058,2853,41095,63472,5206,40090,2599,1485,61,2441,4056,9965,11219,48809,820,574328,12197,10343,4051,46094,10506,1245,7407,4959,3368,23294,7697,1862,1120,1815,1259,0,751,13693,2597,20948,4837,1,2557,2371,4696,6406
176,1517,50800,12723,5525,7,0,3061,5682,2435,38867,4037,3908,2209,92,14304,18014,9345,5080,4064,11789,20460,10213,49999,3749,6901,17869,7520,3660,4413,24469,3450,38100,7767,5720,5564,6271,467,1053,5606,2274,431,13716,243,9078,11732,7124,18,19023,2410,10238,1209,1971,0,28044,50292,15144,29797,2398,1738,2948,11465,1641,7383,1714,13782,374,245507,3330,26658,940,18315,3741,0,8003,69,5,9209,1577,5652,2176,2321,1408,1733,3507,14108,4585,13065,1716,3006,2353,3873,7655,1764
177,274,1949,1039,1,448,446,457,612,128,4693,38,276,1568,163,966,3707,294,68,1527,412,1480,1496,2915,0,494,1038,1413,510,253,1073,884,8493,380,569,352,528,750,163,1586,0,250,1013,572,707,91,368,1547,4974,978,1018,680,3372,572,2697,5065,713,2218,592,403,238,1037,191,563,2348,1786,197,71276,714,223,828,2856,521,760,1020,102,509,2158,1011,585,452,1432,211,1022,89,810,657,2623,190,1027,798,229,1807,890
178,195,2109,328,508,982,0,268,149,327,5315,660,1764,0,6,139,2051,535,449,126,124,2401,1206,4376,0,419,1973,399,66,269,1181,155,0,552,132,81,339,231,0,1040,594,367,1219,479,327,228,245,130,2240,940,148,0,604,151,1505,1803,1160,231,586,459,750,243,784,567,366,2808,0,115501,320,1125,401,1572,726,1,605,37,224,472,1173,537,481,0,627,353,67,781,88,680,196,428,103,258,314,22
179,417,2223,873,439,420,264,448,715,442,7114,800,1030,0,0,1213,1635,1436,497,1819,693,1971,1980,2225,213,482,2489,1057,548,847,378,1409,2372,273,907,451,430,494,261,287,2,304,861,569,328,209,408,503,1909,1003,728,63,361,359,2145,3401,1802,2470,3,354,340,576,745,287,266,3406,328,25701,201,554,541,1789,996,53,1807,595,485,388,433,319,661,202,197,160,82,341,817,1964,127,340,18,149,3280,473
180,548,4056,909,1943,1255,136,751,951,2059,11929,815,1735,815,275,515,4248,1877,613,3,404,3472,2411,4834,334,1824,3315,2110,1255,66,1123,543,0,1570,958,1719,551,1534,6,1662,1455,471,2447,913,109,2220,1603,1698,8385,860,16,0,453,1437,3720,4445,3196,9526,494,619,739,2157,1225,2801,1994,3397,1222,29429,259,2905,1087,7711,340,668,396,430,1120,993,339,667,519,379,981,204,279,3487,1461,3228,913,645,0,655,4597,799
181,472,3578,271,734,6,576,917,724,622,7607,2078,552,868,1144,1300,1761,1032,195,827,1266,8333,3880,10307,827,2975,5224,103,622,1694,0,1003,1,1016,408,2247,1783,762,1004,1305,2,935,2620,51,1188,131,869,2556,2505,519,10,309,1403,329,3188,4681,1419,9910,1323,2567,507,1686,774,1340,52,2213,733,24564,234,6767,1446,2824,1440,1047,2043,1289,1731,4019,11,1976,864,518,1052,1571,2801,1800,252,3499,0,588,296,737,162,1008
182,4646,38005,13644,1949,2700,10207,1258,5146,9473,20565,11292,0,12367,7515,10817,25104,10398,1354,21355,21707,17224,10504,32244,0,4444,21369,6184,8196,4126,9933,2372,64569,4576,4478,5671,5195,2449,6974,10641,9229,3034,21248,3402,7754,1441,1691,7726,9342,6700,10865,15301,3715,697,44019,81344,7203,32154,9229,3426,2419,7608,7510,884,3585,31241,2628,1110206,6813,3691,1531,23873,1407,14825,7044,341,6552,12752,2688,4433,7742,12430,21235,3846,2250,12849,6947,17116,5079,7792,6240,2198,10678,7109
183,3000,3819,74,5,715,12600,2591,12,2768,33240,10644,40,1,0,8675,7133,500,1,2570,15108,31119,14373,38276,7634,14363,36861,2884,1773,17,16,9847,39459,4,2350,3512,0,1,3,6714,0,1806,10318,1507,5710,4489,13680,5992,41014,0,5648,5278,2828,3878,7470,39243,2792,44522,256,5039,891,4824,4716,9369,441,15239,580,723584,5776,24929,4392,16995,8927,2470,2199,1631,4329,9136,6038,1027,2,284,2957,0,1473,2214,608,5852,422,2766,0,1839,4771,5173
184,2107,42509,7884,2824,6112,8712,1754,15,3352,68792,8768,12391,3829,3970,8543,15463,6436,2274,436,19357,15686,14746,37230,2806,4385,27271,513,2266,106,9590,6528,5569,8685,3322,5347,3357,491,9205,3511,1,4205,13225,5132,12079,0,1664,10017,42997,9332,22308,68,6862,1004,35389,60594,1713,10764,0,4470,6393,5830,3660,12959,649,38212,6307,326247,5786,10896,2550,8061,6012,265,7441,2335,778,17320,1127,3342,7313,1,0,7,1129,7171,1946,17817,203,5746,3982,6085,13335,4228
185,7919,33412,7400,7414,13,0,2444,5203,6177,68877,6004,22396,3336,1,27976,61132,16358,7134,9452,4288,21899,11794,45840,4885,14875,26058,5240,3913,8821,3916,7673,1,9088,4237,15666,7774,777,1895,3455,2567,6457,11196,6384,8101,0,4911,3653,48366,310,0,0,1,8722,29275,65962,11114,96723,2912,4803,5211,9230,7098,28138,647,67321,1485,114740,13977,13040,5436,27681,2,1470,20061,1582,225,15261,9675,2138,175,2513,1987,2415,5310,23375,3505,27880,468,7948,9121,4589,8365,9998
186,21,1640,152,432,629,168,821,375,645,8269,1100,507,534,577,1575,1948,966,131,591,3305,2569,1008,1444,1,846,2124,596,1445,267,1001,268,3883,411,1474,989,421,290,172,1449,418,526,1578,1490,145,1807,1091,996,3012,405,3087,909,906,291,3243,4478,361,4318,278,90,178,611,613,1966,92,4440,172,133944,485,1443,502,3986,793,693,986,250,512,1306,110,228,158,502,374,0,67,731,463,1149,978,378,255,541,435,462
187,1396,2133,1203,161,541,823,1125,1089,583,4418,723,362,650,697,1672,1544,1704,462,1077,2727,2543,1770,2309,507,664,2161,1224,239,463,902,845,6669,413,948,275,269,354,145,470,236,1343,1521,733,1213,1516,280,675,4734,1472,1421,1858,413,797,3986,4976,776,6812,29,616,439,276,616,1218,403,1645,439,102948,437,1363,949,5500,535,925,768,244,34,1614,667,660,1087,198,995,551,318,1020,1076,1686,1045,973,427,382,397,744
