,0,1,2,3,4,5,6,7,8,9,10,11,12,13,14,15,16,17,18,19,20,21,22,23,24,25,26,27,28,29,30,31,32,33,34,35,36,37,38,39,40,41,42,43,44,45,46,47,48,49,50,51,52,53,54,55,56,57,58,59,60
0,1165,3215,1590,2377,1012,3391,2383,3459,2459,1895,156,1461,6480,1052,1701,5147,3562,1810,6548,589,2320,1680,4535,923,1880,1076,2181,2000,3026,1588,3190,2802,3703,855,4501,2171,1348,1445,1077,960,2238,2718,2090,21890,2553,4157,1239,1349,1481,709,1052,1306,3826,932,1621,753,970,1378,1432,1175,1414
1,5988,3332,333,2263,939,5206,603,14311,5741,2917,2373,2648,6367,5696,6000,187,9713,5349,14980,3859,8512,533,8179,4249,2656,2275,2899,5892,5810,5033,2230,5829,1656,5848,25208,9183,3757,2148,3842,5061,3214,4027,910,316502,9502,3652,1947,1158,2443,1014,3793,4784,4117,174,962,4504,1900,5054,4096,88,4671
2,520,863,542,5,74,0,1129,1606,522,1180,570,346,2186,472,169,191,1553,865,2933,786,1662,350,568,235,156,397,346,499,406,746,0,466,272,192,2162,393,253,273,227,305,0,854,333,32490,1147,0,127,539,151,9,0,1347,0,0,1284,448,71,129,138,213,107
3,1049,2638,205,1004,812,1679,340,4869,740,946,442,408,2108,899,92,1813,1384,811,1822,701,1153,540,1881,436,819,449,928,938,482,1186,109,1075,812,933,2293,1176,272,1478,1317,748,451,452,365,16530,1398,942,705,534,877,36,511,602,897,1375,638,419,847,438,379,477,306
4,5996,8024,4174,7850,4310,6779,7275,15832,6978,3667,1399,4479,10454,4585,3216,10537,2437,1873,4912,1226,3958,1007,6920,3733,5016,2695,980,5949,3355,4725,2570,4739,6271,5595,25385,6253,2832,10026,3932,3696,6985,6744,4491,358869,4110,14029,6254,1961,2534,2310,4044,6957,15123,6462,483,2331,2707,3277,5129,2412,3201
5,2729,6721,912,5100,3637,2939,526,5334,2299,1466,760,2079,4644,2075,839,849,2990,2127,4610,969,2490,1833,4435,1301,753,1401,874,3859,2457,2767,847,1522,1527,1438,9022,3564,580,1683,2124,1045,2675,579,1964,287482,4764,2985,2925,1383,1482,655,341,3488,3293,1490,58,699,676,760,2029,129,1238
6,4628,8172,1054,3333,835,4783,698,3470,3396,3717,3958,1785,4191,5803,1432,8091,5621,5180,9674,2023,7124,1309,3736,2252,2590,2152,3785,2789,5898,2146,8401,1664,507,4775,34451,5020,806,6537,3508,1779,3,57,2964,48087,4165,1946,451,212,973,492,1540,13751,3071,14488,2551,1414,803,1131,4062,70,2908
7,6992,12536,946,3861,3406,16998,4003,17050,6600,2650,1374,5763,24498,13272,4237,58,13084,5108,25242,1991,12547,2357,7321,4162,2070,1947,1270,7673,7237,10115,3156,5561,5773,10070,10634,8208,2901,4184,1882,953,3116,4799,2005,193087,8780,6837,3179,6028,3693,1224,6304,4842,5976,617,601,5292,1760,3134,201,9386,2853
8,211,1742,539,1358,433,655,0,309,2375,123,594,67,587,521,29,557,277,679,610,0,350,7,1151,0,14,17,2158,276,1435,951,496,966,1,617,3724,1226,340,1281,519,642,214,1400,1377,35211,1538,0,0,1,558,0,1286,109,2639,35,0,272,956,868,51,326,219
9,1706,2095,1306,1441,1801,3550,1425,4057,1895,2039,428,821,4614,1733,1287,1799,1742,1139,4021,936,1928,1480,2499,1200,641,690,620,1917,1963,1687,528,1734,954,1781,5057,3545,1455,1600,1326,870,886,912,1046,60206,2883,1118,1247,978,800,673,2755,3184,1303,1375,617,755,461,263,463,697,941
10,1635,3557,864,1005,193,2438,1532,4811,2853,2609,79,2166,4852,2649,1442,5016,2211,2390,2817,589,2410,394,3484,930,1477,280,1138,1338,1633,1637,1956,2805,388,1980,6577,3808,1332,1299,1479,1840,799,412,412,22926,4238,1098,383,674,1640,1249,2082,2666,2726,2095,958,1322,749,2055,1091,625,1778
11,4,762,642,696,454,0,337,1728,1290,1464,358,739,4024,235,8,0,2489,2159,4735,678,2386,583,999,579,93,1884,748,1585,1236,2220,231,237,1044,736,9039,797,334,18,1280,8,1124,2,1033,41260,2311,446,82,571,701,0,0,5024,266,0,571,294,170,512,524,571,439
12,1349,2891,49,2027,484,1638,870,3241,1193,1207,1179,666,2461,3331,718,780,1794,1186,3309,331,2838,481,2693,596,569,429,223,817,157,724,39,1546,45,1190,4642,2079,0,604,1736,323,543,130,926,38153,2312,232,528,382,999,456,2603,1794,1309,1606,250,1521,958,474,95,1453,924
13,1344,6711,624,2640,2770,2046,2100,4346,1278,2812,48,4587,8375,1083,2442,1307,3366,2689,4864,1639,2940,1413,2374,1562,965,1823,2485,2784,2095,3130,3188,2061,1755,1652,4794,2527,1524,5051,3996,1081,2950,851,2096,12015,3167,6070,1474,824,1322,383,1819,5255,2154,1961,1594,741,2089,1286,2815,755,1048
14,238,1696,2,195,98,1108,578,2624,1175,507,0,0,3967,45,342,365,4015,3069,4006,819,2352,867,1510,208,56,304,807,921,1165,516,1080,3,187,1089,3128,600,909,3815,59,195,859,710,795,12557,525,0,397,320,843,757,0,778,0,4017,410,392,72,330,473,126,524
15,1024,2788,216,1051,480,1280,1051,2200,1595,1050,61,975,1830,781,682,626,1580,1051,1974,736,1635,1108,1387,246,576,116,543,1395,1053,785,818,731,276,714,10587,1485,575,1380,556,353,594,459,276,155801,661,727,173,664,846,290,1790,1554,1568,1124,495,338,354,392,828,205,1133
16,3509,8258,3022,1470,3000,6690,4017,7853,5386,1458,689,73,9269,2111,3421,996,6188,2166,7136,1225,5175,836,8362,450,2378,1731,2623,3566,5105,4896,714,1606,1816,2787,5724,8558,1535,3446,872,2326,6151,4650,2935,273526,5133,359,1528,1956,4948,2246,0,4507,0,585,369,2002,0,473,1954,1261,1964
17,3259,9304,91,4202,2163,8821,5808,17447,3533,2056,2181,5634,10716,6946,4247,220,10759,4882,15594,2960,10575,3648,10664,7037,4060,3469,2604,4974,2889,5870,690,6598,2395,4107,3540,6522,2609,256,2811,4865,1520,4204,4614,203085,7085,5505,4406,5740,3470,2232,1628,6957,3827,2006,874,3257,2780,4163,4577,1017,2887
18,1808,4328,225,404,219,1195,1238,4770,3363,2782,216,1492,4340,2082,1862,7561,3775,1560,2946,850,2026,942,3124,833,1660,311,1114,2763,4229,2595,2181,2444,442,2264,8916,2955,1000,2688,322,877,234,902,526,99602,3322,723,89,1712,2449,1426,2250,3218,1985,2469,100,753,235,435,123,1426,1387
19,376,1816,0,397,117,883,31,664,2028,282,539,1261,1096,1269,39,390,2149,945,1728,645,2591,1,1150,132,320,0,814,2,1968,1357,445,254,309,695,5741,795,0,1714,477,0,1571,1307,101,110855,718,510,0,0,518,36,1905,1421,1434,283,1035,1093,437,0,0,694,391
20,538,1057,5230,1,3484,6040,353,868,4174,8386,7497,4407,862,6560,108,89,4113,3193,361,0,9541,552,5041,2,4,2550,4222,6863,13048,684,4777,0,0,2048,75794,10156,8836,7574,6245,165,0,0,1,177520,10241,1799,3826,6174,0,268,3799,8490,0,1001,6363,0,3768,5,317,0,3014
21,906,4150,945,713,459,1992,2134,4785,3407,1621,1875,2452,4372,1867,998,879,3735,1118,3821,229,3001,1312,3009,660,535,655,1056,1240,2002,2644,907,2354,1352,2806,3381,2620,851,1000,613,433,224,858,1162,87898,3038,1942,718,1841,1516,492,1556,1160,2086,1783,1506,1545,767,1366,787,1444,1195
22,465,0,230,3,852,731,0,1397,965,315,45,85,1272,418,784,1,180,1353,205,506,713,318,852,6,751,33,0,173,695,0,0,0,0,782,3727,810,1075,1356,34,404,621,0,101,19498,0,47,0,286,18,1109,758,0,29,18,856,464,434,3,292,2,584
23,2964,7186,1373,2718,4126,3885,3413,5856,2891,1130,2579,5107,4919,8179,2101,107,8961,808,13294,2646,5424,923,7834,3586,2517,707,378,6725,2669,4222,153,1354,3097,3798,7030,1798,644,3684,2322,1145,3001,1588,1772,428521,4766,1590,1031,1426,41,0,2724,1427,2261,3634,533,2993,3232,6271,21,1848,1793
24,151,1003,4119,1142,5,1607,129,36,1271,692,582,1552,1511,1702,170,0,1310,2807,2139,778,2203,2,473,10,1465,848,9,17,626,138,1284,982,0,0,12889,1827,1,1822,293,510,1214,0,1,58670,0,622,0,0,576,1,2946,383,1379,1075,3,222,353,219,194,260,705
25,17575,9885,5635,5069,4197,7721,4656,22194,8856,2343,3048,4825,19114,10700,3221,191,6496,2211,12790,3045,6395,2189,17765,2543,3959,1482,2553,7597,9761,3592,1171,6722,3312,6212,36264,11893,3847,9351,7369,3364,1557,4822,2416,677434,13142,12154,4466,7472,5111,1693,6753,3146,9210,1678,1529,3490,2203,4427,4195,2220,5597
26,2817,1,51,9560,2587,4954,230,2843,8510,1411,3013,9368,15032,11342,2469,4281,8130,11855,6870,10996,11213,64,4915,505,3551,1169,3653,4270,3444,8531,11082,4331,3947,0,42306,3094,7022,8748,2784,3364,13730,2180,5654,1323632,11657,5091,12969,29,2369,10109,15670,2289,14034,5673,2831,1723,8675,2124,12813,11,6673
27,1647,4302,0,40,56,2589,1174,1,2963,239,341,144,1724,1532,10,1500,821,1274,1936,1,3684,679,745,1,30,118,258,837,1351,2352,54,0,0,10,8808,1402,924,1851,917,1404,1078,51,736,266609,675,1,197,2434,2407,1446,1607,1176,519,118,0,886,2850,0,96,392,537
28,199,348,123,627,49,674,364,466,828,194,109,112,850,175,183,660,796,497,1040,105,1172,176,404,271,332,230,133,300,369,411,5,516,255,154,3745,832,143,1045,153,205,73,42,10,8326,1023,129,716,62,235,238,705,1521,574,1217,52,312,489,72,175,100,156
29,66,882,474,1,7,1306,512,1205,905,139,469,1326,944,1426,30,2,1438,1092,630,538,673,4,277,30,232,177,1,769,69,154,0,852,0,560,2428,11,958,561,2,320,0,867,444,31167,277,167,70,757,1481,22,484,1930,1583,241,521,10,923,7,0,128,362
30,1733,6623,530,2602,2112,3869,5817,12963,3221,2587,1073,3128,6189,2977,2931,6910,2350,1756,3592,540,2069,1529,4621,2136,1825,1069,1126,1805,2169,3822,1544,2227,2103,3498,4194,4171,2003,786,3068,1998,2692,2492,2369,39272,4560,1018,3089,2075,1841,1833,3026,6134,2011,2320,521,1623,1134,2069,1270,1278,1889
31,293,704,0,300,828,958,0,221,554,467,512,879,2165,1050,10,435,3187,901,2,1,1601,13,85,1,0,517,2896,1097,11,412,5,920,30,0,8579,3994,0,2642,202,36,283,40,0,81959,1498,0,289,1,352,1,528,1844,127,0,198,0,162,0,7,1102,801
32,3415,7613,222,1477,0,134,2654,375,20903,1089,510,7783,6270,16769,0,1904,12224,3734,2487,1733,678,7807,6342,9983,36,1098,5405,10311,2869,1431,693,9167,27,2280,43187,17188,0,6159,6109,7459,0,0,0,571335,3340,6586,8,3310,4314,14760,14822,5272,5770,6418,5790,148,4792,0,8991,0,3323
33,517,888,7,458,920,1012,1046,5331,1690,1938,419,351,1573,1574,28,1942,2084,1044,1149,1,2708,17,1164,85,590,419,292,1260,2787,1146,18,847,518,1571,11148,4016,4265,1241,1329,65,0,679,681,110858,836,16,6,81,343,986,852,1740,2338,163,343,2343,828,435,3524,508,1550
34,233,65,60,3793,2097,1,3351,115,5353,3959,2074,0,4545,0,0,2719,30549,18048,52686,8976,18282,3,1712,0,0,951,0,0,1146,1818,0,3113,56,0,22709,0,0,0,3217,2234,0,4,1,74921,6941,27,4010,0,34,619,151,11098,2250,2,4413,1629,1786,0,3,0,805
35,124,1980,812,58,102,2212,548,1980,1926,777,492,1536,3353,992,55,796,4139,1173,3386,0,1541,708,1000,127,376,686,1322,1198,21,421,366,2045,3,0,10896,0,154,2184,138,72,1638,611,119,61161,959,1575,1123,5,565,60,2642,2766,1665,1083,668,5,1977,745,1576,202,1365
36,129,495,738,1341,280,1217,67,297,2242,1897,344,1056,1655,1527,213,2594,5768,3004,6512,1132,2971,25,2344,1366,1,573,936,167,391,1482,151,159,1192,219,7919,1160,0,3238,1747,158,1535,1056,145,231723,822,588,253,551,996,574,2367,1753,586,5415,28,811,1277,0,362,686,874
37,242,424,379,199,354,705,7,198,609,275,937,852,2039,202,136,362,1789,1662,3848,458,2381,257,777,507,23,208,68,282,781,197,448,562,284,42,5404,374,362,349,167,124,32,442,186,36290,803,72,125,343,548,132,650,1151,474,1390,236,168,538,337,314,0,380
38,1035,2446,381,1567,1555,4812,993,5588,1835,1237,0,1802,4996,2113,1169,3714,3202,2528,5324,1979,3357,962,2318,1089,1338,809,975,1230,3102,1940,787,2367,742,1924,7143,1738,1337,1503,794,907,454,1252,1068,134170,4607,1136,1084,1031,1629,118,2015,2162,1659,1651,941,1363,945,989,2623,1632,1320
39,352,213,652,0,776,827,417,1429,1289,1049,1225,888,894,654,25,63,1965,1064,4082,990,2677,7,996,72,489,1649,506,449,291,1346,0,1021,0,0,3999,1403,859,1159,32,244,337,620,331,88896,1125,0,68,1,2,1090,0,3625,0,86,621,549,39,517,407,1,354
40,3601,12165,2447,4643,1490,8601,7075,14147,3843,3828,629,2862,14384,8056,2317,5236,6026,2158,8042,1867,4268,3645,10057,3058,3918,1538,1207,5885,8603,3300,2891,4647,3968,7133,13577,11962,2181,2974,3648,6054,5684,2905,4693,96256,4692,4748,5185,4420,4858,2021,3939,10436,7284,5238,1552,2898,2006,4181,2998,1939,5072
41,110,2235,0,1268,713,4225,2483,4389,784,130,551,254,1309,4082,15,628,3261,1025,1006,198,2184,512,0,906,718,325,615,982,1023,1039,1205,64,0,1,11306,184,1053,2723,919,202,639,0,0,40899,794,0,1446,0,0,1258,1328,1510,2244,98,2754,104,2937,250,1396,2832,403
42,1712,6123,1216,382,807,4123,3389,10995,8530,4795,143,3,12377,4770,1178,558,4439,1110,2554,539,2883,1639,5909,974,1557,16,723,1006,1639,4388,901,831,1454,7774,16,9869,3240,0,65,1926,2194,2153,1514,24944,994,125,701,2161,4828,1922,1,5560,0,88,1053,4487,0,1474,315,886,2146
43,138,135,6,140,54,2,0,0,118,171,101,4,163,115,0,362,1117,732,1639,476,850,0,258,29,0,30,233,133,319,7,0,223,53,0,2284,95,1,74,33,90,1,78,146,9045,423,0,194,0,272,92,0,1124,86,0,188,160,0,112,399,71,105
44,4552,3081,948,4112,830,3801,1112,1841,3626,1896,768,3117,8096,1609,1261,5485,2633,1832,4829,707,4570,3246,1840,2085,1139,525,605,2098,3479,3409,1597,2684,638,674,13685,3150,377,2840,2882,2245,3899,1123,1228,110377,2245,2059,2592,2143,1529,1305,3341,4783,2766,3313,1124,1472,2039,827,1710,1393,1789
45,205,189,223,1,122,0,356,90,345,134,52,165,322,28,25,153,1205,1077,390,242,874,1,315,57,89,167,192,90,402,170,0,72,0,20,3548,52,1,46,0,0,0,34,41,20940,34,0,311,242,38,142,0,1103,0,0,248,0,56,468,41,0,103
46,52,3050,2,131,31,1363,0,80,495,276,124,866,1123,538,498,699,641,2415,175,780,1574,1,282,523,1294,301,690,1941,849,0,378,175,0,1018,7432,1593,1691,645,719,0,0,16,6,30018,44,0,1293,970,1965,234,1588,206,10,37,610,653,894,7,1,22,1544
47,1332,1047,289,409,164,868,541,2115,595,551,335,525,1629,1191,368,271,162,320,448,115,555,176,978,325,73,168,370,676,1127,475,88,698,166,875,4295,1020,196,1143,1148,169,344,377,275,126033,1041,303,401,514,556,233,721,860,434,444,106,658,245,547,319,319,497
48,685,662,225,43,330,1073,388,224,1521,240,12,1699,3206,308,950,2,1309,2027,1508,683,285,2587,3,125,438,589,455,2180,1983,879,408,486,3,869,6180,2557,862,347,534,81,858,881,1057,30621,90,1425,1,360,265,3,1065,144,1100,107,0,54,66,464,560,0,810
49,2652,3813,989,3951,6390,4222,1500,6424,1249,480,170,2942,6847,2339,895,689,4006,1601,2657,1269,2377,1108,3427,1497,1203,1907,1629,3087,4033,3217,1401,1507,1634,66,7514,4247,866,5009,1579,2045,4985,1180,2844,376333,2789,6812,3415,2414,1690,96,844,2998,2893,1899,1134,683,1065,1241,1203,1321,994
50,110,94,0,655,18,420,1,84,652,720,662,60,688,29,165,1,893,1027,1611,207,321,529,307,117,0,232,7,150,590,75,184,10,1,3,6372,58,0,706,398,0,938,64,35,137249,68,67,438,79,34,0,574,191,961,109,393,0,215,9,1,197,285
51,944,877,95,388,339,1014,417,1122,2724,1354,158,288,4258,1152,410,1498,4195,2475,4961,1632,3769,488,2042,810,891,121,349,1379,814,727,669,517,1404,737,4585,2006,6,1287,807,467,475,212,503,19628,2459,426,271,519,430,25,1559,3447,578,2913,367,160,980,264,621,156,818
52,6542,10199,2924,10381,4039,10490,5121,18130,5984,3440,3823,5038,11248,6001,2963,6544,2639,3668,5796,2565,4514,3490,7678,4294,3545,4329,2844,5762,6480,6177,1778,6843,2843,7132,26683,4917,1699,6436,9093,3481,6880,3750,2425,266793,6977,3725,7306,4503,5701,750,6683,13541,3166,7599,1000,4000,3812,2600,6158,1155,3296
53,5226,6362,3197,4309,3441,6473,3443,10387,2546,1669,634,2419,9739,3043,1845,6793,1924,880,2419,286,2038,2235,6461,1317,2828,2901,765,3248,3207,3328,3490,3803,2828,3568,9450,8957,2352,3161,1966,3157,6843,2484,3570,86173,3919,6203,6783,1616,2410,453,1401,8726,4392,1060,585,1354,678,2930,3436,2505,2376
54,605,624,112,677,198,1173,238,428,631,410,678,203,753,599,667,594,1256,926,2060,225,1493,194,673,572,325,144,272,501,497,426,159,1483,199,7,2066,897,178,1641,266,332,253,78,348,41725,747,30,339,35,375,150,405,1739,318,1517,109,443,465,44,188,219,383
55,780,6689,161,5439,44,0,1,0,4039,6236,0,4820,7708,2264,7,1273,33046,18335,27107,8378,34393,402,3745,2601,1,855,6120,0,5,2930,0,3975,0,3545,34281,5589,0,981,5729,3548,0,3473,86,7277,4694,0,1806,0,887,3355,0,13630,0,0,5155,1500,914,2146,0,277,1222
56,2065,4629,325,763,1011,3919,3616,6143,3626,4138,238,299,4863,1998,1760,2382,2414,1584,1886,440,3180,1223,4415,587,1725,494,2073,1903,1689,3551,2204,826,913,2977,3855,4685,1514,3704,688,1400,2463,2127,1427,45862,2026,175,359,1465,2403,1452,0,3590,0,2289,629,1943,0,1258,1545,521,1514
57,263,1,0,70,194,1739,1994,4965,2108,1437,185,424,1560,1694,881,1669,713,2374,1110,607,2394,510,707,629,714,668,49,138,1208,230,47,618,5,667,6828,2861,2065,624,97,66,35,0,316,39561,1373,102,95,1152,3,2795,209,1804,1383,70,2,551,1257,1832,314,1057,747
58,5782,7173,3146,6189,2986,6546,5087,8571,3825,2256,848,6027,8022,3192,4407,9729,2269,894,3537,518,1961,1367,7676,2187,2484,1927,1361,4908,7655,5457,3516,1569,6295,4411,14702,7685,1200,4978,4624,3342,4784,1791,4166,532701,2166,17202,3541,4329,3478,2199,904,4894,8047,5022,752,1503,1332,1689,5133,2516,2618
59,1036,0,603,715,360,835,600,946,731,796,278,1220,2837,1221,16,0,791,1558,2982,2,3014,47,1036,1,418,917,103,91,311,600,457,1472,507,480,7111,0,768,933,340,752,0,0,263,185981,863,0,0,534,28,836,1382,2733,741,4,70,0,957,1503,46,773,640
60,2998,12936,3031,7851,2832,5295,1070,10803,5731,2908,3184,4408,18389,8194,6701,3073,4915,3710,6995,2367,3978,1538,7009,4191,2943,2090,3638,4326,7814,7362,1400,4487,2046,962,26760,5773,2971,10147,5656,1366,4352,3051,1502,189982,4048,5238,7500,2487,2456,2739,1325,7268,8366,5362,1705,2378,3045,1171,3002,2979,3874
61,1950,6129,1001,3750,4340,7997,6209,12926,4367,2481,2064,3145,8205,6008,1910,35,11132,2706,12490,1011,6390,2906,4347,1791,1816,3240,1672,4907,5540,7559,628,3423,2201,2583,9879,1845,997,1597,1765,1359,3235,1967,2,279808,4038,2175,2374,2786,3112,1107,2241,5223,3008,1344,1353,4774,2609,2165,3892,421,1985
62,35,40,7,0,0,36,27,6,38,45,10,9,70,13,1,26,7700,7724,21145,743,8535,28,18,12,1,11,5,14,50,16,0,3,0,10,118,15,0,27,0,13,6,25,2,21584,3,8,0,0,2096,1,89,36,0,15,18,3,40,10,2,30,2
63,9106,10064,0,48,80,9616,10096,4,8538,13840,16,1815,17823,1751,72,5893,14380,3287,860,3209,3364,7883,3468,5029,1,2985,3,4312,16416,3267,0,5,2,2373,31772,4884,258,5041,395,2127,4360,6565,3,1504918,717,4234,2,1,1404,2,21940,12448,163,1931,6273,1083,13165,2499,1371,4881,729
64,837,1474,763,1444,1044,1457,1020,2025,512,652,119,1239,2030,724,845,2564,382,599,689,151,706,536,1068,512,312,327,507,1053,1026,1378,851,781,627,567,1619,1433,252,1072,1366,1198,1290,559,933,66312,792,2716,1176,568,420,470,163,1671,1048,975,168,366,203,518,1268,192,375
65,8968,10867,7547,6972,8211,13292,7303,21903,8254,6096,818,6641,21032,6836,4975,15445,6593,3188,8098,980,6140,6396,14819,5087,5036,2598,2388,6220,7136,10613,3781,4401,5723,5457,22820,19430,4606,19213,13268,4092,7648,8047,6851,503714,10792,17215,6149,5603,4934,3057,4840,4313,14516,9828,5249,6075,4721,6034,8639,5261,3666
66,3094,13510,2768,3541,3792,7241,6591,19048,4737,3511,2008,9605,14698,4807,3586,5215,7023,4160,8548,816,7050,3482,7766,2059,1137,3646,2428,2998,4182,6588,875,7385,5026,3229,5484,6980,2936,1964,5743,3999,4560,3694,3103,58642,6521,2416,3280,3036,2571,2428,2792,8153,1749,1305,496,1530,1577,2572,4027,1158,2772
67,1312,970,572,594,111,2182,800,4880,1763,677,45,2709,1491,946,1308,948,205,1203,313,509,1890,1175,35,3,419,358,475,1480,1311,961,1820,61,425,1220,8101,1104,767,712,104,196,0,317,0,53674,1973,0,0,1424,1617,30,2576,1863,642,639,6,773,19,132,1416,990,1001
68,8989,7632,2585,427,116,11160,4221,14023,11333,9612,5029,5526,6622,21122,243,12030,7734,7168,4394,2432,4669,957,2774,0,9345,44,3118,6443,4452,1860,5070,7147,37,3704,54678,9275,2429,11734,6776,3549,9548,3281,2286,398382,265,21876,581,3477,9718,5030,5321,9118,5977,3062,2109,3648,4231,2834,1639,2449,5658
69,497,177,254,1997,165,3245,224,746,796,264,1712,3604,912,1154,546,427,1463,2097,1897,456,2316,73,184,875,100,10,15,1290,1894,1133,42,160,506,508,18836,2241,181,2107,3485,204,93,178,387,103673,1813,401,607,322,622,49,4288,488,246,558,483,5,1948,3,2281,27,215
70,1112,4324,1000,2622,3373,6649,4161,9876,3485,2984,494,4367,6431,3466,2923,3242,2645,2102,4194,1614,4097,3095,5290,1934,1925,2517,1989,2821,3741,3145,4907,2151,3169,3326,3944,3699,2075,1555,1626,3058,3685,2230,1587,49960,3066,4174,2568,2309,1694,1662,1067,9409,1799,2531,1271,2008,1728,3045,555,1498,1676
71,18742,0,1596,3017,0,0,863,5565,3228,7205,0,0,0,1358,0,7,2442,1090,3556,1805,3491,5206,1538,1379,2462,0,1901,3898,2624,3244,0,3281,959,638,2124,613,636,1,19,0,0,659,3803,582924,0,0,1346,1256,297,1106,0,0,0,0,278,0,0,689,8,3407,2421
72,3708,6957,2884,8239,4005,3368,3637,9211,3509,2430,888,4519,9532,3667,4741,47,5515,2903,6352,673,6119,3704,5347,4043,1289,829,809,3963,7544,8126,38,1388,1181,2329,12477,2582,555,2377,2482,2431,1072,3327,1245,459151,7765,5401,2949,2236,1371,1468,1397,2888,2711,2193,1564,1226,456,3040,2127,2166,761
73,2261,14378,5252,1323,833,4911,5012,8153,9807,1237,1666,6957,10330,12777,330,4608,5128,7274,9177,1,5732,29,4367,3862,3389,6261,12808,8886,3938,2287,0,0,2,3618,43586,4575,0,4869,16579,3061,2050,0,2362,496297,11622,3092,0,2,3260,0,8722,13954,3538,550,2291,8105,735,6198,2899,0,4494
74,9240,15245,4362,950,617,10147,922,7048,5445,20880,2016,10415,14455,15492,6506,16956,8762,17516,340,7670,8210,4,9092,1613,6667,4216,4705,10305,13487,3773,1907,5685,517,0,91565,9916,2196,24981,3107,4330,13743,77,2,311897,7182,143,720,200,4091,739,7935,5273,12419,3164,36,6822,7036,7145,1326,2673,6193
75,3479,7282,1128,6278,3584,6719,4220,10016,4294,3815,1918,2096,3625,4477,2228,7356,2168,1729,4076,1144,2610,2018,5668,2418,3135,4315,702,1464,5017,2598,1502,4999,2655,2078,5042,5689,2011,1973,2575,701,4124,2482,3748,52493,5391,3321,1695,2843,1916,2727,479,3816,3793,3999,423,1909,447,2885,5027,1373,1662
76,1393,2859,51,2850,1549,4167,2093,5459,3000,2869,2598,2129,10701,2955,2021,13,8251,5558,11313,2313,9379,1684,4334,3370,2831,3873,2451,2636,663,1325,546,2505,1805,3222,18067,2533,8,5944,1053,1845,1318,3946,4316,275770,5282,3202,2170,786,629,7,3157,5072,2690,2913,1484,1324,3750,1677,2897,632,2250
77,2025,7742,1602,7964,3893,6465,3681,9251,6603,3187,6437,4233,14513,7706,3030,8331,5544,4650,12013,1979,5921,1458,9127,3380,2686,1001,2968,3909,8914,7308,1917,5911,2479,4652,40397,7759,885,11317,5186,5715,2434,1938,1487,197351,5490,7871,3279,3540,4879,1429,4473,7968,4429,11079,1651,616,3684,1667,3460,2675,2964
78,11147,6715,452,0,136,9569,3819,9645,11731,5847,366,10536,9920,9860,4143,3396,9686,5816,14957,3966,6400,4244,8506,1141,1996,3356,5,2645,22157,5246,8836,1553,5286,0,38820,7710,8750,16374,575,1502,3403,1619,5330,770368,17573,5475,3747,17,23,6955,5166,8135,3051,2145,0,2153,2013,2149,2341,2252,4945
79,17735,36,0,2,17,9256,7822,8384,8409,471,4344,19528,8894,22638,5002,8714,22214,12173,4902,4541,9922,17786,3920,3810,2817,1513,7258,13778,21130,4177,672,5146,7,0,65715,0,3,1601,6180,2470,14801,0,0,1038564,1,0,7085,184,4952,6932,9137,7068,3,753,0,4945,2569,2,0,7908,10777
80,713,0,558,0,3,5117,0,7036,4257,5,3670,831,7396,0,4,3802,24953,9951,25196,14748,38470,552,2869,10195,711,96,3380,1583,3143,3677,0,5784,569,0,40690,0,1,41,1088,0,37,2,62,79731,8094,2,0,281,1787,1,0,8652,0,0,2019,0,0,0,2308,4263,1108
81,305,13,2681,1465,558,5326,0,2107,4366,118,2834,2827,7457,3593,1387,934,6019,1809,5776,0,4534,131,2981,2081,37,2586,1072,5085,721,3046,139,40,472,624,25305,0,0,11545,4628,290,524,13,1,161553,4430,1095,503,998,2474,0,10230,705,2190,2004,0,225,2653,0,1775,25,1817
82,4434,5057,3048,597,115,10436,5680,4524,6062,331,5259,1903,9943,5309,5386,1517,2609,3267,15409,14,6166,2837,2971,10,409,0,2182,4603,8572,134,5825,351,2523,0,49445,6593,3479,7464,3646,0,6475,532,708,300052,1711,546,3,2,778,0,2729,2029,29,7109,0,1352,190,2,232,0,8842
83,2611,2460,349,2930,4088,4677,2330,8713,4505,2882,1794,2540,10225,6583,2238,41,4933,3287,9434,3432,6411,1206,5169,3444,2167,3528,1031,2805,5243,1143,786,6001,1230,1233,16534,3748,1276,1500,1070,870,1631,1176,1530,266114,7691,2766,1003,1895,1931,219,5366,4893,4434,4579,1213,903,3275,844,3731,2583,2530
84,148,4486,3119,3056,1825,6759,3171,3439,9855,783,1017,1905,4598,10520,2025,1704,4930,7236,10819,1654,5707,1531,867,1099,4382,195,0,41,13261,654,5623,432,435,0,31964,7,2290,6012,5013,179,0,1169,0,143689,2919,783,1609,0,9778,4400,12986,7193,1338,1157,1125,1251,9126,2,144,3005,2961
85,1407,3783,2231,1702,786,4487,2383,3626,3591,1710,4315,3284,4680,3628,1830,3171,3877,3939,5670,1110,3545,629,3171,1781,824,172,1211,2856,2437,1765,241,2403,1596,2594,29002,2971,641,8005,3826,1302,810,1381,1064,147616,3936,1177,2592,999,1470,489,2862,6730,4819,6333,1203,937,2952,1509,1872,779,1314
86,6652,6779,3643,1563,4292,26432,4370,17603,10117,3536,1780,986,11240,5684,1823,3,9448,3472,12665,1170,6850,1900,11594,1389,2069,3188,3264,9351,3018,12044,833,2221,2427,14388,22817,14991,2615,7733,3561,3301,3639,2933,6084,139211,5124,0,1434,4079,6614,2448,0,5851,0,3066,655,8601,0,3271,5289,1642,2671
87,3171,5668,3385,1,1007,7531,1836,607,0,1959,16,6711,994,8939,472,432,12907,13726,10395,2886,10297,25,3381,284,1,1263,268,406,5979,576,98,5956,0,368,37907,226,0,5176,902,1104,9,0,254,245010,35,8678,772,692,331,1,0,738,593,1996,1966,4559,4700,657,444,2709,45
88,13044,2874,9409,8304,4594,4746,1940,14628,5796,982,3296,5850,4732,2438,498,8837,30,7992,17391,6907,16264,438,1653,14,371,2074,1,4981,4072,2827,3551,861,4518,0,41326,13209,1665,12705,11903,2732,4655,211,1076,717354,14636,2379,614,10,2012,5005,10480,2861,8703,250,6796,2320,3513,1442,1202,2185,3246
89,177,297,227,189,295,105,0,197,294,697,346,126,270,31,238,380,2524,1337,1928,499,1801,102,185,277,274,337,366,318,118,497,15,564,236,7,4773,154,116,0,262,114,0,410,281,19480,470,100,13,0,0,377,0,2711,0,22,231,410,120,115,582,21,161
90,1033,63,39,431,14,201,9,483,509,838,197,389,752,507,68,237,4980,2054,5493,1702,4471,155,32,2129,46,914,1,1221,1550,283,16,211,307,109,23875,408,15,4903,12,210,338,26,48,346030,306,0,472,0,480,526,1120,2521,220,3590,0,192,243,6,134,147,438
91,3152,6173,212,6523,1179,6848,4779,4613,5543,3885,390,7530,9506,4659,4266,1027,15004,4295,16686,2813,12144,2655,13072,3626,2217,1764,2869,9932,6759,3465,700,5590,3331,2149,9425,5186,1444,10584,3752,1705,5098,2267,3682,440370,6910,7461,2041,5834,4942,5822,3736,4918,6216,8032,5127,1136,3954,7518,4327,2867,3781
92,4,732,103,174,0,403,553,1371,569,726,600,572,1224,219,193,116,642,1214,2275,651,1750,1,464,170,450,680,274,326,1000,121,224,152,29,436,3475,377,321,216,553,160,72,168,1152,31667,643,234,565,483,435,158,0,2036,167,0,541,97,141,100,792,398,108
93,3664,16519,1644,544,2970,12372,441,8368,6078,5990,1056,12126,6922,6431,2875,9123,6899,9531,7638,4471,8324,2164,2710,265,1928,3639,26,6121,7536,2515,4919,1035,38,5027,41218,4629,4410,4310,4654,2161,3507,2,2,145910,9092,12528,1889,4569,475,0,6775,4774,5459,33,0,3864,6628,854,1020,4359,3674
94,200,435,0,410,358,148,298,0,360,59,316,238,288,198,19,1,2493,1596,4503,1011,2765,0,1,156,255,74,657,99,7,242,0,412,171,210,13187,0,264,1060,7,81,0,0,0,14320,644,0,0,0,489,0,0,1029,0,0,971,346,637,0,51,291,0
95,2049,8306,922,5553,5788,4951,3991,10356,3623,2480,1431,2224,4849,2814,4347,6142,3057,2213,5356,915,2867,3868,6309,2349,2445,1763,1789,1867,2424,4102,1920,5887,1562,1996,3524,3415,2574,1503,2367,2435,4790,1332,4088,67063,5663,3664,1308,1323,2267,731,1094,8693,2789,2137,629,2230,1021,891,3002,2316,1840
96,8232,7448,4464,3599,3185,9464,4297,10530,12187,3440,1181,5197,8649,10250,3303,370,9073,4054,11087,3043,13033,4136,12263,2320,2887,1953,1047,12130,7079,8854,2625,5155,6144,6947,19265,7798,1428,11008,5843,4767,1097,4749,3801,215258,5919,18040,569,1212,6743,6127,2717,6215,13377,1793,4462,3951,2361,3111,5959,2301,6884
97,5097,19177,2411,9849,13713,19171,12190,36555,9820,8590,1198,8745,23047,12019,9896,6814,7310,3304,14905,1790,3603,6636,17461,6974,1785,1292,3695,8915,18341,18915,2126,10410,10481,10156,11025,15381,4631,3016,13688,8304,12313,10873,7117,371641,22424,9845,4859,6329,3176,1993,7461,19589,5295,2417,6126,5664,6940,6800,4211,4581,6178
98,354,1720,467,555,54,669,307,2756,1604,2963,86,447,619,541,557,218,2771,3188,4117,1036,3698,335,416,309,0,354,722,98,1155,1291,78,1294,1186,353,2883,710,1032,0,484,398,60,1162,223,51021,1694,273,28,0,272,1001,0,5844,158,0,1287,354,346,784,702,359,515
99,2408,5373,427,1123,624,2479,1713,9498,1631,3667,101,427,5780,2553,2828,4872,1799,1545,2752,649,2176,2294,2322,727,1608,43,969,2057,4563,2231,1824,1816,1418,3446,2111,4643,1858,345,1226,2382,853,729,1469,133879,2170,1764,207,1938,1816,679,237,2796,4049,1231,696,813,431,1792,1079,2274,1562
