,0,1,2,3,4,5,6,7,8,9,10,11,12,13,14,15,16,17,18,19,20,21,22,23,24,25,26,27,28,29,30,31,32,33,34,35,36,37,38,39,40,41,42,43,44,45,46,47,48,49,50,51,52,53,54,55,56,57,58,59
0,1645,155,515,103,404,142,252,147,411,670,1080,205,76,137,1068,108,120,122,350,153,171,171,659,59,59,28,316,36,142,118,265,3389,504,403,146,643,170,172,3827,98,68,82,311,353,158,202,4986,506,172,119,253,145,155,183,1,206,130,61,377,76
1,3408,1293,2096,724,1598,643,1212,1352,2772,3184,8202,362,175,1971,3185,638,534,295,1526,639,1765,1025,1884,490,209,154,1245,282,1272,1516,1311,24273,1515,1316,1856,1590,661,457,0,1164,500,863,1957,2884,1084,1288,15489,1790,797,790,642,2473,603,313,4752,604,930,326,1059,1319
2,2264,368,896,739,1101,690,842,119,420,2017,1394,481,27,501,1236,477,493,406,1151,434,780,693,851,417,212,46,853,635,1667,328,383,8249,1028,1163,414,523,751,226,8525,162,411,244,940,704,167,9,19388,1000,650,367,297,704,1259,546,0,329,385,0,403,475
3,8269,2831,3385,1838,3314,1168,757,1378,7219,8648,11753,1442,0,2166,7495,2094,2254,1658,3043,2801,4725,2172,5163,1587,2026,275,3500,2464,5082,5479,2615,20477,3123,3169,3380,2782,2673,1009,8965,4095,995,929,4496,1291,801,342,21452,4582,1560,2183,931,4100,1630,184,4725,1416,1801,931,2278,3161
4,18972,4518,0,277,0,48,5,1706,1988,2757,2530,0,2365,314,417,1007,2102,2307,5616,2830,7547,525,3081,0,6043,10214,0,1873,3470,6216,686,15949,335,0,0,0,0,14,0,684,1621,267,0,255,236,0,415561,3191,110,368,593,0,0,0,0,3453,14419,7577,4246,1153
5,3052,599,1041,649,783,740,1842,219,730,2624,2577,816,212,933,2509,423,375,215,429,489,554,399,1117,942,77,28,982,541,843,653,804,13732,850,1165,1022,879,436,1600,6528,726,265,440,1572,1326,1098,1174,46078,1389,457,513,269,1559,295,314,57,330,127,192,604,586
6,3235,744,2074,372,1026,894,2914,750,1835,3189,4675,796,255,1346,4517,749,295,292,667,341,881,544,2222,1122,159,90,1515,744,1083,1003,911,22203,996,2089,1318,5171,770,1586,0,1258,507,586,2122,2546,970,2130,15086,1495,516,1144,894,1848,731,887,1544,407,361,176,1113,703
7,1404,381,606,424,720,259,579,122,77,1364,1170,609,0,289,276,319,857,557,809,1084,406,368,341,158,53,45,960,192,417,260,406,13894,918,740,153,1172,382,587,6632,115,214,94,595,451,122,16,3537,733,256,212,295,481,321,417,0,104,193,43,311,387
8,1872,1096,2338,2108,1916,1111,1642,1054,1767,4629,12333,1000,0,2694,2642,929,1104,866,1250,927,2171,1421,1899,876,429,174,1455,800,1612,1950,1400,8859,2086,3784,1625,6260,800,751,0,546,756,1051,3024,2363,1033,719,14302,2408,1391,1890,1424,3051,240,3378,1317,1159,821,505,1612,2609
9,1580,894,1630,1830,1387,1190,1959,2053,1720,5276,21435,704,180,3238,3858,1109,1521,2084,3299,3234,1441,503,1824,1262,463,476,1577,533,1349,1466,3741,7910,2732,892,796,12622,0,1251,0,1016,1788,1992,2511,1450,599,1091,11263,1793,2233,1951,1735,2992,1322,711,8728,1650,425,602,1900,1585
10,3442,835,2051,875,1683,1230,3893,782,1491,4663,5946,862,174,822,3573,475,314,243,739,402,723,546,1798,1362,128,79,1714,449,798,1023,932,21526,1335,1803,958,7007,944,1059,0,1090,663,979,2934,2512,988,2445,18982,1694,510,991,910,2168,470,807,1317,322,313,247,949,825
11,855,118,508,32,217,228,106,56,269,678,1051,65,0,93,473,79,227,120,333,161,212,242,625,18,106,35,174,200,207,99,216,3101,400,183,128,393,259,68,0,186,132,78,187,37,82,47,6857,559,202,119,257,209,201,69,1400,137,118,3,302,123
12,1665,304,596,196,370,142,410,181,403,1189,2004,109,21,190,790,239,239,188,441,218,263,364,285,145,86,33,372,72,301,233,651,2169,310,139,107,1498,324,142,0,167,121,286,628,445,177,120,19144,963,368,268,176,300,257,102,1238,141,96,80,320,151
13,5107,2220,1,160,0,0,91,701,1691,150,551,0,1738,25,1241,379,604,476,1736,701,2514,356,1492,0,1488,2913,3,2424,3084,1135,512,1752,486,0,0,0,0,0,0,661,630,520,0,9,0,0,109354,95,269,20,1042,19,0,0,0,1156,3109,4521,882,347
14,24662,9487,1,131,0,302,0,2857,5065,2698,3932,0,12455,206,1439,1262,5610,3286,4280,4400,8814,549,2633,0,13566,11783,0,4297,4430,2882,561,12146,1217,0,0,0,0,0,0,889,4733,2260,0,3,298,0,504528,1955,1232,590,17,409,0,0,0,3978,26152,13247,3679,1386
15,7034,2719,1,535,0,266,0,1169,1029,2326,1462,0,4258,0,411,287,4140,3405,4919,7101,9132,1742,829,0,5260,2369,0,1906,5316,2594,712,11228,173,437,0,0,0,11,0,0,1008,539,1,457,0,0,428976,3837,94,880,2,1,0,0,0,1970,25882,5332,1095,887
16,6523,1709,2921,1155,3030,1939,4295,1875,4647,7301,14878,500,274,3826,6010,1159,1309,1389,2548,1404,2997,1464,2842,2728,1224,199,2222,1115,4166,2721,4091,16351,3171,1812,2204,8769,1271,1552,1,1957,1752,1961,4560,4353,2085,1321,19296,2922,2756,2305,1791,6408,1332,1111,5100,2701,1872,163,2813,3619
17,2836,1050,2411,973,1286,626,889,788,903,1332,2356,1283,0,601,2025,249,693,641,1321,677,628,1115,1381,1044,295,30,1255,388,1569,329,342,17306,888,1084,1004,793,1597,1190,11215,292,314,309,1864,1480,387,0,126729,1383,820,462,763,1244,968,409,0,408,686,88,619,879
18,2186,457,2466,155,1209,1027,1137,1075,898,1847,2817,1125,58,746,1986,383,743,301,1440,604,531,479,3242,1178,95,2,1709,849,2014,669,1018,20157,1538,886,2330,795,728,1242,22547,1427,252,859,1831,1260,1021,275,104738,1777,720,641,658,2964,577,433,0,408,185,49,811,501
19,1713,1316,4146,4245,4016,2269,2032,270,2284,5237,13469,0,138,4640,4593,1568,2735,1837,2781,3829,1491,1297,2135,2659,1086,125,2933,612,1581,1874,3196,5312,2608,175,1524,3045,1144,350,14318,2286,1570,1093,4148,3612,2327,358,18425,1110,947,2270,1017,5065,1332,312,0,2813,619,56,1428,3298
20,1198,150,1741,142,1114,962,2044,513,250,1717,2564,599,0,512,2087,787,2233,1410,2667,2091,390,554,661,517,81,32,545,127,646,97,440,35757,313,3096,759,3746,491,1122,0,381,409,620,1448,763,1005,435,7886,230,141,73,661,1083,399,1685,972,124,503,11,614,964
21,1424,383,972,343,888,266,455,313,317,1526,919,268,28,523,853,301,316,224,489,461,337,662,1381,399,74,45,489,355,994,482,501,8665,368,1074,719,402,307,286,8116,489,239,222,662,505,264,98,126354,696,219,312,323,731,459,282,0,267,260,1,477,423
22,893,108,504,88,241,99,131,175,467,906,1067,142,0,201,578,330,201,180,265,169,154,280,580,28,39,4,124,70,118,93,164,2342,462,220,344,438,200,184,0,182,120,98,268,261,70,119,4002,894,201,321,112,265,178,22,942,135,136,75,332,134
23,10355,3118,0,0,0,9,0,2133,890,2131,1992,0,5464,0,979,669,7000,5138,7818,8595,8071,1,0,0,4664,762,0,2095,3222,1422,2745,20227,111,830,125,0,0,0,0,712,827,0,0,0,0,0,466016,2187,103,611,1,501,0,0,0,2603,18732,2188,3453,322
24,23594,7286,0,2,0,582,9,1463,3115,1135,1678,0,5034,243,11,1070,10168,4176,7806,8686,7179,0,252,0,8393,2885,0,4361,7231,5152,1368,23779,0,826,0,0,1,0,0,508,970,363,0,0,0,0,416776,3452,0,596,1,0,0,0,0,2521,29019,12691,3972,2186
25,968,315,424,305,624,411,986,316,793,1444,1884,249,27,286,781,122,163,77,410,220,331,275,524,381,73,45,302,210,425,274,604,10341,455,550,255,1472,145,487,0,226,119,139,506,1038,425,368,3682,611,244,312,285,742,387,187,983,155,134,35,174,352
26,3187,595,1486,363,1453,728,2261,704,1685,2562,3997,717,194,1221,3953,626,163,291,404,285,1100,602,1849,897,86,17,624,392,972,925,859,18489,1077,987,833,2769,472,1473,78,606,359,374,1487,1854,1100,1134,40573,1007,478,644,790,1644,393,525,4186,517,211,115,724,1068
27,1825,552,1567,240,352,273,506,228,919,1367,2083,228,43,383,1431,218,299,207,519,273,148,361,744,146,139,22,643,230,682,279,841,4924,672,271,254,1112,610,289,4710,336,105,505,743,499,214,438,1655,444,361,469,245,747,209,259,0,188,78,6,634,308
28,1045,332,1067,36,0,338,30,168,470,849,1160,48,0,29,661,271,84,77,155,88,222,134,1091,0,193,26,17,1144,916,418,331,1062,537,955,346,100,0,0,5,204,241,121,0,58,96,63,90982,2107,106,400,238,962,36,272,0,190,965,249,798,140
29,5517,2031,4344,3769,4680,1701,4101,2202,3345,8524,15689,1803,203,3991,7194,1262,1462,1320,1225,1148,2733,2257,2975,3368,745,95,4956,1545,4143,3602,3155,17776,4994,1407,2158,8605,1235,1752,41434,2247,1176,1152,6949,6643,1289,1656,22442,4773,2390,2229,2685,7001,841,1801,0,1711,1368,85,2544,4291
30,1678,177,809,410,751,387,317,165,547,1396,1431,315,0,195,874,271,309,155,320,308,231,436,568,85,98,43,362,257,389,219,547,3398,598,626,571,737,465,187,5597,310,218,102,499,653,235,123,11885,1470,240,309,276,423,311,129,0,208,209,32,533,186
31,6450,1615,314,6,0,54,5,1032,2019,1148,81,0,9668,60,4689,319,1471,900,2268,995,6998,648,3621,0,2753,5860,0,1694,3692,1478,1515,2930,211,0,0,0,0,0,0,1298,1235,445,0,0,1,0,213349,318,738,545,1557,0,0,0,0,1559,4175,3193,726,466
32,1224,240,496,286,286,219,276,198,604,852,1675,241,21,369,1174,244,197,126,266,113,178,133,467,123,59,65,682,38,135,134,609,3594,261,182,139,975,417,115,595,324,123,318,527,269,122,60,2222,598,253,121,314,414,106,57,109,222,21,23,394,105
33,2171,1152,95,8,0,79,135,1051,1901,397,372,0,2698,0,5531,422,395,409,910,556,4113,277,1476,0,2357,2496,0,1495,1876,1390,297,5696,249,0,0,0,0,0,0,610,1082,160,0,0,105,0,162320,168,677,127,900,0,0,0,0,1983,2989,1506,1028,351
34,2223,443,706,420,337,357,315,298,776,1223,2722,176,127,286,978,311,154,130,205,84,214,240,560,132,44,34,465,64,157,168,544,5875,487,186,287,1626,232,225,0,367,185,407,741,554,134,262,5504,860,234,357,435,296,273,147,2265,212,193,123,689,178
35,18200,3338,1487,2,0,0,0,2261,7121,3455,391,0,3926,479,40550,1852,4066,2322,5509,2575,15402,1098,5790,0,2975,12678,0,5836,6336,7663,845,3395,1528,0,0,0,0,0,0,6550,4169,1426,0,0,376,0,53326,2534,1631,515,4383,0,981,0,0,3711,4882,1082,1048,2924
36,5125,1404,6408,941,4221,1333,1080,722,2474,8441,7646,1539,0,1363,4256,975,4836,2423,4388,2907,1579,2452,3972,1426,522,758,2875,5090,2988,1393,1947,26043,895,6117,1662,3837,4342,362,0,1553,1163,1267,3772,1285,708,348,45900,2437,1713,1855,571,2177,974,3130,2141,1338,1638,117,2071,1571
37,2302,303,1030,423,551,502,824,535,658,1657,1525,453,232,490,3064,242,255,159,549,271,270,427,1462,330,130,40,1212,208,511,402,855,5494,890,889,413,1252,691,525,7959,482,117,593,1434,1134,492,311,18923,955,242,407,481,951,173,307,0,237,201,37,688,261
38,2687,1603,3483,1417,2368,1440,1092,1101,2772,5021,5078,304,1,1431,3409,780,1132,987,1722,975,1722,1158,2774,1448,842,181,2308,797,979,2262,1384,8626,2005,2217,675,2173,1748,423,13645,1222,810,798,2196,2053,268,206,13881,2243,1425,1100,764,3070,1655,1460,0,1043,542,0,2093,3540
39,1489,763,1324,1421,1115,401,1063,484,803,2538,1898,916,178,196,3360,335,1985,1802,3292,2304,407,341,822,760,84,245,1500,33,686,736,1189,6016,1091,4879,1249,3795,866,1805,7933,529,334,508,1783,1638,1046,276,9982,1024,705,720,835,1455,297,4394,0,186,349,130,943,886
40,5733,1817,1,31,0,6,98,1384,2148,232,1336,0,3565,0,1165,571,565,460,774,573,2077,248,1958,0,3820,3889,0,1833,2109,1896,0,3296,287,0,0,0,0,0,0,309,751,203,0,118,143,0,176808,598,286,103,725,24,0,0,0,1405,4649,2531,1021,534
41,22956,3721,0,20,0,285,464,1094,4124,1729,3295,0,1779,0,272,588,2935,2052,4952,3949,5588,667,2083,0,1990,1852,0,4012,8132,3470,444,9045,86,662,0,0,1,0,0,906,766,338,0,233,0,0,286136,2123,544,1878,240,10,0,0,0,3351,13502,2364,1681,2163
42,656,197,653,6,328,379,34,188,107,1028,997,86,0,160,212,167,345,169,825,449,300,450,323,0,75,32,11,881,828,542,146,2885,180,2200,281,273,63,3,0,78,125,21,178,87,167,54,153031,601,60,392,17,1127,239,782,0,111,170,83,349,321
43,10311,2502,4603,3225,0,1493,0,3508,11514,3104,836,0,15902,0,60412,3764,7059,2988,13442,7749,30846,3954,4309,0,5692,4573,0,4509,23397,9161,4996,25717,1850,6,0,0,0,0,0,8533,5569,0,0,999,9,0,742629,536,129,3351,6433,0,0,0,0,6011,4617,1754,5938,4218
44,4478,1372,0,2,0,16,0,370,693,551,619,0,2111,13,265,229,310,234,491,463,1438,93,546,0,1751,1374,0,1009,1122,474,155,3461,132,46,0,0,0,5,0,237,243,78,0,6,0,0,107487,623,461,107,375,0,0,0,0,601,4758,2767,471,192
45,8205,5105,975,0,0,107,0,2615,1681,842,189,0,2095,152,0,633,4662,3237,6847,4556,9361,755,774,0,8015,2347,0,1214,5557,1600,0,17106,0,786,714,0,0,0,0,1071,644,0,0,0,0,0,421981,1351,13,1783,1430,1063,0,0,0,937,15074,1094,815,2690
46,1029,292,809,258,411,310,478,226,684,1111,1890,342,118,438,1281,232,215,138,297,169,274,363,1097,108,21,31,370,236,397,330,577,4865,518,232,419,1453,132,282,0,312,137,196,801,1049,309,470,11636,721,280,403,349,640,186,112,315,97,121,40,408,237
47,2233,785,1698,734,2509,891,397,619,1496,2198,1447,424,3,351,658,384,838,380,841,511,1303,830,2015,80,167,1,623,1037,1659,733,353,10903,465,1665,484,217,612,174,12201,879,290,277,910,561,383,0,5303,1119,496,673,430,1756,500,513,37,528,893,293,702,661
48,476,108,336,240,190,225,306,139,345,591,978,119,9,199,474,129,122,84,66,104,126,93,407,133,49,9,218,141,208,154,213,1915,139,224,142,1324,133,220,11,128,106,214,389,387,240,374,2268,398,233,149,122,292,49,77,120,94,87,46,268,116
49,414,141,191,27,246,92,102,86,123,454,436,71,4,146,153,82,88,31,141,73,100,264,175,5,45,5,49,157,228,120,145,1635,206,407,112,179,40,51,0,74,27,37,122,156,215,54,855,200,99,90,97,312,124,90,395,81,26,17,193,87
50,5603,1449,2692,2118,5107,1860,3600,1397,3364,5832,11095,1071,487,4398,8540,658,1840,1247,2530,1460,1789,1893,1543,2915,804,319,3446,981,2211,1988,1991,24340,3264,1007,1414,4508,1557,712,17305,2278,1204,1570,3416,2557,1900,1813,10268,2185,776,1956,2039,4282,1121,652,118,1447,1201,250,1811,3062
51,4299,3722,159,499,0,141,0,1602,4363,1174,2114,0,5678,0,5299,696,1894,980,2254,1723,7655,474,2575,0,3229,6112,0,2543,2833,7630,499,1155,1397,0,0,0,0,0,0,1385,2759,226,0,1,0,0,42629,202,698,1088,3675,123,0,0,0,2919,5870,5874,1879,526
52,1692,590,1014,549,985,589,1910,507,1058,2700,3052,797,200,527,3058,855,179,493,618,435,453,467,1331,1857,333,97,1441,820,2012,564,856,18489,941,1797,797,1191,535,1588,9239,300,397,312,1694,2010,868,749,35163,990,584,542,647,1615,353,933,0,411,176,51,749,560
53,240,73,305,116,107,96,242,77,205,410,674,94,30,104,489,64,81,62,84,88,85,86,235,81,10,13,173,77,141,146,118,1768,216,140,93,361,44,114,1463,138,55,58,281,261,111,113,5576,215,128,122,100,205,175,82,0,60,61,13,151,75
54,5477,2046,402,4,0,0,64,1005,2856,547,372,0,2728,0,2127,237,1433,768,2610,1019,5870,613,1631,0,1273,4680,0,2310,4206,2561,327,958,472,0,0,0,0,0,0,624,836,54,0,96,0,0,113493,165,437,534,1390,5,0,0,0,1711,5339,1565,267,483
55,425,213,246,207,243,189,190,144,248,537,696,149,32,192,511,56,83,85,114,76,113,108,324,126,26,8,212,63,181,109,163,1458,367,168,203,459,160,150,2005,168,43,135,322,271,160,229,1800,189,200,156,95,246,106,93,0,71,36,18,161,83
56,4673,1216,1706,996,1664,425,1971,1336,2511,5197,9067,109,56,1439,4312,1619,2449,1662,2922,2635,1147,1106,1015,765,138,351,479,2254,1108,1781,2418,15115,1616,959,1448,2373,689,460,0,1610,1196,530,2926,1117,498,157,19262,1593,1056,897,696,1989,277,1282,5814,1803,980,521,1599,1959
57,1624,229,1717,255,1154,530,1304,731,1001,2088,1717,1648,66,747,1630,504,807,376,1242,484,356,950,1699,241,149,74,499,761,2223,955,723,19937,1789,1399,856,1359,625,966,1,592,212,254,885,1608,634,702,133549,1184,417,586,173,1727,318,6,247,283,323,457,1027,569
58,8163,3882,0,33,0,63,71,1220,4010,449,2363,0,2610,171,573,534,1261,533,2078,969,5961,543,2200,0,7193,8027,0,1688,2357,866,482,4164,814,0,2,0,0,0,0,612,713,278,0,95,0,0,204899,1050,638,218,1066,0,0,0,0,1130,9886,6357,1571,601
59,3112,831,1342,657,1075,443,2616,506,1319,2266,4536,1114,306,1157,3694,404,248,361,768,357,670,692,2157,1209,226,42,1086,761,1269,709,1385,17903,896,834,1077,2885,321,1438,0,592,396,478,2156,2928,658,986,18642,1749,684,1033,623,1945,861,474,2108,332,613,480,1029,822
60,12301,5410,0,77,0,325,26,3263,5374,2255,2498,0,6742,0,1290,2182,4043,2420,6785,3645,8551,682,2065,0,5249,6837,0,3286,6248,5424,0,6300,1,0,0,0,0,0,0,819,1227,406,1,1,0,0,384529,3710,1852,1118,839,0,0,0,0,4390,25787,5505,4449,2028
61,9321,4278,0,129,0,91,131,527,1089,817,1474,0,1956,0,532,624,1514,743,2040,1165,3667,0,897,0,6803,4303,0,1056,2402,1639,125,4769,642,0,0,0,0,0,0,412,371,312,0,0,0,0,133128,794,1042,266,625,102,0,0,0,2123,8833,2920,1687,526
62,906,308,337,190,398,568,1062,350,260,526,1096,267,14,316,1435,253,753,375,1022,728,144,311,382,857,26,9,648,244,558,318,350,9880,310,1048,613,747,256,883,8295,281,168,282,614,370,773,212,31556,2025,205,202,8,554,186,890,0,249,14,140,302,195
63,2893,654,655,952,2436,772,1900,528,1497,5777,10568,202,693,2437,4554,1332,1599,2047,3471,3167,2104,1149,572,1924,152,122,1205,271,919,1775,2369,45153,1687,2204,1632,4540,1176,1375,0,1331,1269,1095,3431,1790,1018,2520,14849,2968,812,1786,1473,2493,856,2204,4556,905,901,295,1761,2567
64,979,230,411,91,286,147,200,128,256,576,625,281,9,254,266,70,108,72,102,62,130,227,406,20,65,20,116,213,365,175,96,2473,273,301,204,281,252,61,0,258,75,187,413,420,96,152,27526,384,125,127,142,374,80,75,212,47,117,54,295,149
65,6910,1838,362,108,0,199,41,838,2482,263,206,0,631,0,4896,525,1511,573,2502,970,4183,346,2375,0,902,706,0,1393,3479,1275,1184,2382,111,0,0,0,0,0,0,1129,735,410,0,0,25,0,129017,583,434,173,694,0,110,0,0,355,3003,344,382,354
66,19299,12003,2423,138,15,2551,1400,4359,5644,1085,352,0,12648,0,27929,1913,5433,3005,4736,3772,23157,1276,7368,0,732,2795,0,5091,13547,6898,3855,22496,1351,0,0,0,0,0,0,2851,2016,2216,0,0,0,0,535248,219,625,1178,1796,0,0,0,0,2908,9743,4869,2925,1954
67,750,99,189,164,156,142,400,159,269,499,671,146,18,143,788,97,89,76,87,63,59,32,327,162,27,37,258,83,124,92,233,2757,162,119,35,284,220,122,1735,99,54,140,295,310,63,157,3480,210,94,141,154,237,159,134,0,56,59,42,191,97
68,1339,166,501,77,136,257,370,301,564,580,1090,266,130,191,799,130,151,109,265,118,151,271,570,82,37,42,201,139,413,284,288,3334,172,211,146,654,142,188,13,238,43,166,711,470,77,189,19262,454,291,175,171,385,78,61,1224,115,222,113,291,192
69,523,100,297,63,361,193,224,185,265,508,526,169,34,256,293,72,118,96,157,140,75,182,521,35,94,11,108,161,448,141,64,3298,373,382,350,179,196,68,0,102,68,71,292,328,72,224,17219,380,143,107,225,468,213,56,134,79,89,14,249,146
70,7185,3252,259,92,0,9,54,1840,3632,1251,1107,0,798,40,10624,425,651,576,1773,779,6067,737,2629,0,1434,3897,0,3887,4913,4716,1520,6534,410,0,0,0,0,0,0,909,1309,552,0,3,242,0,284435,137,1186,782,2949,0,24,0,0,1319,3252,2475,2121,374
71,1974,3427,2,151,0,160,0,940,844,234,738,0,2768,121,169,379,1004,574,1434,1319,3296,128,575,0,3010,2615,0,662,1209,2671,1,2724,166,0,0,0,0,0,0,496,157,201,0,5,0,0,83164,1319,417,253,242,21,0,0,0,584,3977,4154,700,510
72,1152,179,544,139,228,270,452,166,315,534,1487,155,56,184,1325,129,59,57,129,101,143,135,520,114,47,16,283,246,438,149,251,3130,464,247,165,1923,205,335,0,196,88,244,744,389,204,502,25285,489,241,210,176,375,226,97,669,88,102,66,302,129
73,3962,1230,2578,297,1740,1226,3181,836,2093,3557,5633,1146,254,2126,7320,728,463,238,797,459,866,739,3050,1646,148,48,1499,1106,2697,1097,1696,30360,1618,1524,1313,3674,1121,2607,129,1484,387,774,2808,2585,2063,3331,21263,2452,725,1020,768,3182,1022,298,3352,479,966,176,1030,1154
74,17210,2969,1,56,0,507,52,2307,8382,2323,1462,0,11378,0,9310,1160,4565,1599,4530,3383,9178,379,6070,0,13217,12786,0,5562,7000,6296,1493,11842,686,0,0,0,0,0,0,1413,4914,2743,0,61,0,0,587473,16,913,1081,1961,104,0,0,0,5379,7208,10155,1511,2620
75,547,414,230,286,537,404,820,205,422,886,1374,609,0,645,1195,458,556,441,558,661,388,600,649,159,42,4,341,489,597,499,391,23522,159,2421,783,1076,191,1156,0,434,92,251,673,711,183,388,4879,848,352,401,79,215,102,1539,1152,102,279,0,348,290
76,511,117,421,56,131,92,217,100,162,357,612,94,26,172,442,56,122,38,95,77,80,90,284,44,21,4,81,161,250,161,171,1587,177,219,130,404,129,208,10,88,44,65,211,337,98,96,23007,331,64,95,92,304,81,54,233,52,37,46,145,116
77,490,119,331,118,131,124,340,119,274,331,787,106,28,223,603,64,66,40,86,64,83,101,251,68,10,7,273,113,194,138,224,1743,186,156,152,611,127,175,0,163,49,56,390,388,175,322,10237,319,176,87,122,306,163,70,144,20,46,15,165,89
78,4542,1712,3957,2040,2447,1854,6686,2539,5316,7612,8964,1805,96,2638,7297,836,669,491,1179,1148,1970,1283,3926,2503,270,280,3408,1977,4765,2827,2355,39718,2192,3107,1479,9288,1772,2548,0,2055,757,1325,4140,5497,4418,3406,33579,4019,1293,1641,1589,4839,1320,2556,1350,616,1407,714,1836,1883
79,5054,686,1815,850,1422,1101,2616,1120,1690,5500,6343,540,106,1917,9176,812,949,748,1295,1637,1113,981,2491,3901,483,204,3860,688,1157,1352,1512,45974,1089,2092,1846,3951,1078,1535,764,1052,1284,1517,3226,1850,702,2236,33983,2821,1162,994,1026,2614,302,262,2670,1521,123,219,1062,1011
80,10352,1987,6372,5046,7541,3269,3577,2387,3620,15171,12215,3821,19,5413,14992,1244,4860,3863,5457,4260,4818,2987,4541,3498,471,261,8437,1826,4752,2560,6246,62632,3506,4235,7260,7737,3127,1566,44422,1149,2048,831,9829,7108,3534,3139,45605,3879,1078,2661,1182,5609,3326,3126,0,1988,629,974,3041,4231
81,3716,592,3110,1238,2639,1606,3098,1058,1882,4110,6182,1076,265,1633,4651,629,676,261,892,246,1386,1574,2542,930,248,116,1635,1545,3798,1002,1774,22514,1454,2205,2386,3399,829,1418,0,989,578,696,2575,2834,1882,1756,82326,1834,927,1115,1712,3999,913,631,1259,514,551,502,1512,1041
82,256,56,213,143,108,125,121,56,149,171,280,108,0,67,154,49,82,54,164,84,84,106,205,52,14,8,129,97,197,78,93,1294,151,213,90,57,144,22,1198,72,46,20,100,211,46,62,17829,199,141,123,69,200,139,52,0,24,17,9,58,52
83,319,32,239,59,122,117,190,86,199,494,351,188,36,88,521,72,77,83,130,90,22,56,282,189,15,2,229,73,146,207,106,2624,170,280,82,335,91,293,1364,99,12,63,230,151,193,247,1118,136,49,64,91,260,76,94,0,37,27,17,186,93
84,8839,3448,255,318,0,1,75,2070,5442,1292,1436,0,9320,2,12132,1299,3317,1689,4110,1719,6462,1097,2834,0,1599,5778,0,3970,11307,4643,1572,3814,753,0,0,0,0,0,0,1492,3800,16,0,0,6,7,501161,180,3,1159,2982,0,0,0,0,5454,8529,2401,1228,1725
85,480,61,403,162,137,109,287,88,348,611,695,96,37,146,711,62,68,49,87,59,105,174,296,98,58,15,182,41,214,71,148,2676,181,215,165,586,134,169,24,157,45,119,319,488,191,167,3480,295,120,131,197,344,126,62,197,33,108,49,238,139
86,13394,4865,55,480,0,11,166,3344,7213,1843,2472,0,9585,238,6806,980,2774,1688,2245,3339,9925,454,4181,0,7416,9711,0,5069,6141,4917,1515,6497,1098,0,0,0,0,0,0,1222,4548,618,0,0,0,0,499719,375,835,1156,2230,0,0,0,0,5822,9800,11569,2876,1161
87,886,40,603,12,13,208,80,114,560,563,596,149,0,0,808,99,127,39,232,117,103,92,381,18,106,8,8,312,281,110,122,788,305,258,155,301,356,0,17,84,60,11,41,71,45,70,17598,403,110,145,212,434,72,134,19,77,101,0,172,63
88,4246,1954,125,99,0,10,140,601,1965,845,342,0,2179,0,6628,349,1774,940,1170,1278,4403,261,3177,0,1081,1623,0,2136,3651,2852,1521,3754,448,0,0,0,0,0,0,1140,1922,728,0,1,0,0,254831,53,707,544,634,0,1,0,0,1251,2868,1057,915,365
89,4024,2004,222,2,0,128,35,649,1128,390,941,0,600,65,1964,610,230,419,620,516,1952,252,1233,0,1581,1563,0,1424,1668,764,1003,6188,396,0,0,0,0,0,0,342,670,90,0,12,39,0,203598,146,663,228,178,0,45,0,0,353,1428,1751,396,419
90,442,149,161,95,126,126,234,98,216,402,708,96,61,190,439,54,66,37,100,65,135,110,173,86,17,21,166,112,185,106,89,2088,174,173,124,529,183,97,0,106,54,124,251,274,110,115,2298,289,69,116,93,266,96,90,602,33,68,39,171,101
91,432,83,201,144,185,115,248,67,242,402,913,64,28,130,378,75,33,37,94,33,88,68,256,80,25,2,190,100,133,126,249,2267,211,192,122,671,136,182,522,147,52,90,254,238,87,144,5221,369,158,123,140,268,182,89,259,61,114,32,267,86
92,13663,4162,0,373,0,8,210,3069,5238,2684,2608,0,13265,292,6012,1513,1027,1556,4692,2364,10327,1300,5252,0,11668,10894,0,6769,7586,5243,859,9284,1019,4,0,0,0,0,0,2659,3215,2760,0,39,260,0,387050,82,1284,409,2470,1,0,0,0,4620,8825,9651,4555,1778
93,428,125,240,108,160,136,340,174,403,386,892,78,19,84,576,62,74,82,132,83,71,145,265,72,41,12,166,120,247,105,309,2381,102,181,158,402,169,157,0,157,59,68,289,146,21,105,18646,399,132,130,194,208,85,42,966,61,104,16,175,97
94,570,100,238,60,150,105,242,153,368,338,552,97,4,134,441,74,86,55,133,72,123,201,313,87,16,9,73,137,364,135,165,948,198,237,110,379,46,131,0,159,55,29,149,266,113,68,4698,185,124,63,58,137,61,56,624,38,113,30,170,142
95,2206,800,1503,305,1703,874,1501,964,804,2039,2394,994,121,803,1860,594,981,353,1255,670,417,914,1489,116,157,35,646,777,1228,706,535,12853,1444,4165,1266,1495,1076,591,0,590,385,528,1614,1540,709,47,29569,1337,500,855,488,2046,931,132,1183,599,726,245,914,839
96,680,180,489,142,247,172,256,91,258,594,825,166,0,233,467,107,163,138,185,73,181,173,400,28,16,10,100,272,426,125,96,2476,317,523,220,175,103,95,4552,121,80,76,251,337,177,36,22188,621,142,188,112,307,130,210,0,122,69,10,344,103
97,4137,1177,1585,870,1444,1011,1339,1021,1149,2219,1370,1565,80,945,2045,249,421,220,635,515,1082,1128,1721,498,94,77,883,800,2601,821,1024,11009,1423,2141,673,284,966,628,16956,1370,388,398,1728,1835,628,308,97129,1763,470,594,670,1727,480,609,0,852,477,132,851,574
98,4902,1373,1605,1205,1984,1308,1533,737,2143,2588,3123,817,60,1338,2992,602,629,389,852,336,1022,1117,1517,1133,250,159,1146,474,2423,1234,1737,9235,1178,1327,2072,1448,1229,1618,10208,1079,433,1097,2219,1730,289,316,7901,1787,994,460,841,1311,491,276,0,491,754,98,1355,1176
99,1054,156,839,258,582,638,783,673,185,2015,2012,430,0,507,1076,239,514,350,621,653,538,438,878,992,27,150,132,376,967,81,409,3066,557,1575,558,1435,342,595,15,142,341,0,626,974,339,4,24795,1730,238,311,85,1299,815,745,882,330,166,45,306,524
100,7114,1581,0,22,0,47,42,324,643,647,986,0,487,0,147,402,835,602,1551,782,1230,114,578,0,552,654,0,793,1522,871,461,2917,89,100,78,0,0,0,0,120,129,3,0,40,0,0,57906,862,311,335,66,0,0,0,0,566,4931,1058,791,149
101,4847,1672,0,92,0,0,52,647,1419,822,894,0,3138,59,439,310,677,430,850,1134,2825,56,1774,0,2695,2334,88,1415,1296,501,165,2631,171,0,0,0,0,0,0,435,989,274,0,1,20,0,126557,122,197,155,328,44,0,0,0,2046,2780,2996,996,249
102,907,151,404,127,324,204,365,104,309,714,863,205,24,160,440,96,96,96,201,79,201,95,358,44,59,23,212,215,560,148,273,2938,245,326,185,945,200,237,0,112,120,104,430,401,277,185,28837,492,135,212,147,158,201,106,216,72,45,24,364,102
103,607,123,216,50,129,168,155,77,235,527,664,119,0,81,138,151,63,91,181,72,108,141,238,10,21,5,132,172,243,82,129,2210,329,171,105,303,233,113,0,46,49,49,158,116,31,4,13534,344,104,141,185,153,147,52,320,48,84,49,188,74
104,446,85,350,92,161,59,259,57,248,531,874,135,31,118,342,80,63,66,176,95,68,172,273,22,26,7,99,54,148,33,149,2935,259,245,74,724,93,94,0,48,43,52,390,145,156,216,2018,193,103,122,66,93,181,100,48,47,120,31,160,80
105,6956,1263,3085,1247,2758,1518,3659,823,2363,4470,4560,1776,252,1665,4887,707,525,446,791,647,946,1293,3231,812,298,89,1945,718,2049,1798,2088,25787,2315,2138,1296,6284,1467,1479,0,1922,825,1518,3531,3887,1446,1875,22285,2727,1245,1214,1362,2687,1238,1169,1464,445,646,222,1694,1036
